<?xml version="1.0" encoding="UTF-8"?>

<Encounter xmlns="http://hl7.org/fhir">
  <id value="encounter-example"/>
  <meta>
    <profile value="https://nphcda.gov.ng/immunizationIG/StructureDefinition/ng-imm-encounter"/>
  </meta>
  <text>
    <status value="generated"/><div xmlns="http://www.w3.org/1999/xhtml"><p class="res-header-id"><b>Generated Narrative: Encounter encounter-example</b></p><a name="encounter-example"> </a><a name="hcencounter-example"> </a><div style="display: inline-block; background-color: #d9e0e7; padding: 6px; margin: 4px; border: 1px solid #8da1b4; border-radius: 5px; line-height: 60%"><p style="margin-bottom: 0px"/><p style="margin-bottom: 0px">Profile: <a href="StructureDefinition-ng-imm-encounter.html">NG-Imm Encounter</a></p></div><p><b>status</b>: completed</p><p><b>class</b>: <a href="http://terminology.hl7.org/6.4.0/CodeSystem-v3-ActCode.html#v3-ActCode-HH">ActCode HH</a>: home health</p><p><b>subject</b>: <code>NgImmPatient/patient-example</code></p><h3>Participants</h3><table class="grid"><tr><td style="display: none">-</td><td><b>Individual</b></td></tr><tr><td style="display: none">*</td><td><code>NgImmPractitioner/practitioner-example</code></td></tr></table><h3>Locations</h3><table class="grid"><tr><td style="display: none">-</td><td><b>Location</b></td></tr><tr><td style="display: none">*</td><td><a href="Location-location-example.html">Location Kofar Dukayuwa PHC</a></td></tr></table><p><b>serviceProvider</b>: <code>NgImmOrganization/organization-example</code></p></div>
  </text>
  <status value="completed"/>
  <class>
    <system value="http://terminology.hl7.org/CodeSystem/v3-ActCode"/>
    <code value="HH"/>
  </class>
  <subject>
    <reference value="NgImmPatient/patient-example"/>
  </subject>
  <participant>
    <individual>
      <reference value="NgImmPractitioner/practitioner-example"/>
    </individual>
  </participant>
  <location>
    <location>
      <reference value="Location/location-example"/>
    </location>
  </location>
  <serviceProvider>
    <reference value="NgImmOrganization/organization-example"/>
  </serviceProvider>
</Encounter>