<?xml version="1.0" encoding="UTF-8"?><CodeSystem xmlns="http://hl7.org/fhir"><id value="nigeria-facility-type"/><text><status value="generated"/><div xmlns="http://www.w3.org/1999/xhtml"><p class="res-header-id"><b>Generated Narrative: CodeSystem nigeria-facility-type</b></p><a name="nigeria-facility-type"> </a><a name="hcnigeria-facility-type"> </a><p>This  code system <code>http://nphcda.gov.ng/ig/fhir/CodeSystem/ng-facility-typeCS</code> defines the following codes in a Is-A hierarchy:</p><table class="codes"><tr><td style="white-space:nowrap"><b>Code</b></td><td><b>Display</b></td><td><b>Definition</b></td></tr><tr><td style="white-space:nowrap">private-clinic<a name="nigeria-facility-type-private-clinic"> </a></td><td>Private Clinic</td><td>The Health facility is a primary health facility owned by the private sector</td></tr><tr><td style="white-space:nowrap">private-hospital<a name="nigeria-facility-type-private-hospital"> </a></td><td>Private Hospital</td><td>The Health facility is a Secondary health facility owned by the private sector</td></tr><tr><td style="white-space:nowrap">public-health-post<a name="nigeria-facility-type-public-health-post"> </a></td><td>Public Health Post</td><td>The Health facility is a primary health facility owned by the government</td></tr><tr><td style="white-space:nowrap">public-chc<a name="nigeria-facility-type-public-chc"> </a></td><td>Public CHC</td><td>The Health facility is a comprehensive primary health center owned by the government</td></tr><tr><td style="white-space:nowrap">public-general<a name="nigeria-facility-type-public-general"> </a></td><td>General Hospitals</td><td>These are General Hospitals owned by the government</td></tr><tr><td style="white-space:nowrap">faith-clinic<a name="nigeria-facility-type-faith-clinic"> </a></td><td>Faith-based Clinics</td><td>These are PHCs owned by the owned by faith orgnization (eg. mission clinics)</td></tr><tr><td style="white-space:nowrap">faith-hospital<a name="nigeria-facility-type-faith-hospital"> </a></td><td>Faith-based Hospitals</td><td>These are Secondary facilities owned by faith orgnization (eg. mission Hospitals)</td></tr><tr><td style="white-space:nowrap">tertiary<a name="nigeria-facility-type-tertiary"> </a></td><td>Tertiary facility</td><td>These are Higher level facilities and referal centers)</td></tr></table></div></text><url value="http://nphcda.gov.ng/ig/fhir/CodeSystem/ng-facility-typeCS"/><version value="0.4.0"/><name value="NGFacilityTypeCS"/><title value="NG Facility Type"/><status value="active"/><date value="2025-06-23T12:00:39+01:00"/><publisher value="https://nphcda.gov.ng"/><contact><name value="https://nphcda.gov.ng"/><telecom><system value="url"/><value value="https://nphcda.gov.ng"/></telecom></contact><contact><name value="Nigeria Primary Healthcare Development Agency."/><telecom><system value="email"/><value value="ig@nphcda.gov.ng"/><use value="work"/></telecom></contact><description value="A standardized classification system used to describe the type or level of health facility within a healthcare delivery system, based on the scope of services provided, staffing, infrastructure, and administrative role."/><jurisdiction><coding><system value="urn:iso:std:iso:3166"/><code value="NG"/><display value="Nigeria"/></coding></jurisdiction><hierarchyMeaning value="is-a"/><content value="complete"/><count value="8"/><concept><code value="private-clinic"/><display value="Private Clinic"/><definition value="The Health facility is a primary health facility owned by the private sector"/><designation><use><system value="http://terminology.hl7.org/CodeSystem/designation-usage"/><code value="display"/></use><value value="Private Clinic"/></designation></concept><concept><code value="private-hospital"/><display value="Private Hospital"/><definition value="The Health facility is a Secondary health facility owned by the private sector"/><designation><use><system value="http://terminology.hl7.org/CodeSystem/designation-usage"/><code value="display"/></use><value value="Private Hospital"/></designation></concept><concept><code value="public-health-post"/><display value="Public Health Post"/><definition value="The Health facility is a primary health facility owned by the government"/><designation><use><system value="http://terminology.hl7.org/CodeSystem/designation-usage"/><code value="display"/></use><value value="Public Health Post"/></designation></concept><concept><code value="public-chc"/><display value="Public CHC"/><definition value="The Health facility is a comprehensive primary health center owned by the government"/><designation><use><system value="http://terminology.hl7.org/CodeSystem/designation-usage"/><code value="display"/></use><value value="Public CHC"/></designation></concept><concept><code value="public-general"/><display value="General Hospitals"/><definition value="These are General Hospitals owned by the government"/><designation><use><system value="http://terminology.hl7.org/CodeSystem/designation-usage"/><code value="display"/></use><value value="General Hospitals"/></designation></concept><concept><code value="faith-clinic"/><display value="Faith-based Clinics"/><definition value="These are PHCs owned by the owned by faith orgnization (eg. mission clinics)"/><designation><use><system value="http://terminology.hl7.org/CodeSystem/designation-usage"/><code value="display"/></use><value value="Faith-based Clinics"/></designation></concept><concept><code value="faith-hospital"/><display value="Faith-based Hospitals"/><definition value="These are Secondary facilities owned by faith orgnization (eg. mission Hospitals)"/><designation><use><system value="http://terminology.hl7.org/CodeSystem/designation-usage"/><code value="display"/></use><value value="Faith-based Hospitals"/></designation></concept><concept><code value="tertiary"/><display value="Tertiary facility"/><definition value="These are Higher level facilities and referal centers)"/><designation><use><system value="http://terminology.hl7.org/CodeSystem/designation-usage"/><code value="display"/></use><value value="Tertiary facility"/></designation></concept></CodeSystem>