<?xml version="1.0" encoding="UTF-8"?><CodeSystem xmlns="http://hl7.org/fhir"><id value="nigeria-vaccine-library"/><text><status value="generated"/><div xmlns="http://www.w3.org/1999/xhtml"><p class="res-header-id"><b>Generated Narrative: CodeSystem nigeria-vaccine-library</b></p><a name="nigeria-vaccine-library"> </a><a name="hcnigeria-vaccine-library"> </a><p>This case-sensitive code system <code>http://nphcda.gov.ng/ig/fhir/CodeSystem/ng-vaccine-libraryCS</code> defines the following codes in a Is-A hierarchy:</p><table class="codes"><tr><td style="white-space:nowrap"><b>Code</b></td><td><b>Display</b></td><td><b>Definition</b></td></tr><tr><td style="white-space:nowrap">1861000221106<a name="nigeria-vaccine-library-1861000221106"> </a></td><td>BCG birth dose</td><td>Vaccine terminology codes for Bacillus Calmette–Guérin (BCG).</td></tr><tr><td style="white-space:nowrap">871822003<a name="nigeria-vaccine-library-871822003"> </a></td><td>HepB birth dose</td><td>Vaccine terminology codes for Hepatitis B.</td></tr><tr><td style="white-space:nowrap">1031000221108-0<a name="nigeria-vaccine-library-1031000221108-0"> </a></td><td>Polio (OPV0) birth dose</td><td>Vaccine terminology codes for Polio.</td></tr><tr><td style="white-space:nowrap">1162637003-1<a name="nigeria-vaccine-library-1162637003-1"> </a></td><td>Pentavalent 1</td><td>Vaccine terminology codes for Pentavalent.</td></tr><tr><td style="white-space:nowrap">1031000221108-1<a name="nigeria-vaccine-library-1031000221108-1"> </a></td><td>Oral Polio Vaccine (OPV 1)</td><td>Vaccine terminology codes for Polio.</td></tr><tr><td style="white-space:nowrap">1252709000-1<a name="nigeria-vaccine-library-1252709000-1"> </a></td><td>Pneumococcal Conjugate Vaccine (PCV 1)</td><td>Vaccine terminology codes for pneumococcal conjugate vaccine.</td></tr><tr><td style="white-space:nowrap">1081000221109-1<a name="nigeria-vaccine-library-1081000221109-1"> </a></td><td>Rotavirus 1</td><td>Vaccine terminology codes for rotavirus.</td></tr><tr><td style="white-space:nowrap">871740006-1<a name="nigeria-vaccine-library-871740006-1"> </a></td><td>Inactivated Polio Vaccine (IPV 1)</td><td>Vaccine terminology codes for polio vaccine</td></tr><tr><td style="white-space:nowrap">1031000221108-2<a name="nigeria-vaccine-library-1031000221108-2"> </a></td><td>Oral Polio Vaccine (OPV 2)</td><td>Vaccine terminology codes for polio vaccine.</td></tr><tr><td style="white-space:nowrap">1252709000-2<a name="nigeria-vaccine-library-1252709000-2"> </a></td><td>Pneumococcal Conjugate Vaccine (PCV 2)</td><td>Vaccine terminology codes for pneumococcal conjugate vaccine</td></tr><tr><td style="white-space:nowrap">1162637003-2<a name="nigeria-vaccine-library-1162637003-2"> </a></td><td>Pentavalent 2</td><td>Vaccine terminology codes for pentavalent.</td></tr><tr><td style="white-space:nowrap">1081000221109-2<a name="nigeria-vaccine-library-1081000221109-2"> </a></td><td>Rotavirus 2</td><td>Vaccine terminology codes for rotavirus.</td></tr><tr><td style="white-space:nowrap">1031000221108-3<a name="nigeria-vaccine-library-1031000221108-3"> </a></td><td>Oral Polio Vaccine  (OPV 3)</td><td>Vaccine terminology codes for polio  vaccine.</td></tr><tr><td style="white-space:nowrap">1162637003-3<a name="nigeria-vaccine-library-1162637003-3"> </a></td><td>Pentavalent 3</td><td>Vaccine terminology codes for  pentavalent. SNOMED code</td></tr><tr><td style="white-space:nowrap">1252709000-3<a name="nigeria-vaccine-library-1252709000-3"> </a></td><td>Pneumococcal Conjugate Vaccine (PCV 3)</td><td>Vaccine terminology codes for pneumococcal conjugate vaccine</td></tr><tr><td style="white-space:nowrap">1081000221109-3<a name="nigeria-vaccine-library-1081000221109-3"> </a></td><td>Rotavirus 3</td><td>Vaccine terminology codes for rotavirus.</td></tr><tr><td style="white-space:nowrap">871740006-2<a name="nigeria-vaccine-library-871740006-2"> </a></td><td>Inactivated Polio Vaccine (IPV 2)</td><td>Vaccine terminology codes for polio.</td></tr><tr><td style="white-space:nowrap">45861000087106-1<a name="nigeria-vaccine-library-45861000087106-1"> </a></td><td>Malaria 1</td><td>Vaccine terminology codes for malaria</td></tr><tr><td style="white-space:nowrap">IMMZ.Z.DE19-0<a name="nigeria-vaccine-library-IMMZ.46Z.46DE19-0"> </a></td><td>Vitamin A 1</td><td>Terminology codes for Vitamin A. No SNOMED CT code</td></tr><tr><td style="white-space:nowrap">45861000087106-2<a name="nigeria-vaccine-library-45861000087106-2"> </a></td><td>Malaria 2</td><td>Vaccine terminology codes for malaria. Malaria is new, general code for products containing plasmodium falciparum antigen is used as SNOMED code - 45861000087106</td></tr><tr><td style="white-space:nowrap">45861000087106-3<a name="nigeria-vaccine-library-45861000087106-3"> </a></td><td>Malaria 3</td><td>Vaccine terminology codes for malaria. Malaria is new, general code for products containing plasmodium falciparum antigen is used as SNOMED code - 45861000087106</td></tr><tr><td style="white-space:nowrap">871817003-1<a name="nigeria-vaccine-library-871817003-1"> </a></td><td>Measles Rubella (MR 1)</td><td>Vaccine terminology codes for measles rubella.</td></tr><tr><td style="white-space:nowrap">1121000221106<a name="nigeria-vaccine-library-1121000221106"> </a></td><td>Yellow Fever</td><td>Vaccine terminology codes for yellow fever.</td></tr><tr><td style="white-space:nowrap">871873006<a name="nigeria-vaccine-library-871873006"> </a></td><td>Meningitis</td><td>Vaccine terminology codes for meningitis.</td></tr><tr><td style="white-space:nowrap">IMMZ.Z.DE25-0<a name="nigeria-vaccine-library-IMMZ.46Z.46DE25-0"> </a></td><td>Vitamin A 2</td><td>Vaccine terminology codes for Vitamin A. No SNOMED CT code</td></tr><tr><td style="white-space:nowrap">871817003-2<a name="nigeria-vaccine-library-871817003-2"> </a></td><td>Measles Rubella (MR2)</td><td>Vaccine terminology codes for measles rubella.</td></tr><tr><td style="white-space:nowrap">45861000087106-4<a name="nigeria-vaccine-library-45861000087106-4"> </a></td><td>Malaria 4</td><td>Vaccine terminology codes for malaria.Malaria is new, general code for products containing plasmodium falciparum antigen is used as SNOMED code - 45861000087106</td></tr><tr><td style="white-space:nowrap">2031000221103<a name="nigeria-vaccine-library-2031000221103"> </a></td><td>Tetanus Diptheria</td><td>Vaccine terminology codes for tetanus diptheria.</td></tr><tr><td style="white-space:nowrap">911000221103<a name="nigeria-vaccine-library-911000221103"> </a></td><td>Human PapillomaVirus (HPV)</td><td>Vaccine terminology codes for human papillomavirus.</td></tr></table></div></text><url value="http://nphcda.gov.ng/ig/fhir/CodeSystem/ng-vaccine-libraryCS"/><version value="0.4.0"/><name value="NGVaccineLibraryCS"/><title value="NG Vaccine Library with SNOMED CT codes"/><status value="active"/><date value="2025-06-24T07:35:37+01:00"/><publisher value="https://nphcda.gov.ng"/><contact><name value="https://nphcda.gov.ng"/><telecom><system value="url"/><value value="https://nphcda.gov.ng"/></telecom></contact><contact><name value="Nigeria Primary Healthcare Development Agency."/><telecom><system value="email"/><value value="ig@nphcda.gov.ng"/><use value="work"/></telecom></contact><description value="CodeSystem for IMMZ.Z Vaccine Library Data Elements supported by this IG using SNOMED CT codes"/><jurisdiction><coding><system value="urn:iso:std:iso:3166"/><code value="NG"/><display value="Nigeria"/></coding></jurisdiction><caseSensitive value="true"/><hierarchyMeaning value="is-a"/><content value="complete"/><count value="29"/><concept><code value="1861000221106"/><display value="BCG birth dose"/><definition value="Vaccine terminology codes for Bacillus Calmette–Guérin (BCG)."/><designation><use><system value="http://terminology.hl7.org/CodeSystem/designation-usage"/><code value="display"/></use><value value="BCG birth dose"/></designation></concept><concept><code value="871822003"/><display value="HepB birth dose"/><definition value="Vaccine terminology codes for Hepatitis B."/><designation><use><system value="http://terminology.hl7.org/CodeSystem/designation-usage"/><code value="display"/></use><value value="HepB birth dose"/></designation></concept><concept><code value="1031000221108-0"/><display value="Polio (OPV0) birth dose"/><definition value="Vaccine terminology codes for Polio."/><designation><use><system value="http://terminology.hl7.org/CodeSystem/designation-usage"/><code value="display"/></use><value value="Polio (OPV0) birth dose"/></designation></concept><concept><code value="1162637003-1"/><display value="Pentavalent 1"/><definition value="Vaccine terminology codes for Pentavalent."/><designation><use><system value="http://terminology.hl7.org/CodeSystem/designation-usage"/><code value="display"/></use><value value="Pentavalent 1"/></designation></concept><concept><code value="1031000221108-1"/><display value="Oral Polio Vaccine (OPV 1)"/><definition value="Vaccine terminology codes for Polio."/><designation><use><system value="http://terminology.hl7.org/CodeSystem/designation-usage"/><code value="display"/></use><value value="Oral Polio Vaccine (OPV 1)"/></designation></concept><concept><code value="1252709000-1"/><display value="Pneumococcal Conjugate Vaccine (PCV 1)"/><definition value="Vaccine terminology codes for pneumococcal conjugate vaccine."/><designation><use><system value="http://terminology.hl7.org/CodeSystem/designation-usage"/><code value="display"/></use><value value="Pneumococcal Conjugate Vaccine (PCV 1)"/></designation></concept><concept><code value="1081000221109-1"/><display value="Rotavirus 1"/><definition value="Vaccine terminology codes for rotavirus."/><designation><use><system value="http://terminology.hl7.org/CodeSystem/designation-usage"/><code value="display"/></use><value value="Rotavirus 1"/></designation></concept><concept><code value="871740006-1"/><display value="Inactivated Polio Vaccine (IPV 1)"/><definition value="Vaccine terminology codes for polio vaccine"/><designation><use><system value="http://terminology.hl7.org/CodeSystem/designation-usage"/><code value="display"/></use><value value="Inactivated Polio Vaccine (IPV 1)"/></designation></concept><concept><code value="1031000221108-2"/><display value="Oral Polio Vaccine (OPV 2)"/><definition value="Vaccine terminology codes for polio vaccine."/><designation><use><system value="http://terminology.hl7.org/CodeSystem/designation-usage"/><code value="display"/></use><value value="Oral Polio Vaccine (OPV 2)"/></designation></concept><concept><code value="1252709000-2"/><display value="Pneumococcal Conjugate Vaccine (PCV 2)"/><definition value="Vaccine terminology codes for pneumococcal conjugate vaccine"/><designation><use><system value="http://terminology.hl7.org/CodeSystem/designation-usage"/><code value="display"/></use><value value="Pneumococcal Conjugate Vaccine (PCV 2)"/></designation></concept><concept><code value="1162637003-2"/><display value="Pentavalent 2"/><definition value="Vaccine terminology codes for pentavalent."/><designation><use><system value="http://terminology.hl7.org/CodeSystem/designation-usage"/><code value="display"/></use><value value="Pentavalent 2"/></designation></concept><concept><code value="1081000221109-2"/><display value="Rotavirus 2"/><definition value="Vaccine terminology codes for rotavirus."/><designation><use><system value="http://terminology.hl7.org/CodeSystem/designation-usage"/><code value="display"/></use><value value="Rotavirus 2"/></designation></concept><concept><code value="1031000221108-3"/><display value="Oral Polio Vaccine  (OPV 3)"/><definition value="Vaccine terminology codes for polio  vaccine."/><designation><use><system value="http://terminology.hl7.org/CodeSystem/designation-usage"/><code value="display"/></use><value value="Oral Polio Vaccine  (OPV 3)"/></designation></concept><concept><code value="1162637003-3"/><display value="Pentavalent 3"/><definition value="Vaccine terminology codes for  pentavalent. SNOMED code"/><designation><use><system value="http://terminology.hl7.org/CodeSystem/designation-usage"/><code value="display"/></use><value value="Pentavalent 3"/></designation></concept><concept><code value="1252709000-3"/><display value="Pneumococcal Conjugate Vaccine (PCV 3)"/><definition value="Vaccine terminology codes for pneumococcal conjugate vaccine"/><designation><use><system value="http://terminology.hl7.org/CodeSystem/designation-usage"/><code value="display"/></use><value value="Pneumococcal Conjugate Vaccine (PCV 3)"/></designation></concept><concept><code value="1081000221109-3"/><display value="Rotavirus 3"/><definition value="Vaccine terminology codes for rotavirus."/><designation><use><system value="http://terminology.hl7.org/CodeSystem/designation-usage"/><code value="display"/></use><value value="Rotavirus 3"/></designation></concept><concept><code value="871740006-2"/><display value="Inactivated Polio Vaccine (IPV 2)"/><definition value="Vaccine terminology codes for polio."/><designation><use><system value="http://terminology.hl7.org/CodeSystem/designation-usage"/><code value="display"/></use><value value="Inactivated Polio Vaccine (IPV 2)"/></designation></concept><concept><code value="45861000087106-1"/><display value="Malaria 1"/><definition value="Vaccine terminology codes for malaria"/><designation><use><system value="http://terminology.hl7.org/CodeSystem/designation-usage"/><code value="display"/></use><value value="Malaria 1"/></designation></concept><concept><code value="IMMZ.Z.DE19-0"/><display value="Vitamin A 1"/><definition value="Terminology codes for Vitamin A. No SNOMED CT code"/><designation><use><system value="http://terminology.hl7.org/CodeSystem/designation-usage"/><code value="display"/></use><value value="Vitamin A 1"/></designation></concept><concept><code value="45861000087106-2"/><display value="Malaria 2"/><definition value="Vaccine terminology codes for malaria. Malaria is new, general code for products containing plasmodium falciparum antigen is used as SNOMED code - 45861000087106"/><designation><use><system value="http://terminology.hl7.org/CodeSystem/designation-usage"/><code value="display"/></use><value value="Malaria 2"/></designation></concept><concept><code value="45861000087106-3"/><display value="Malaria 3"/><definition value="Vaccine terminology codes for malaria. Malaria is new, general code for products containing plasmodium falciparum antigen is used as SNOMED code - 45861000087106"/><designation><use><system value="http://terminology.hl7.org/CodeSystem/designation-usage"/><code value="display"/></use><value value="Malaria 3"/></designation></concept><concept><code value="871817003-1"/><display value="Measles Rubella (MR 1)"/><definition value="Vaccine terminology codes for measles rubella."/><designation><use><system value="http://terminology.hl7.org/CodeSystem/designation-usage"/><code value="display"/></use><value value="Measles Rubella (MR 1)"/></designation></concept><concept><code value="1121000221106"/><display value="Yellow Fever"/><definition value="Vaccine terminology codes for yellow fever."/><designation><use><system value="http://terminology.hl7.org/CodeSystem/designation-usage"/><code value="display"/></use><value value="Yellow Fever"/></designation></concept><concept><code value="871873006"/><display value="Meningitis"/><definition value="Vaccine terminology codes for meningitis."/><designation><use><system value="http://terminology.hl7.org/CodeSystem/designation-usage"/><code value="display"/></use><value value="Meningitis"/></designation></concept><concept><code value="IMMZ.Z.DE25-0"/><display value="Vitamin A 2"/><definition value="Vaccine terminology codes for Vitamin A. No SNOMED CT code"/><designation><use><system value="http://terminology.hl7.org/CodeSystem/designation-usage"/><code value="display"/></use><value value="Vitamin A 2"/></designation></concept><concept><code value="871817003-2"/><display value="Measles Rubella (MR2)"/><definition value="Vaccine terminology codes for measles rubella."/><designation><use><system value="http://terminology.hl7.org/CodeSystem/designation-usage"/><code value="display"/></use><value value="Measles Rubella (MR2)"/></designation></concept><concept><code value="45861000087106-4"/><display value="Malaria 4"/><definition value="Vaccine terminology codes for malaria.Malaria is new, general code for products containing plasmodium falciparum antigen is used as SNOMED code - 45861000087106"/><designation><use><system value="http://terminology.hl7.org/CodeSystem/designation-usage"/><code value="display"/></use><value value="Malaria 4"/></designation></concept><concept><code value="2031000221103"/><display value="Tetanus Diptheria"/><definition value="Vaccine terminology codes for tetanus diptheria."/><designation><use><system value="http://terminology.hl7.org/CodeSystem/designation-usage"/><code value="display"/></use><value value="Tetanus Diptheria"/></designation></concept><concept><code value="911000221103"/><display value="Human PapillomaVirus (HPV)"/><definition value="Vaccine terminology codes for human papillomavirus."/><designation><use><system value="http://terminology.hl7.org/CodeSystem/designation-usage"/><code value="display"/></use><value value="Human PapillomaVirus (HPV)"/></designation></concept></CodeSystem>