<?xml version="1.0" encoding="UTF-8"?><CodeSystem xmlns="http://hl7.org/fhir"><id value="nigeria-allergy-severity"/><text><status value="generated"/><div xmlns="http://www.w3.org/1999/xhtml"><p class="res-header-id"><b>Generated Narrative: CodeSystem nigeria-allergy-severity</b></p><a name="nigeria-allergy-severity"> </a><a name="hcnigeria-allergy-severity"> </a><p>This  code system <code>http://nphcda.gov.ng/ig/fhir/CodeSystem/ng-allergy-severity</code> defines the following codes in a Is-A hierarchy:</p><table class="codes"><tr><td style="white-space:nowrap"><b>Code</b></td><td><b>Display</b></td><td><b>Definition</b></td></tr><tr><td style="white-space:nowrap">mild<a name="nigeria-allergy-severity-mild"> </a></td><td>Mild</td><td>The allergic reaction involves mild symptoms such as localized redness, itching, or rash, without systemic involvement or need for significant medical intervention.</td></tr><tr><td style="white-space:nowrap">moderate<a name="nigeria-allergy-severity-moderate"> </a></td><td>Moderate</td><td>The reaction includes more pronounced symptoms like widespread hives, mild breathing difficulty, or swelling that requires medical observation or treatment but is not life-threatening.</td></tr><tr><td style="white-space:nowrap">severe<a name="nigeria-allergy-severity-severe"> </a></td><td>Severe</td><td>The reaction is life-threatening or requires urgent medical attention, such as anaphylaxis, severe respiratory distress, or cardiovascular compromise.</td></tr></table></div></text><url value="http://nphcda.gov.ng/ig/fhir/CodeSystem/ng-allergy-severity"/><version value="0.4.0"/><name value="NGAllergySeverityCS"/><title value="NG-Imm Allergy Severity CS"/><status value="active"/><date value="2025-06-25T15:41:07+01:00"/><publisher value="https://nphcda.gov.ng"/><contact><name value="https://nphcda.gov.ng"/><telecom><system value="url"/><value value="https://nphcda.gov.ng"/></telecom></contact><contact><name value="Nigeria Primary Healthcare Development Agency."/><telecom><system value="email"/><value value="ig@nphcda.gov.ng"/><use value="work"/></telecom></contact><description value="This CodeSystem captures the assessed severity of an allergic reaction following immunization."/><jurisdiction><coding><system value="urn:iso:std:iso:3166"/><code value="NG"/><display value="Nigeria"/></coding></jurisdiction><hierarchyMeaning value="is-a"/><content value="complete"/><count value="3"/><concept><code value="mild"/><display value="Mild"/><definition value="The allergic reaction involves mild symptoms such as localized redness, itching, or rash, without systemic involvement or need for significant medical intervention."/><designation><use><system value="http://terminology.hl7.org/CodeSystem/designation-usage"/><code value="display"/></use><value value="Mild"/></designation><designation><use><system value="http://terminology.hl7.org/CodeSystem/designation-usage"/><code value="display"/></use><value value="Mild"/></designation></concept><concept><code value="moderate"/><display value="Moderate"/><definition value="The reaction includes more pronounced symptoms like widespread hives, mild breathing difficulty, or swelling that requires medical observation or treatment but is not life-threatening."/><designation><use><system value="http://terminology.hl7.org/CodeSystem/designation-usage"/><code value="display"/></use><value value="Moderate"/></designation><designation><use><system value="http://terminology.hl7.org/CodeSystem/designation-usage"/><code value="display"/></use><value value="Moderate"/></designation></concept><concept><code value="severe"/><display value="Severe"/><definition value="The reaction is life-threatening or requires urgent medical attention, such as anaphylaxis, severe respiratory distress, or cardiovascular compromise."/><designation><use><system value="http://terminology.hl7.org/CodeSystem/designation-usage"/><code value="display"/></use><value value="Severe"/></designation><designation><use><system value="http://terminology.hl7.org/CodeSystem/designation-usage"/><code value="display"/></use><value value="Severe"/></designation></concept></CodeSystem>