<?xml version="1.0" encoding="UTF-8"?><CodeSystem xmlns="http://hl7.org/fhir"><id value="nigeria-gender"/><text><status value="generated"/><div xmlns="http://www.w3.org/1999/xhtml"><p class="res-header-id"><b>Generated Narrative: CodeSystem nigeria-gender</b></p><a name="nigeria-gender"> </a><a name="hcnigeria-gender"> </a><p>This case-sensitive code system <code>http://nphcda.gov.ng/ig/fhir/CodeSystem/ng-gender</code> defines the following codes in a Is-A hierarchy:</p><table class="codes"><tr><td style="white-space:nowrap"><b>Code</b></td><td><b>Display</b></td><td><b>Definition</b></td></tr><tr><td style="white-space:nowrap">male<a name="nigeria-gender-male"> </a></td><td>Male</td><td>Male sex</td></tr><tr><td style="white-space:nowrap">female<a name="nigeria-gender-female"> </a></td><td>Female</td><td>Female sex</td></tr></table></div></text><url value="http://nphcda.gov.ng/ig/fhir/CodeSystem/ng-gender"/><version value="0.4.0"/><name value="NGGenderCS"/><title value="NG Gender or Sex"/><status value="active"/><date value="2025-06-23T13:45:54+01:00"/><publisher value="https://nphcda.gov.ng"/><contact><name value="https://nphcda.gov.ng"/><telecom><system value="url"/><value value="https://nphcda.gov.ng"/></telecom></contact><contact><name value="Nigeria Primary Healthcare Development Agency."/><telecom><system value="email"/><value value="ig@nphcda.gov.ng"/><use value="work"/></telecom></contact><description value="Codes for the administrative gender or sex of a person, used in demographic and administrative contexts."/><jurisdiction><coding><system value="urn:iso:std:iso:3166"/><code value="NG"/><display value="Nigeria"/></coding></jurisdiction><caseSensitive value="true"/><hierarchyMeaning value="is-a"/><content value="complete"/><count value="2"/><concept><code value="male"/><display value="Male"/><definition value="Male sex"/><designation><use><system value="http://terminology.hl7.org/CodeSystem/designation-usage"/><code value="display"/></use><value value="Male"/></designation><designation><use><system value="http://terminology.hl7.org/CodeSystem/designation-usage"/><code value="display"/></use><value value="Male"/></designation></concept><concept><code value="female"/><display value="Female"/><definition value="Female sex"/><designation><use><system value="http://terminology.hl7.org/CodeSystem/designation-usage"/><code value="display"/></use><value value="Female"/></designation><designation><use><system value="http://terminology.hl7.org/CodeSystem/designation-usage"/><code value="display"/></use><value value="Female"/></designation></concept></CodeSystem>