<?xml version="1.0" encoding="UTF-8"?><CodeSystem xmlns="http://hl7.org/fhir"><id value="nigeria-immunization-site"/><text><status value="generated"/><div xmlns="http://www.w3.org/1999/xhtml"><p class="res-header-id"><b>Generated Narrative: CodeSystem nigeria-immunization-site</b></p><a name="nigeria-immunization-site"> </a><a name="hcnigeria-immunization-site"> </a><p>This  code system <code>http://nphcda.gov.ng/ig/fhir/CodeSystem/ng-immunization-site</code> defines the following codes in a Is-A hierarchy:</p><table class="codes"><tr><td style="white-space:nowrap"><b>Code</b></td><td><b>Display</b></td><td><b>Definition</b></td></tr><tr><td style="white-space:nowrap">right-upper-arm<a name="nigeria-immunization-site-right-upper-arm"> </a></td><td>Right upper arm</td><td>The vaccine is administered into the deltoid muscle of the right upper arm, commonly used for intramuscular or subcutaneous injections in older children and adults.</td></tr><tr><td style="white-space:nowrap">left-upper-arm<a name="nigeria-immunization-site-left-upper-arm"> </a></td><td>Left upper arm</td><td>The vaccine is administered into the deltoid muscle of the left upper arm, typically used when alternating injection sites or based on provider preference.</td></tr><tr><td style="white-space:nowrap">mouth<a name="nigeria-immunization-site-mouth"> </a></td><td>Mouth</td><td>The vaccine is administered orally via the mouth, usually applicable for oral polio vaccine (OPV) or rotavirus vaccine.</td></tr><tr><td style="white-space:nowrap">antero-lateral-right-thigh<a name="nigeria-immunization-site-antero-lateral-right-thigh"> </a></td><td>Antero-lateral Aspect of Right Thigh</td><td>The vaccine is administered into the antero-lateral (front-side) part of the right thigh, commonly used in infants for intramuscular injections.</td></tr><tr><td style="white-space:nowrap">antero-lateral-left-thigh<a name="nigeria-immunization-site-antero-lateral-left-thigh"> </a></td><td>Antero Lateral Aspect of Left Thigh</td><td>The vaccine is administered into the antero-lateral (front-side) part of the left thigh, often used in infants when giving multiple vaccines.</td></tr></table></div></text><url value="http://nphcda.gov.ng/ig/fhir/CodeSystem/ng-immunization-site"/><version value="0.4.0"/><name value="NGImmunizationSiteCS"/><title value="NG Vaccine Site"/><status value="active"/><date value="2025-06-23T12:11:34+01:00"/><publisher value="https://nphcda.gov.ng"/><contact><name value="https://nphcda.gov.ng"/><telecom><system value="url"/><value value="https://nphcda.gov.ng"/></telecom></contact><contact><name value="Nigeria Primary Healthcare Development Agency."/><telecom><system value="email"/><value value="ig@nphcda.gov.ng"/><use value="work"/></telecom></contact><description value="This CodeSystem captures the specific anatomical location on the patient’s body where a vaccine was administered."/><jurisdiction><coding><system value="urn:iso:std:iso:3166"/><code value="NG"/><display value="Nigeria"/></coding></jurisdiction><hierarchyMeaning value="is-a"/><content value="complete"/><count value="5"/><concept><code value="right-upper-arm"/><display value="Right upper arm"/><definition value="The vaccine is administered into the deltoid muscle of the right upper arm, commonly used for intramuscular or subcutaneous injections in older children and adults."/><designation><use><system value="http://terminology.hl7.org/CodeSystem/designation-usage"/><code value="display"/></use><value value="Right upper arm"/></designation></concept><concept><code value="left-upper-arm"/><display value="Left upper arm"/><definition value="The vaccine is administered into the deltoid muscle of the left upper arm, typically used when alternating injection sites or based on provider preference."/><designation><use><system value="http://terminology.hl7.org/CodeSystem/designation-usage"/><code value="display"/></use><value value="Left upper arm"/></designation></concept><concept><code value="mouth"/><display value="Mouth"/><definition value="The vaccine is administered orally via the mouth, usually applicable for oral polio vaccine (OPV) or rotavirus vaccine."/><designation><use><system value="http://terminology.hl7.org/CodeSystem/designation-usage"/><code value="display"/></use><value value="Mouth"/></designation></concept><concept><code value="antero-lateral-right-thigh"/><display value="Antero-lateral Aspect of Right Thigh"/><definition value="The vaccine is administered into the antero-lateral (front-side) part of the right thigh, commonly used in infants for intramuscular injections."/><designation><use><system value="http://terminology.hl7.org/CodeSystem/designation-usage"/><code value="display"/></use><value value="Antero-lateral Aspect of Right Thigh"/></designation></concept><concept><code value="antero-lateral-left-thigh"/><display value="Antero Lateral Aspect of Left Thigh"/><definition value="The vaccine is administered into the antero-lateral (front-side) part of the left thigh, often used in infants when giving multiple vaccines."/><designation><use><system value="http://terminology.hl7.org/CodeSystem/designation-usage"/><code value="display"/></use><value value="Antero Lateral Aspect of Left Thigh"/></designation></concept></CodeSystem>