<?xml version="1.0" encoding="UTF-8"?><CodeSystem xmlns="http://hl7.org/fhir"><id value="NGStockReportCS"/><text><status value="generated"/><div xmlns="http://www.w3.org/1999/xhtml"><p class="res-header-id"><b>Generated Narrative: CodeSystem NGStockReportCS</b></p><a name="NGStockReportCS"> </a><a name="hcNGStockReportCS"> </a><p>This case-insensitive code system <code>https://nphcda.gov.ng/immunizationIG/CodeSystem/NGStockReportCS</code> defines the following codes:</p><table class="codes"><tr><td style="white-space:nowrap"><b>Code</b></td><td><b>Display</b></td></tr><tr><td style="white-space:nowrap">IMMZ.H.DE1<a name="NGStockReportCS-IMMZ.46H.46DE1"> </a></td><td>Opening balance</td></tr><tr><td style="white-space:nowrap">IMMZ.H.DE2<a name="NGStockReportCS-IMMZ.46H.46DE2"> </a></td><td>Total vaccine doses received</td></tr><tr><td style="white-space:nowrap">IMMZ.H.DE3<a name="NGStockReportCS-IMMZ.46H.46DE3"> </a></td><td>Total vaccine doses used</td></tr><tr><td style="white-space:nowrap">IMMZ.H.DE4<a name="NGStockReportCS-IMMZ.46H.46DE4"> </a></td><td>Vaccine wastage rate</td></tr><tr><td style="white-space:nowrap">IMMZ.H.DE5<a name="NGStockReportCS-IMMZ.46H.46DE5"> </a></td><td>Vaccine stockout days</td></tr><tr><td style="white-space:nowrap">IMMZ.H.DE6<a name="NGStockReportCS-IMMZ.46H.46DE6"> </a></td><td>Vaccine minimum stock level</td></tr><tr><td style="white-space:nowrap">IMMZ.H.DE7<a name="NGStockReportCS-IMMZ.46H.46DE7"> </a></td><td>Vaccine maximum stock level</td></tr><tr><td style="white-space:nowrap">IMMZ.H.DE8<a name="NGStockReportCS-IMMZ.46H.46DE8"> </a></td><td>Stock at hand</td></tr><tr><td style="white-space:nowrap">IMMZ.H.DE9<a name="NGStockReportCS-IMMZ.46H.46DE9"> </a></td><td>Doses discarded</td></tr><tr><td style="white-space:nowrap">IMMZ.H.DE10<a name="NGStockReportCS-IMMZ.46H.46DE10"> </a></td><td>Doses discarded reason</td></tr><tr><td style="white-space:nowrap">IMMZ.H.DE11<a name="NGStockReportCS-IMMZ.46H.46DE11"> </a></td><td>Expired doses</td></tr><tr><td style="white-space:nowrap">IMMZ.H.DE12<a name="NGStockReportCS-IMMZ.46H.46DE12"> </a></td><td>Doses lost due to breakage</td></tr><tr><td style="white-space:nowrap">IMMZ.H.DE13<a name="NGStockReportCS-IMMZ.46H.46DE13"> </a></td><td>Doses lost due to VVM failure</td></tr><tr><td style="white-space:nowrap">IMMZ.H.DE14<a name="NGStockReportCS-IMMZ.46H.46DE14"> </a></td><td>Doses frozen</td></tr><tr><td style="white-space:nowrap">IMMZ.H.DE15<a name="NGStockReportCS-IMMZ.46H.46DE15"> </a></td><td>Functional cold chain equipment</td></tr><tr><td style="white-space:nowrap">IMMZ.H.DE16<a name="NGStockReportCS-IMMZ.46H.46DE16"> </a></td><td>Non-functional cold chain equipment</td></tr><tr><td style="white-space:nowrap">IMMZ.H.DE17<a name="NGStockReportCS-IMMZ.46H.46DE17"> </a></td><td>Refrigerator temperature monitoring</td></tr><tr><td style="white-space:nowrap">IMMZ.H.DE18<a name="NGStockReportCS-IMMZ.46H.46DE18"> </a></td><td>Vaccine storage conditions</td></tr><tr><td style="white-space:nowrap">IMMZ.H.DE19<a name="NGStockReportCS-IMMZ.46H.46DE19"> </a></td><td>Cold box functionality</td></tr><tr><td style="white-space:nowrap">IMMZ.H.DE20<a name="NGStockReportCS-IMMZ.46H.46DE20"> </a></td><td>Vaccine distribution tracking</td></tr><tr><td style="white-space:nowrap">IMMZ.H.DE21<a name="NGStockReportCS-IMMZ.46H.46DE21"> </a></td><td>Batch number tracking</td></tr><tr><td style="white-space:nowrap">IMMZ.H.DE22<a name="NGStockReportCS-IMMZ.46H.46DE22"> </a></td><td>Stock requisition requests</td></tr><tr><td style="white-space:nowrap">IMMZ.H.DE23<a name="NGStockReportCS-IMMZ.46H.46DE23"> </a></td><td>Stock issue vouchers</td></tr><tr><td style="white-space:nowrap">IMMZ.H.DE24<a name="NGStockReportCS-IMMZ.46H.46DE24"> </a></td><td>Stock verification</td></tr><tr><td style="white-space:nowrap">IMMZ.H.DE25<a name="NGStockReportCS-IMMZ.46H.46DE25"> </a></td><td>Stock adjustments</td></tr><tr><td style="white-space:nowrap">IMMZ.H.DE26<a name="NGStockReportCS-IMMZ.46H.46DE26"> </a></td><td>Stock replenishment status</td></tr><tr><td style="white-space:nowrap">IMMZ.H.DE27<a name="NGStockReportCS-IMMZ.46H.46DE27"> </a></td><td>Vaccine demand forecast</td></tr><tr><td style="white-space:nowrap">IMMZ.H.DE28<a name="NGStockReportCS-IMMZ.46H.46DE28"> </a></td><td>Stock balance report</td></tr><tr><td style="white-space:nowrap">IMMZ.H.DE29<a name="NGStockReportCS-IMMZ.46H.46DE29"> </a></td><td>Temperature excursion incidents</td></tr><tr><td style="white-space:nowrap">IMMZ.H.DE30<a name="NGStockReportCS-IMMZ.46H.46DE30"> </a></td><td>Stock loss documentation</td></tr><tr><td style="white-space:nowrap">IMMZ.H.DE31<a name="NGStockReportCS-IMMZ.46H.46DE31"> </a></td><td>Cold chain monitoring logs</td></tr><tr><td style="white-space:nowrap">IMMZ.H.DE32<a name="NGStockReportCS-IMMZ.46H.46DE32"> </a></td><td>Reorder level tracking</td></tr><tr><td style="white-space:nowrap">IMMZ.H.DE33<a name="NGStockReportCS-IMMZ.46H.46DE33"> </a></td><td>Stock receiving checklist</td></tr><tr><td style="white-space:nowrap">IMMZ.H.DE34<a name="NGStockReportCS-IMMZ.46H.46DE34"> </a></td><td>Vaccine logistics management</td></tr><tr><td style="white-space:nowrap">IMMZ.H.DE35<a name="NGStockReportCS-IMMZ.46H.46DE35"> </a></td><td>Stock availability monitoring</td></tr><tr><td style="white-space:nowrap">IMMZ.H.DE36<a name="NGStockReportCS-IMMZ.46H.46DE36"> </a></td><td>Stock movement summary</td></tr><tr><td style="white-space:nowrap">IMMZ.H.DE37<a name="NGStockReportCS-IMMZ.46H.46DE37"> </a></td><td>Closing balance</td></tr><tr><td style="white-space:nowrap">IMMZ.H.DE38<a name="NGStockReportCS-IMMZ.46H.46DE38"> </a></td><td>Quantity returned</td></tr><tr><td style="white-space:nowrap">IMMZ.H.DE40<a name="NGStockReportCS-IMMZ.46H.46DE40"> </a></td><td>Status of device</td></tr><tr><td style="white-space:nowrap">IMMZ.H.DE41<a name="NGStockReportCS-IMMZ.46H.46DE41"> </a></td><td>Functional device</td></tr><tr><td style="white-space:nowrap">IMMZ.H.DE42<a name="NGStockReportCS-IMMZ.46H.46DE42"> </a></td><td>Non-functional device</td></tr></table></div></text><url value="https://nphcda.gov.ng/immunizationIG/CodeSystem/NGStockReportCS"/><version value="0.4.0"/><name value="NigeriaStockData"/><title value="NG Stock Management Data Elements"/><status value="draft"/><experimental value="false"/><date value="2025-06-23T10:40:32+01:00"/><publisher value="https://nphcda.gov.ng"/><contact><name value="https://nphcda.gov.ng"/><telecom><system value="url"/><value value="https://nphcda.gov.ng"/></telecom></contact><contact><name value="Nigeria Primary Healthcare Development Agency."/><telecom><system value="email"/><value value="ig@nphcda.gov.ng"/><use value="work"/></telecom></contact><description value="CodeSystem for Stock Management Data Elements"/><jurisdiction><coding><system value="urn:iso:std:iso:3166"/><code value="NG"/><display value="Nigeria"/></coding></jurisdiction><caseSensitive value="false"/><content value="complete"/><count value="41"/><concept><code value="IMMZ.H.DE1"/><display value="Opening balance"/></concept><concept><code value="IMMZ.H.DE2"/><display value="Total vaccine doses received"/></concept><concept><code value="IMMZ.H.DE3"/><display value="Total vaccine doses used"/></concept><concept><code value="IMMZ.H.DE4"/><display value="Vaccine wastage rate"/></concept><concept><code value="IMMZ.H.DE5"/><display value="Vaccine stockout days"/></concept><concept><code value="IMMZ.H.DE6"/><display value="Vaccine minimum stock level"/></concept><concept><code value="IMMZ.H.DE7"/><display value="Vaccine maximum stock level"/></concept><concept><code value="IMMZ.H.DE8"/><display value="Stock at hand"/></concept><concept><code value="IMMZ.H.DE9"/><display value="Doses discarded"/></concept><concept><code value="IMMZ.H.DE10"/><display value="Doses discarded reason"/></concept><concept><code value="IMMZ.H.DE11"/><display value="Expired doses"/></concept><concept><code value="IMMZ.H.DE12"/><display value="Doses lost due to breakage"/></concept><concept><code value="IMMZ.H.DE13"/><display value="Doses lost due to VVM failure"/></concept><concept><code value="IMMZ.H.DE14"/><display value="Doses frozen"/></concept><concept><code value="IMMZ.H.DE15"/><display value="Functional cold chain equipment"/></concept><concept><code value="IMMZ.H.DE16"/><display value="Non-functional cold chain equipment"/></concept><concept><code value="IMMZ.H.DE17"/><display value="Refrigerator temperature monitoring"/></concept><concept><code value="IMMZ.H.DE18"/><display value="Vaccine storage conditions"/></concept><concept><code value="IMMZ.H.DE19"/><display value="Cold box functionality"/></concept><concept><code value="IMMZ.H.DE20"/><display value="Vaccine distribution tracking"/></concept><concept><code value="IMMZ.H.DE21"/><display value="Batch number tracking"/></concept><concept><code value="IMMZ.H.DE22"/><display value="Stock requisition requests"/></concept><concept><code value="IMMZ.H.DE23"/><display value="Stock issue vouchers"/></concept><concept><code value="IMMZ.H.DE24"/><display value="Stock verification"/></concept><concept><code value="IMMZ.H.DE25"/><display value="Stock adjustments"/></concept><concept><code value="IMMZ.H.DE26"/><display value="Stock replenishment status"/></concept><concept><code value="IMMZ.H.DE27"/><display value="Vaccine demand forecast"/></concept><concept><code value="IMMZ.H.DE28"/><display value="Stock balance report"/></concept><concept><code value="IMMZ.H.DE29"/><display value="Temperature excursion incidents"/></concept><concept><code value="IMMZ.H.DE30"/><display value="Stock loss documentation"/></concept><concept><code value="IMMZ.H.DE31"/><display value="Cold chain monitoring logs"/></concept><concept><code value="IMMZ.H.DE32"/><display value="Reorder level tracking"/></concept><concept><code value="IMMZ.H.DE33"/><display value="Stock receiving checklist"/></concept><concept><code value="IMMZ.H.DE34"/><display value="Vaccine logistics management"/></concept><concept><code value="IMMZ.H.DE35"/><display value="Stock availability monitoring"/></concept><concept><code value="IMMZ.H.DE36"/><display value="Stock movement summary"/></concept><concept><code value="IMMZ.H.DE37"/><display value="Closing balance"/></concept><concept><code value="IMMZ.H.DE38"/><display value="Quantity returned"/></concept><concept><code value="IMMZ.H.DE40"/><display value="Status of device"/></concept><concept><code value="IMMZ.H.DE41"/><display value="Functional device"/></concept><concept><code value="IMMZ.H.DE42"/><display value="Non-functional device"/></concept></CodeSystem>