<?xml version="1.0" encoding="UTF-8"?><ValueSet xmlns="http://hl7.org/fhir"><id value="nigeria-facility-types"/><text><status value="generated"/><div xmlns="http://www.w3.org/1999/xhtml"><p class="res-header-id"><b>Generated Narrative: ValueSet nigeria-facility-types</b></p><a name="nigeria-facility-types"> </a><a name="hcnigeria-facility-types"> </a><ul><li>Include all codes defined in <a href="CodeSystem-nigeria-facility-type.html"><code>http://nphcda.gov.ng/ig/fhir/CodeSystem/ng-facility-typeCS</code></a></li></ul></div></text><url value="http://nphcda.gov.ng/ig/fhir/ValueSet/ng-health-facility-types"/><version value="0.4.0"/><name value="NGFacilityTypeVS"/><title value="Health Facility Type"/><status value="active"/><date value="2025-06-23T13:45:54+01:00"/><publisher value="https://nphcda.gov.ng"/><contact><name value="https://nphcda.gov.ng"/><telecom><system value="url"/><value value="https://nphcda.gov.ng"/></telecom></contact><contact><name value="Nigeria Primary Healthcare Development Agency."/><telecom><system value="email"/><value value="ig@nphcda.gov.ng"/><use value="work"/></telecom></contact><description value=" ."/><jurisdiction><coding><system value="urn:iso:std:iso:3166"/><code value="NG"/><display value="Nigeria"/></coding></jurisdiction><compose><include><system value="http://nphcda.gov.ng/ig/fhir/CodeSystem/ng-facility-typeCS"/></include></compose></ValueSet>