<?xml version="1.0" encoding="UTF-8"?><ValueSet xmlns="http://hl7.org/fhir"><id value="nigeria-vaccine-site"/><text><status value="generated"/><div xmlns="http://www.w3.org/1999/xhtml"><p class="res-header-id"><b>Generated Narrative: ValueSet nigeria-vaccine-site</b></p><a name="nigeria-vaccine-site"> </a><a name="hcnigeria-vaccine-site"> </a><ul><li>Include all codes defined in <a href="CodeSystem-nigeria-immunization-site.html"><code>http://nphcda.gov.ng/ig/fhir/CodeSystem/ng-immunization-site</code></a></li></ul></div></text><url value="http://nphcda.gov.ng/ig/fhir/ValueSet/ng-vaccine-site"/><version value="0.4.0"/><name value="NGImmunizationSiteVS"/><title value="NG-Imm Vaccine Site VS"/><status value="active"/><date value="2025-06-25T15:41:07+01:00"/><publisher value="https://nphcda.gov.ng"/><contact><name value="https://nphcda.gov.ng"/><telecom><system value="url"/><value value="https://nphcda.gov.ng"/></telecom></contact><contact><name value="Nigeria Primary Healthcare Development Agency."/><telecom><system value="email"/><value value="ig@nphcda.gov.ng"/><use value="work"/></telecom></contact><description value="Vaccine Site"/><jurisdiction><coding><system value="urn:iso:std:iso:3166"/><code value="NG"/><display value="Nigeria"/></coding></jurisdiction><compose><include><system value="http://nphcda.gov.ng/ig/fhir/CodeSystem/ng-immunization-site"/></include></compose></ValueSet>