<?xml version="1.0" encoding="UTF-8"?><ValueSet xmlns="http://hl7.org/fhir"><id value="nigeria-hiv-status"/><text><status value="generated"/><div xmlns="http://www.w3.org/1999/xhtml"><p class="res-header-id"><b>Generated Narrative: ValueSet nigeria-hiv-status</b></p><a name="nigeria-hiv-status"> </a><a name="hcnigeria-hiv-status"> </a><ul><li>Include all codes defined in <a href="CodeSystem-nigeria-hiv-status.html"><code>http://nphcda.gov.ng/ig/fhir/CodeSystem/ng-hiv-statusCS</code></a></li></ul></div></text><url value="http://nphcda.gov.ng/ig/fhir/ValueSet/ng-client-hiv-status"/><version value="0.4.0"/><name value="NGHivStatusVS"/><title value="Client HIV Status"/><status value="active"/><date value="2025-06-23T11:00:10+01:00"/><publisher value="https://nphcda.gov.ng"/><contact><name value="https://nphcda.gov.ng"/><telecom><system value="url"/><value value="https://nphcda.gov.ng"/></telecom></contact><contact><name value="Nigeria Primary Healthcare Development Agency."/><telecom><system value="email"/><value value="ig@nphcda.gov.ng"/><use value="work"/></telecom></contact><description value="Client HIV Status"/><jurisdiction><coding><system value="urn:iso:std:iso:3166"/><code value="NG"/><display value="Nigeria"/></coding></jurisdiction><compose><include><system value="http://nphcda.gov.ng/ig/fhir/CodeSystem/ng-hiv-statusCS"/></include></compose></ValueSet>