<?xml version="1.0" encoding="UTF-8"?><ValueSet xmlns="http://hl7.org/fhir"><id value="nigeria-gender"/><text><status value="generated"/><div xmlns="http://www.w3.org/1999/xhtml"><p class="res-header-id"><b>Generated Narrative: ValueSet nigeria-gender</b></p><a name="nigeria-gender"> </a><a name="hcnigeria-gender"> </a><ul><li>Include all codes defined in <a href="CodeSystem-nigeria-gender.html"><code>http://nphcda.gov.ng/ig/fhir/CodeSystem/ng-gender</code></a></li></ul></div></text><url value="http://nphcda.gov.ng/ig/fhir/ValueSet/ng-gender"/><version value="0.4.0"/><name value="NGGenderVS"/><title value="NG-Imm Gender or Sex VS"/><status value="active"/><date value="2025-06-24T09:13:37+01:00"/><publisher value="https://nphcda.gov.ng"/><contact><name value="https://nphcda.gov.ng"/><telecom><system value="url"/><value value="https://nphcda.gov.ng"/></telecom></contact><contact><name value="Nigeria Primary Healthcare Development Agency."/><telecom><system value="email"/><value value="ig@nphcda.gov.ng"/><use value="work"/></telecom></contact><description value="The administrative gender of a person."/><jurisdiction><coding><system value="urn:iso:std:iso:3166"/><code value="NG"/><display value="Nigeria"/></coding></jurisdiction><compose><include><system value="http://nphcda.gov.ng/ig/fhir/CodeSystem/ng-gender"/></include></compose></ValueSet>