<?xml version="1.0" encoding="UTF-8"?>

<AllergyIntolerance xmlns="http://hl7.org/fhir">
  <id value="FullExampleNgAllergyIntolerance"/>
  <meta>
    <profile value="https://nphcda.gov.ng/immunizationIG/StructureDefinition/allergy-intolerance-profile"/>
  </meta>
  <text>
    <status value="extensions"/><div xmlns="http://www.w3.org/1999/xhtml"><p class="res-header-id"><b>Generated Narrative: AllergyIntolerance FullExampleNgAllergyIntolerance</b></p><a name="FullExampleNgAllergyIntolerance"> </a><a name="hcFullExampleNgAllergyIntolerance"> </a><div style="display: inline-block; background-color: #d9e0e7; padding: 6px; margin: 4px; border: 1px solid #8da1b4; border-radius: 5px; line-height: 60%"><p style="margin-bottom: 0px"/><p style="margin-bottom: 0px">Profile: <a href="StructureDefinition-allergy-intolerance-profile.html">NgImmAllergyIntolerance</a></p></div><p><b>allergyReferenceDoseNumber</b>: 8</p><p><b>allergyReferenceDoseSeries</b>: 2</p><p><b>clinicalStatus</b>: <span title="Codes:">active</span></p><p><b>verificationStatus</b>: <span title="Codes:">confirmed</span></p><p><b>type</b>: Allergy</p><p><b>category</b>: Food</p><p><b>criticality</b>: High Risk</p><p><b>patient</b>: <code>NgImmPatient/ExampleNgImmPatient</code></p><p><b>onset</b>: 2025-06-14 14:30:00+0100</p><p><b>recordedDate</b>: 2025-06-15 09:45:00+0100</p><p><b>note</b>: </p><blockquote><div><p>Avoid all peanuts and peanut-containing foods</p>
</div></blockquote><h3>Reactions</h3><table class="grid"><tr><td style="display: none">-</td><td><b>Manifestation</b></td><td><b>Description</b></td><td><b>Onset</b></td><td><b>Severity</b></td></tr><tr><td style="display: none">*</td><td><span title="Codes:">Anaphylaxis</span></td><td>Facial swelling and difficulty breathing</td><td>2025-06-14 14:35:00+0100</td><td>Severe</td></tr></table></div>
  </text>
  <extension url="allergyReferenceDoseNumber">
    <valueInteger value="8"/>
  </extension>
  <extension url="allergyReferenceDoseSeries">
    <valueInteger value="2"/>
  </extension>
  <clinicalStatus>
    <coding>
      <code value="active"/>
    </coding>
  </clinicalStatus>
  <verificationStatus>
    <coding>
      <code value="confirmed"/>
    </coding>
  </verificationStatus>
  <type value="allergy"/>
  <category value="food"/>
  <criticality value="high"/>
  <patient>
    <reference value="NgImmPatient/ExampleNgImmPatient"/>
  </patient>
  <onsetDateTime value="2025-06-14T14:30:00+01:00"/>
  <recordedDate value="2025-06-15T09:45:00+01:00"/>
  <note>
    <text value="Avoid all peanuts and peanut-containing foods"/>
  </note>
  <reaction>
    <manifestation>
      <text value="Anaphylaxis"/>
    </manifestation>
    <description value="Facial swelling and difficulty breathing"/>
    <onset value="2025-06-14T14:35:00+01:00"/>
    <severity value="severe"/>
  </reaction>
</AllergyIntolerance>