<?xml version="1.0" encoding="UTF-8"?>

<Immunization xmlns="http://hl7.org/fhir">
  <id value="ExampleNgImmImmunizationCompleted"/>
  <meta>
    <profile value="https://nphcda.gov.ng/immunizationIG/StructureDefinition/NgImmImmunization"/>
  </meta>
  <text>
    <status value="extensions"/><div xmlns="http://www.w3.org/1999/xhtml"><p class="res-header-id"><b>Generated Narrative: Immunization ExampleNgImmImmunizationCompleted</b></p><a name="ExampleNgImmImmunizationCompleted"> </a><a name="hcExampleNgImmImmunizationCompleted"> </a><div style="display: inline-block; background-color: #d9e0e7; padding: 6px; margin: 4px; border: 1px solid #8da1b4; border-radius: 5px; line-height: 60%"><p style="margin-bottom: 0px"/><p style="margin-bottom: 0px">Profile: <a href="StructureDefinition-NgImmImmunization.html">NgImmImmunization</a></p></div><p><b>Primary Vaccine Status</b>: <span title="Codes:{http://nphcda.gov.ng/fhir/CodeSystem/ng-vaccine-status primary-series}">primary-series</span></p><p><b>Digital Signature</b>: signed-by-nurse-aisha</p><p><b>Session Type</b>: <span title="Codes:{http://nphcda.gov.ng/fhir/CodeSystem/ng-session-type fixed}">fixed</span></p><p><b>identifier</b>: <code>https://nphcda.gov.ng/imm-registry</code>/IMM-2025-0001</p><p><b>status</b>: Completed</p><p><b>vaccineCode</b>: <span title="Codes:{http://hl7.org/fhir/sid/cvx 19}">BCG Vaccine</span></p><p><b>patient</b>: <a href="Patient/NgImmPatient-001">Patient/NgImmPatient-001</a></p><p><b>occurrence</b>: 2025-06-15 10:00:00+0100</p><p><b>manufacturer</b>: <a href="Organization/biovax-ng">BIOVAX Nigeria Ltd</a></p><p><b>lotNumber</b>: BCG-2025-LOT23</p><p><b>expirationDate</b>: 2026-12-31</p><p><b>site</b>: <span title="Codes:">LA</span></p><p><b>route</b>: <span title="Codes:">intradermal</span></p><p><b>doseQuantity</b>: 0.05 mL</p><h3>Performers</h3><table class="grid"><tr><td style="display: none">-</td><td><b>Function</b></td><td><b>Actor</b></td></tr><tr><td style="display: none">*</td><td><span title="Codes:">Vaccinator</span></td><td><a href="Practitioner/nurse-aisha">Nurse Aisha Bello</a></td></tr></table></div>
  </text>
  <extension url="https://nphcda.gov.ng/immunizationIG/StructureDefinition/primary-vaccine-status">
    <valueCodeableConcept>
      <coding>
        <system value="http://nphcda.gov.ng/fhir/CodeSystem/ng-vaccine-status"/>
        <code value="primary-series"/>
      </coding>
    </valueCodeableConcept>
  </extension>
  <extension url="https://nphcda.gov.ng/immunizationIG/StructureDefinition/signature">
    <valueString value="signed-by-nurse-aisha"/>
  </extension>
  <extension url="https://nphcda.gov.ng/immunizationIG/StructureDefinition/session-type">
    <valueCodeableConcept>
      <coding>
        <system value="http://nphcda.gov.ng/fhir/CodeSystem/ng-session-type"/>
        <code value="fixed"/>
      </coding>
    </valueCodeableConcept>
  </extension>
  <identifier>
    <system value="https://nphcda.gov.ng/imm-registry"/>
    <value value="IMM-2025-0001"/>
  </identifier>
  <status value="completed"/>
  <vaccineCode>
    <coding>
      <system value="http://hl7.org/fhir/sid/cvx"/>
      <code value="19"/>
      <display value="BCG"/>
    </coding>
    <text value="BCG Vaccine"/>
  </vaccineCode>
  <patient>
    <reference value="Patient/NgImmPatient-001"/>
  </patient>
  <occurrenceDateTime value="2025-06-15T10:00:00+01:00"/>
  <manufacturer>
    <reference value="Organization/biovax-ng"/>
    <display value="BIOVAX Nigeria Ltd"/>
  </manufacturer>
  <lotNumber value="BCG-2025-LOT23"/>
  <expirationDate value="2026-12-31"/>
  <site>
    <coding>
      <code value="LA"/>
    </coding>
  </site>
  <route>
    <coding>
      <code value="intradermal"/>
    </coding>
  </route>
  <doseQuantity>
    <value value="0.05"/>
    <unit value="mL"/>
  </doseQuantity>
  <performer>
    <function>
      <text value="Vaccinator"/>
    </function>
    <actor>
      <reference value="Practitioner/nurse-aisha"/>
      <display value="Nurse Aisha Bello"/>
    </actor>
  </performer>
</Immunization>