<?xml version="1.0" encoding="UTF-8"?>

<CapabilityStatement xmlns="http://hl7.org/fhir">
  <id value="NgImmCapabilityStatementServer"/>
  <text>
    <status value="extensions"/><div xmlns="http://www.w3.org/1999/xhtml"><p class="res-header-id"><b>Generated Narrative: CapabilityStatement NgImmCapabilityStatementServer</b></p><a name="NgImmCapabilityStatementServer"> </a><a name="hcNgImmCapabilityStatementServer"> </a><h2 id="title">NG-Imm Server CapabilityStatement</h2><ul><li>Implementation Guide Version: 0.4.0 </li><li>FHIR Version: 4.0.1 </li><li>Supported Formats: <code>xml</code></li><li>Supported Patch Formats: </li><li>Published on: 2025-06-23 </li><li>Published by: https://nphcda.gov.ng </li></ul><blockquote class="impl-note"><p><strong>Note to Implementers: FHIR Capabilities</strong></p><p>Any FHIR capability may be 'allowed' by the system unless explicitly marked as 'SHALL NOT'. A few items are marked as MAY in the Implementation Guide to highlight their potential relevance to the use case.</p></blockquote><h2 id="rest">FHIR RESTful Capabilities</h2><div class="panel panel-default"><div class="panel-heading"><h3 id="mode1" class="panel-title">Mode: <code>server</code></h3></div><div class="panel-body"><div><p>Server supporting immunization records with Nigerian-specific constraints on Patient and Immunization profiles.</p>
</div><div class="lead"><em>Summary of System-wide Interactions</em></div></div></div><h3 id="resourcesCap1">Capabilities by Resource/Profile</h3><h4 id="resourcesSummary1">Summary</h4><p>The summary table lists the resources that are part of this configuration, and for each resource it lists:</p><ul><li>The relevant profiles (if any)</li><li>The interactions supported by each resource (<b><span class="bg-info">R</span></b>ead, <b><span class="bg-info">S</span></b>earch, <b><span class="bg-info">U</span></b>pdate, and <b><span class="bg-info">C</span></b>reate, are always shown, while <b><span class="bg-info">VR</span></b>ead, <b><span class="bg-info">P</span></b>atch, <b><span class="bg-info">D</span></b>elete, <b><span class="bg-info">H</span></b>istory on <b><span class="bg-info">I</span></b>nstance, or <b><span class="bg-info">H</span></b>istory on <b><span class="bg-info">T</span></b>ype are only present if at least one of the resources has support for them.</li><li><span>The required, recommended, and some optional search parameters (if any). </span></li><li>The linked resources enabled for <code>_include</code></li><li>The other resources enabled for <code>_revinclude</code></li><li>The operations on the resource (if any)</li></ul><div class="table-responsive"><table class="table table-condensed table-hover"><thead><tr><th><b>Resource Type</b></th><th><b>Profile</b></th><th class="text-center"><b title="GET a resource (read interaction)">R</b></th><th class="text-center"><b title="GET all set of resources of the type (search interaction)">S</b></th><th class="text-center"><b title="PUT a new resource version (update interaction)">U</b></th><th class="text-center"><b title="PATCH a new resource version (patch interaction)">P</b></th><th class="text-center"><b title="POST a new resource (create interaction)">C</b></th><th><b title="Required and recommended search parameters">Searches</b></th><th><code><b>_include</b></code></th><th><code><b>_revinclude</b></code></th><th><b>Operations</b></th></tr></thead><tbody><tr><td><a href="#Patient1-1">Patient</a></td><td><a href="StructureDefinition-NgImmPatient.html">https://nphcda.gov.ng/immunizationIG/StructureDefinition/NgImmPatient</a></td><td class="text-center">y</td><td class="text-center">y</td><td class="text-center">y</td><td class="text-center">y</td><td class="text-center">y</td><td>identifier, firstname, lastname, birthdate, gender, state</td><td/><td/><td/></tr><tr><td><a href="#Immunization1-2">Immunization</a></td><td><a href="StructureDefinition-NgImmImmunization.html">https://nphcda.gov.ng/immunizationIG/StructureDefinition/NgImmImmunization</a></td><td class="text-center">y</td><td class="text-center">y</td><td class="text-center">y</td><td class="text-center">y</td><td class="text-center">y</td><td>patient, status, vaccine-code, date</td><td/><td/><td/></tr></tbody></table></div><hr/><div class="panel panel-default"><div class="panel-heading"><h4 id="Patient1-1" class="panel-title"><span style="float: right;">Resource Conformance: supported </span>Patient</h4></div><div class="panel-body"><div class="container"><div class="row"><div class="col-lg-6"><span class="lead">Base System Profile</span><br/><a href="StructureDefinition-NgImmPatient.html">NG-Imm Patient</a></div><div class="col-lg-3"><span class="lead">Profile Conformance</span><br/><b>SHALL</b></div><div class="col-lg-3"><span class="lead">Reference Policy</span><br/></div></div><p/><div class="row"><div class="col-lg-6"><span class="lead">Interaction summary</span><br/><ul><li>Supports <code>read</code>, <code>search-type</code>, <code>create</code>, <code>update</code>, <code>patch</code>.</li></ul></div></div><p/><div class="row"><div class="col-12"><span class="lead">Documentation</span><blockquote><div><p>Patient profile constrained for Nigerian immunization use cases</p>
</div></blockquote></div></div><div class="row"><div class="col-lg-7"><span class="lead">Search Parameters</span><table class="table table-condensed table-hover"><thead><tr><th>Conformance</th><th>Parameter</th><th>Type</th><th>Documentation</th></tr></thead><tbody><tr><td><b>SHALL</b></td><td>identifier</td><td><code>token</code></td><td><div/></td></tr><tr><td><b>SHALL</b></td><td>firstname</td><td><code>string</code></td><td><div/></td></tr><tr><td><b>SHALL</b></td><td>lastname</td><td><code>string</code></td><td><div/></td></tr><tr><td><b>SHALL</b></td><td>birthdate</td><td><code>date</code></td><td><div/></td></tr><tr><td><b>SHALL</b></td><td>gender</td><td><code>token</code></td><td><div/></td></tr><tr><td><b>SHALL</b></td><td>state</td><td><code>token</code></td><td><div/></td></tr></tbody></table></div><div class="col-lg-5"> </div></div></div></div></div><div class="panel panel-default"><div class="panel-heading"><h4 id="Immunization1-2" class="panel-title"><span style="float: right;">Resource Conformance: supported </span>Immunization</h4></div><div class="panel-body"><div class="container"><div class="row"><div class="col-lg-6"><span class="lead">Base System Profile</span><br/><a href="StructureDefinition-NgImmImmunization.html">NG-Imm Immunization</a></div><div class="col-lg-3"><span class="lead">Profile Conformance</span><br/><b>SHALL</b></div><div class="col-lg-3"><span class="lead">Reference Policy</span><br/></div></div><p/><div class="row"><div class="col-lg-6"><span class="lead">Interaction summary</span><br/><ul><li>Supports <code>read</code>, <code>search-type</code>, <code>create</code>, <code>update</code>, <code>patch</code>.</li></ul></div></div><p/><div class="row"><div class="col-12"><span class="lead">Documentation</span><blockquote><div><p>Nigerian Immunization profile for capturing dose and vaccine details</p>
</div></blockquote></div></div><div class="row"><div class="col-lg-7"><span class="lead">Search Parameters</span><table class="table table-condensed table-hover"><thead><tr><th>Conformance</th><th>Parameter</th><th>Type</th><th>Documentation</th></tr></thead><tbody><tr><td><b>SHALL</b></td><td>patient</td><td><code>reference</code></td><td><div/></td></tr><tr><td><b>SHALL</b></td><td>status</td><td><code>token</code></td><td><div/></td></tr><tr><td><b>SHALL</b></td><td>vaccine-code</td><td><code>token</code></td><td><div/></td></tr><tr><td><b>SHALL</b></td><td>date</td><td><code>date</code></td><td><div/></td></tr></tbody></table></div><div class="col-lg-5"> </div></div></div></div></div></div>
  </text>
  <url value="https://nphcda.gov.ng/immunizationIG/CapabilityStatement/NgImmCapabilityStatementServer"/>
  <version value="0.4.0"/>
  <title value="NG-Imm Server CapabilityStatement"/>
  <status value="active"/>
  <date value="2025-06-23"/>
  <publisher value="https://nphcda.gov.ng"/>
  <contact>
    <name value="https://nphcda.gov.ng"/>
    <telecom>
      <system value="url"/>
      <value value="https://nphcda.gov.ng"/>
    </telecom>
  </contact>
  <contact>
    <name value="Nigeria Primary Healthcare Development Agency."/>
    <telecom>
      <system value="email"/>
      <value value="ig@nphcda.gov.ng"/>
      <use value="work"/>
    </telecom>
  </contact>
  <description value="Describes the expected behavior of systems serving immunization data based on the NgImmPatient and NgImmImmunization profiles."/>
  <jurisdiction>
    <coding>
      <system value="urn:iso:std:iso:3166"/>
      <code value="NG"/>
      <display value="Nigeria"/>
    </coding>
  </jurisdiction>
  <kind value="requirements"/>
  <fhirVersion value="4.0.1"/>
  <format value="xml"/>
  <rest>
    <mode value="server"/>
    <documentation value="Server supporting immunization records with Nigerian-specific constraints on Patient and Immunization profiles."/>
    <resource>
      <type value="Patient"/>
      <profile value="https://nphcda.gov.ng/immunizationIG/StructureDefinition/NgImmPatient"/>
      <documentation value="Patient profile constrained for Nigerian immunization use cases"/>
      <interaction>
        <code value="read"/>
      </interaction>
      <interaction>
        <code value="search-type"/>
      </interaction>
      <interaction>
        <code value="create"/>
      </interaction>
      <interaction>
        <code value="update"/>
      </interaction>
      <interaction>
        <code value="patch"/>
      </interaction>
      <searchParam>
        <name value="identifier"/>
        <definition value="SearchParameter/Patient-identifier"/>
        <type value="token"/>
      </searchParam>
      <searchParam>
        <name value="firstname"/>
        <definition value="SearchParameter/Patient-firstname"/>
        <type value="string"/>
      </searchParam>
      <searchParam>
        <name value="lastname"/>
        <definition value="SearchParameter/Patient-lastname"/>
        <type value="string"/>
      </searchParam>
      <searchParam>
        <name value="birthdate"/>
        <definition value="SearchParameter/Patient-birthdate"/>
        <type value="date"/>
      </searchParam>
      <searchParam>
        <name value="gender"/>
        <definition value="SearchParameter/Patient-gender"/>
        <type value="token"/>
      </searchParam>
      <searchParam>
        <name value="state"/>
        <definition value="SearchParameter/Patient-state"/>
        <type value="token"/>
      </searchParam>
    </resource>
    <resource>
      <type value="Immunization"/>
      <profile value="https://nphcda.gov.ng/immunizationIG/StructureDefinition/NgImmImmunization"/>
      <documentation value="Nigerian Immunization profile for capturing dose and vaccine details"/>
      <interaction>
        <code value="read"/>
      </interaction>
      <interaction>
        <code value="search-type"/>
      </interaction>
      <interaction>
        <code value="create"/>
      </interaction>
      <interaction>
        <code value="update"/>
      </interaction>
      <interaction>
        <code value="patch"/>
      </interaction>
      <searchParam>
        <name value="patient"/>
        <definition value="SearchParameter/Immunization-patient"/>
        <type value="reference"/>
      </searchParam>
      <searchParam>
        <name value="status"/>
        <definition value="SearchParameter/Immunization-status"/>
        <type value="token"/>
      </searchParam>
      <searchParam>
        <name value="vaccine-code"/>
        <definition value="SearchParameter/Immunization-vaccine-code"/>
        <type value="token"/>
      </searchParam>
      <searchParam>
        <name value="date"/>
        <definition value="SearchParameter/Immunization-date"/>
        <type value="date"/>
      </searchParam>
    </resource>
  </rest>
</CapabilityStatement>