{
  "codeSystems" : [
    {
      "url" : "http://hl7.org/fhir/event-status",
      "version" : "4.0.1",
      "status" : "draft",
      "name" : "EventStatus",
      "title" : "EventStatus",
      "description" : "Codes identifying the lifecycle stage of an event.",
      "oids" : ["2.16.840.1.113883.4.642.4.110"],
      "uses" : {
      },
      "http://hl7.org/fhir/R4/valueset-immunization-status.html" : "Immunization Status Codes"
    },
    {
      "url" : "http://nphcda.gov.ng/ig/fhir/CodeSystem/ng-administrative-ward",
      "version" : "0.4.0",
      "status" : "active",
      "name" : "NGWardsCS",
      "title" : "NG-Imm Administrative Wards CS",
      "description" : "This CodeSystem defines ward codes and names mapped to their respective Local Government Areas (LGAs) in Nigeria.",
      "uses" : {
      },
      "ValueSet-nigeria-wards.html" : "NG-Imm Wards VS"
    },
    {
      "url" : "http://nphcda.gov.ng/ig/fhir/CodeSystem/ng-allergy-severity",
      "version" : "0.4.0",
      "status" : "active",
      "name" : "NGAllergySeverityCS",
      "title" : "NG-Imm Allergy Severity CS",
      "description" : "This CodeSystem captures the assessed severity of an allergic reaction following immunization.",
      "uses" : {
      },
      "ValueSet-nigeria-allergy-severity.html" : "NG-Imm Allergy Severity VS"
    },
    {
      "url" : "http://nphcda.gov.ng/ig/fhir/CodeSystem/ng-clinical-status",
      "version" : "0.4.0",
      "status" : "active",
      "name" : "NGClinicalStatusCS",
      "title" : "NG-Imm Adverse Event Clinical Status CS",
      "description" : "A classification system that represents the current clinical status of an individual who experienced an Adverse Event Following Immunization (AEFI), based on medical observation, investigation, or follow-up assessment.",
      "uses" : {
      },
      "ValueSet-nigeria-clinical-status.html" : "NG-Imm Clinical Status VS"
    },
    {
      "url" : "http://nphcda.gov.ng/ig/fhir/CodeSystem/ng-contraindication",
      "version" : "0.4.0",
      "status" : "active",
      "name" : "NGImmunizationContraindicationCS",
      "title" : "NG-Imm Vaccine contraindications CS",
      "description" : "A set of standardized codes used to represent clinical conditions, diagnoses, or circumstances that serve as contraindications to the administration of one or more vaccines.",
      "uses" : {
      },
      "ValueSet-nigeria-vaccine-contraindication.html" : "NG-Imm Vaccine Contraindication VS"
    },
    {
      "url" : "http://nphcda.gov.ng/ig/fhir/CodeSystem/ng-facility-typeCS",
      "version" : "0.4.0",
      "status" : "active",
      "name" : "NGFacilityTypeCS",
      "title" : "NG-Imm Facility Type CS",
      "description" : "A standardized classification system used to describe the type or level of health facility within a healthcare delivery system, based on the scope of services provided, staffing, infrastructure, and administrative role.",
      "uses" : {
      },
      "ValueSet-nigeria-facility-types.html" : "NG-Imm HealthFacility Type VS"
    },
    {
      "url" : "http://nphcda.gov.ng/ig/fhir/CodeSystem/ng-hiv-statusCS",
      "version" : "0.4.0",
      "status" : "active",
      "name" : "NGHivStatusCS",
      "title" : "NG-Imm Client HIV status CS",
      "description" : "This CodeSystem defines list of options for HIV status of a Client",
      "uses" : {
      },
      "ValueSet-nigeria-hiv-status.html" : "NG-Imm Client HIV Status VS"
    },
    {
      "url" : "http://nphcda.gov.ng/ig/fhir/CodeSystem/ng-immunization-site",
      "version" : "0.4.0",
      "status" : "active",
      "name" : "NGImmunizationSiteCS",
      "title" : "NG-Imm Vaccine Site CS",
      "description" : "This CodeSystem captures the specific anatomical location on the patient's body where a vaccine was administered.",
      "uses" : {
      },
      "ValueSet-nigeria-vaccine-site.html" : "NG-Imm Vaccine Site VS"
    },
    {
      "url" : "http://nphcda.gov.ng/ig/fhir/CodeSystem/ng-lgas",
      "version" : "0.4.0",
      "status" : "active",
      "name" : "NGLGAsCS",
      "title" : "NG-Imm LGAs in Nigeria CS",
      "description" : "This CodeSystem defines LGA codes and names mapped to their respective States in Nigeria.",
      "uses" : {
      },
      "ValueSet-nigeria-lgas.html" : "NG-Imm LGAs VS"
    },
    {
      "url" : "http://nphcda.gov.ng/ig/fhir/CodeSystem/ng-pregnancy-statusCS",
      "version" : "0.4.0",
      "status" : "active",
      "name" : "NGPregnancyStatusCS",
      "title" : "NG-Imm Client Pregnancy status CS",
      "description" : "This CodeSystem defines list of options for Pregnancy status of a Client",
      "uses" : {
      },
      "ValueSet-nigeria-pregnancy-status.html" : "NG-Imm Client Preganancy Status VS"
    },
    {
      "url" : "http://nphcda.gov.ng/ig/fhir/CodeSystem/ng-relationship",
      "version" : "0.4.0",
      "status" : "active",
      "name" : "NGRelationshipsCS",
      "title" : "NG-Imm Relationships CS",
      "description" : "This CodeSystem defines list of persons related to a patient, but who is not a direct target of care",
      "uses" : {
      },
      "ValueSet-nigeria-relationship.html" : "NG-Imm Relationships VS"
    },
    {
      "url" : "http://nphcda.gov.ng/ig/fhir/CodeSystem/ng-session-type",
      "version" : "0.4.0",
      "status" : "active",
      "name" : "NGImmunizationSessionTypeCS",
      "title" : "NG-Imm Immunization Session types CS",
      "description" : "Type of session for immunization. Could be in a fixed facility, outreach or mobile.",
      "uses" : {
      },
      "ValueSet-nigeria-session-type.html" : "NG-Imm Session Type VS"
    },
    {
      "url" : "http://nphcda.gov.ng/ig/fhir/CodeSystem/ng-sibling-health-statusCS",
      "version" : "0.4.0",
      "status" : "active",
      "name" : "NGSiblingHealthStatusCS",
      "title" : "NG-Imm Sibling Health Status CS",
      "description" : "This CodeSystem defines the health of the client's sibling",
      "uses" : {
      },
      "ValueSet-nigeria-sibling-health-status.html" : "NG-Imm Sibling Health Status VS"
    },
    {
      "url" : "http://nphcda.gov.ng/ig/fhir/CodeSystem/ng-states",
      "version" : "0.4.0",
      "status" : "active",
      "name" : "NGStatesCS",
      "title" : "NG-Imm States in Nigeria CS",
      "description" : "This CodeSystem defines ward codes and names mapped to their respective States in Nigeria.",
      "uses" : {
      },
      "ValueSet-nigeria-states.html" : "NG-Imm States VS"
    },
    {
      "url" : "http://nphcda.gov.ng/ig/fhir/CodeSystem/ng-vaccine-libraryCS",
      "version" : "0.4.0",
      "status" : "active",
      "name" : "NGVaccineLibraryCS",
      "title" : "NG-Imm Vaccine Library with SNOMED CT codes",
      "description" : "CodeSystem for IMMZ.Z Vaccine Library Data Elements supported by this IG using SNOMED CT codes",
      "uses" : {
      },
      "ValueSet-nigeria-vaccine-library.html" : "NG-Imm VaccineLibrary VS"
    },
    {
      "url" : "http://snomed.info/sct",
      "version" : null,
      "status" : "active",
      "name" : "SNOMED_CT",
      "title" : "SNOMED CT (all versions)",
      "description" : "SNOMED CT is the most comprehensive and precise clinical health terminology product in the world, owned and distributed around the world by The International Health Terminology Standards Development Organisation (IHTSDO).",
      "oids" : ["2.16.840.1.113883.6.96"],
      "uses" : {
      },
      "http://hl7.org/fhir/R4/valueset-immunization-status-reason.html" : "Immunization Status Reason Codes"
    },
    {
      "url" : "http://terminology.hl7.org/CodeSystem/allergyintolerance-verification",
      "version" : "1.0.1",
      "status" : "active",
      "name" : "AllergyIntoleranceVerificationStatus",
      "title" : "AllergyIntolerance Verification Status",
      "description" : "The verification status to support or decline the clinical status of the allergy or intolerance.",
      "oids" : ["2.16.840.1.113883.4.642.1.1371"],
      "uses" : {
      },
      "http://hl7.org/fhir/R4/valueset-allergyintolerance-verification.html" : "AllergyIntolerance Verification Status Codes"
    },
    {
      "url" : "http://terminology.hl7.org/CodeSystem/v3-ActReason",
      "version" : "3.1.0",
      "status" : "active",
      "name" : "ActReason",
      "title" : "ActReason",
      "description" : "A set of codes specifying the motivation, cause, or rationale of an Act, when such rationale is not reasonably represented as an ActRelationship of type \"has reason\" linking to another Act.\r\n\r\n*Examples:* Example reasons that might qualify for being coded in this field might be: \"routine requirement\", \"infectious disease reporting requirement\", \"on patient request\", \"required by law\".",
      "oids" : ["2.16.840.1.113883.5.8"],
      "uses" : {
      },
      "http://hl7.org/fhir/R4/valueset-immunization-status-reason.html" : "Immunization Status Reason Codes"
    },
    {
      "url" : "http://terminology.hl7.org/CodeSystem/v3-RouteOfAdministration",
      "version" : "3.0.0",
      "status" : "active",
      "name" : "RouteOfAdministration",
      "title" : "RouteOfAdministration",
      "description" : "The path the administered medication takes to get into the body or into contact with the body.",
      "oids" : ["2.16.840.1.113883.5.112"],
      "uses" : {
      },
      "http://hl7.org/fhir/R4/valueset-immunization-route.html" : "Immunization Route Codes"
    }
  ]
}
