{
  "codeSystems" : [
    {
      "url" : "http://nphcda.gov.ng/ig/fhir/CodeSystem/ng-administrative-ward",
      "version" : "0.4.0",
      "status" : "active",
      "name" : "NGWardsCS",
      "title" : "NG-Imm Administrative Wards CS",
      "description" : "This CodeSystem defines ward codes and names mapped to their respective Local Government Areas (LGAs) in Nigeria."
    },
    {
      "url" : "http://nphcda.gov.ng/ig/fhir/CodeSystem/ng-allergy-severity",
      "version" : "0.4.0",
      "status" : "active",
      "name" : "NGAllergySeverityCS",
      "title" : "NG-Imm Allergy Severity CS",
      "description" : "This CodeSystem captures the assessed severity of an allergic reaction following immunization."
    },
    {
      "url" : "http://nphcda.gov.ng/ig/fhir/CodeSystem/ng-clinical-status",
      "version" : "0.4.0",
      "status" : "active",
      "name" : "NGClinicalStatusCS",
      "title" : "NG-Imm Adverse Event Clinical Status CS",
      "description" : "A classification system that represents the current clinical status of an individual who experienced an Adverse Event Following Immunization (AEFI), based on medical observation, investigation, or follow-up assessment."
    },
    {
      "url" : "http://nphcda.gov.ng/ig/fhir/CodeSystem/ng-contraindication",
      "version" : "0.4.0",
      "status" : "active",
      "name" : "NGImmunizationContraindicationCS",
      "title" : "NG-Imm Vaccine contraindications CS",
      "description" : "A set of standardized codes used to represent clinical conditions, diagnoses, or circumstances that serve as contraindications to the administration of one or more vaccines."
    },
    {
      "url" : "http://nphcda.gov.ng/ig/fhir/CodeSystem/ng-facility-typeCS",
      "version" : "0.4.0",
      "status" : "active",
      "name" : "NGFacilityTypeCS",
      "title" : "NG-Imm Facility Type CS",
      "description" : "A standardized classification system used to describe the type or level of health facility within a healthcare delivery system, based on the scope of services provided, staffing, infrastructure, and administrative role."
    },
    {
      "url" : "http://nphcda.gov.ng/ig/fhir/CodeSystem/ng-hiv-statusCS",
      "version" : "0.4.0",
      "status" : "active",
      "name" : "NGHivStatusCS",
      "title" : "NG-Imm Client HIV status CS",
      "description" : "This CodeSystem defines list of options for HIV status of a Client"
    },
    {
      "url" : "http://nphcda.gov.ng/ig/fhir/CodeSystem/ng-immunization-site",
      "version" : "0.4.0",
      "status" : "active",
      "name" : "NGImmunizationSiteCS",
      "title" : "NG-Imm Vaccine Site CS",
      "description" : "This CodeSystem captures the specific anatomical location on the patient's body where a vaccine was administered."
    },
    {
      "url" : "http://nphcda.gov.ng/ig/fhir/CodeSystem/ng-lgas",
      "version" : "0.4.0",
      "status" : "active",
      "name" : "NGLGAsCS",
      "title" : "NG-Imm LGAs in Nigeria CS",
      "description" : "This CodeSystem defines LGA codes and names mapped to their respective States in Nigeria."
    },
    {
      "url" : "http://nphcda.gov.ng/ig/fhir/CodeSystem/ng-pregnancy-statusCS",
      "version" : "0.4.0",
      "status" : "active",
      "name" : "NGPregnancyStatusCS",
      "title" : "NG-Imm Client Pregnancy status CS",
      "description" : "This CodeSystem defines list of options for Pregnancy status of a Client"
    },
    {
      "url" : "http://nphcda.gov.ng/ig/fhir/CodeSystem/ng-relationship",
      "version" : "0.4.0",
      "status" : "active",
      "name" : "NGRelationshipsCS",
      "title" : "NG-Imm Relationships CS",
      "description" : "This CodeSystem defines list of persons related to a patient, but who is not a direct target of care"
    },
    {
      "url" : "http://nphcda.gov.ng/ig/fhir/CodeSystem/ng-session-type",
      "version" : "0.4.0",
      "status" : "active",
      "name" : "NGImmunizationSessionTypeCS",
      "title" : "NG-Imm Immunization Session types CS",
      "description" : "Type of session for immunization. Could be in a fixed facility, outreach or mobile."
    },
    {
      "url" : "http://nphcda.gov.ng/ig/fhir/CodeSystem/ng-sibling-health-statusCS",
      "version" : "0.4.0",
      "status" : "active",
      "name" : "NGSiblingHealthStatusCS",
      "title" : "NG-Imm Sibling Health Status CS",
      "description" : "This CodeSystem defines the health of the client's sibling"
    },
    {
      "url" : "http://nphcda.gov.ng/ig/fhir/CodeSystem/ng-states",
      "version" : "0.4.0",
      "status" : "active",
      "name" : "NGStatesCS",
      "title" : "NG-Imm States in Nigeria CS",
      "description" : "This CodeSystem defines ward codes and names mapped to their respective States in Nigeria."
    },
    {
      "url" : "http://nphcda.gov.ng/ig/fhir/CodeSystem/ng-vaccine-libraryCS",
      "version" : "0.4.0",
      "status" : "active",
      "name" : "NGVaccineLibraryCS",
      "title" : "NG-Imm Vaccine Library with SNOMED CT codes",
      "description" : "CodeSystem for IMMZ.Z Vaccine Library Data Elements supported by this IG using SNOMED CT codes"
    },
    {
      "url" : "https://nphcda.gov.ng/immunizationIG/CodeSystem/NGStockReportCS",
      "version" : "0.4.0",
      "status" : "draft",
      "name" : "NigeriaStockData",
      "title" : "NG-Imm Stock Management Data Elements CS",
      "description" : "CodeSystem for Stock Management Data Elements"
    }
  ]
}
