{
  "resourceType" : "CodeSystem",
  "id" : "nigeria-allergy-severity",
  "text" : {
    "status" : "generated",
    "div" : "<div xmlns=\"http://www.w3.org/1999/xhtml\"><p class=\"res-header-id\"><b>Generated Narrative: CodeSystem nigeria-allergy-severity</b></p><a name=\"nigeria-allergy-severity\"> </a><a name=\"hcnigeria-allergy-severity\"> </a><p>This  code system <code>http://nphcda.gov.ng/ig/fhir/CodeSystem/ng-allergy-severity</code> defines the following codes in a Is-A hierarchy:</p><table class=\"codes\"><tr><td style=\"white-space:nowrap\"><b>Code</b></td><td><b>Display</b></td><td><b>Definition</b></td></tr><tr><td style=\"white-space:nowrap\">mild<a name=\"nigeria-allergy-severity-mild\"> </a></td><td>Mild</td><td>The allergic reaction involves mild symptoms such as localized redness, itching, or rash, without systemic involvement or need for significant medical intervention.</td></tr><tr><td style=\"white-space:nowrap\">moderate<a name=\"nigeria-allergy-severity-moderate\"> </a></td><td>Moderate</td><td>The reaction includes more pronounced symptoms like widespread hives, mild breathing difficulty, or swelling that requires medical observation or treatment but is not life-threatening.</td></tr><tr><td style=\"white-space:nowrap\">severe<a name=\"nigeria-allergy-severity-severe\"> </a></td><td>Severe</td><td>The reaction is life-threatening or requires urgent medical attention, such as anaphylaxis, severe respiratory distress, or cardiovascular compromise.</td></tr></table></div>"
  },
  "url" : "http://nphcda.gov.ng/ig/fhir/CodeSystem/ng-allergy-severity",
  "version" : "0.4.0",
  "name" : "NigeriaAllergySeverityCS",
  "title" : "NG Reaction Severity",
  "status" : "active",
  "date" : "2025-06-23T10:40:32+01:00",
  "publisher" : "https://nphcda.gov.ng",
  "contact" : [{
    "name" : "https://nphcda.gov.ng",
    "telecom" : [{
      "system" : "url",
      "value" : "https://nphcda.gov.ng"
    }]
  },
  {
    "name" : "Nigeria Primary Healthcare Development Agency.",
    "telecom" : [{
      "system" : "email",
      "value" : "ig@nphcda.gov.ng",
      "use" : "work"
    }]
  }],
  "description" : "This CodeSystem captures the assessed severity of an allergic reaction following immunization.",
  "jurisdiction" : [{
    "coding" : [{
      "system" : "urn:iso:std:iso:3166",
      "code" : "NG",
      "display" : "Nigeria"
    }]
  }],
  "hierarchyMeaning" : "is-a",
  "content" : "complete",
  "count" : 3,
  "concept" : [{
    "code" : "mild",
    "display" : "Mild",
    "definition" : "The allergic reaction involves mild symptoms such as localized redness, itching, or rash, without systemic involvement or need for significant medical intervention.",
    "designation" : [{
      "use" : {
        "system" : "http://terminology.hl7.org/CodeSystem/designation-usage",
        "code" : "display"
      },
      "value" : "Mild"
    }]
  },
  {
    "code" : "moderate",
    "display" : "Moderate",
    "definition" : "The reaction includes more pronounced symptoms like widespread hives, mild breathing difficulty, or swelling that requires medical observation or treatment but is not life-threatening.",
    "designation" : [{
      "use" : {
        "system" : "http://terminology.hl7.org/CodeSystem/designation-usage",
        "code" : "display"
      },
      "value" : "Moderate"
    }]
  },
  {
    "code" : "severe",
    "display" : "Severe",
    "definition" : "The reaction is life-threatening or requires urgent medical attention, such as anaphylaxis, severe respiratory distress, or cardiovascular compromise.",
    "designation" : [{
      "use" : {
        "system" : "http://terminology.hl7.org/CodeSystem/designation-usage",
        "code" : "display"
      },
      "value" : "Severe"
    }]
  }]
}