{
  "codeSystems" : [
    {
      "url" : "http://hl7.org/fhir/address-type",
      "version" : "4.0.1",
      "status" : "active",
      "name" : "AddressType",
      "title" : "AddressType",
      "description" : "The type of an address (physical / postal).",
      "oids" : ["2.16.840.1.113883.4.642.4.70"],
      "uses" : {
      },
      "http://hl7.org/fhir/R4/valueset-address-type.html" : "AddressType"
    },
    {
      "url" : "http://hl7.org/fhir/address-use",
      "version" : "4.0.1",
      "status" : "active",
      "name" : "AddressUse",
      "title" : "AddressUse",
      "description" : "The use of an address.",
      "oids" : ["2.16.840.1.113883.4.642.4.68"],
      "uses" : {
      },
      "http://hl7.org/fhir/R4/valueset-address-use.html" : "AddressUse"
    },
    {
      "url" : "http://hl7.org/fhir/administrative-gender",
      "version" : "4.0.1",
      "status" : "active",
      "name" : "AdministrativeGender",
      "title" : "AdministrativeGender",
      "description" : "The gender of a person used for administrative purposes.",
      "oids" : ["2.16.840.1.113883.4.642.4.2"],
      "uses" : {
      },
      "http://hl7.org/fhir/R4/valueset-administrative-gender.html" : "AdministrativeGender"
    },
    {
      "url" : "http://hl7.org/fhir/allergy-intolerance-category",
      "version" : "4.0.1",
      "status" : "draft",
      "name" : "AllergyIntoleranceCategory",
      "title" : "AllergyIntoleranceCategory",
      "description" : "Category of an identified substance associated with allergies or intolerances.",
      "oids" : ["2.16.840.1.113883.4.642.4.134"],
      "uses" : {
      },
      "http://hl7.org/fhir/R4/valueset-allergy-intolerance-category.html" : "AllergyIntoleranceCategory"
    },
    {
      "url" : "http://hl7.org/fhir/allergy-intolerance-criticality",
      "version" : "4.0.1",
      "status" : "draft",
      "name" : "AllergyIntoleranceCriticality",
      "title" : "AllergyIntoleranceCriticality",
      "description" : "Estimate of the potential clinical harm, or seriousness, of a reaction to an identified substance.",
      "oids" : ["2.16.840.1.113883.4.642.4.130"],
      "uses" : {
      },
      "http://hl7.org/fhir/R4/valueset-allergy-intolerance-criticality.html" : "AllergyIntoleranceCriticality"
    },
    {
      "url" : "http://hl7.org/fhir/allergy-intolerance-type",
      "version" : "4.0.1",
      "status" : "draft",
      "name" : "AllergyIntoleranceType",
      "title" : "AllergyIntoleranceType",
      "description" : "Identification of the underlying physiological mechanism for a Reaction Risk.",
      "oids" : ["2.16.840.1.113883.4.642.4.132"],
      "uses" : {
      },
      "http://hl7.org/fhir/R4/valueset-allergy-intolerance-type.html" : "AllergyIntoleranceType"
    },
    {
      "url" : "http://hl7.org/fhir/contact-point-system",
      "version" : "4.0.1",
      "status" : "active",
      "name" : "ContactPointSystem",
      "title" : "ContactPointSystem",
      "description" : "Telecommunications form for contact point.",
      "oids" : ["2.16.840.1.113883.4.642.4.72"],
      "uses" : {
      },
      "http://hl7.org/fhir/R4/valueset-contact-point-system.html" : "ContactPointSystem"
    },
    {
      "url" : "http://hl7.org/fhir/contact-point-use",
      "version" : "4.0.1",
      "status" : "active",
      "name" : "ContactPointUse",
      "title" : "ContactPointUse",
      "description" : "Use of contact point.",
      "oids" : ["2.16.840.1.113883.4.642.4.74"],
      "uses" : {
      },
      "http://hl7.org/fhir/R4/valueset-contact-point-use.html" : "ContactPointUse"
    },
    {
      "url" : "http://hl7.org/fhir/event-status",
      "version" : "4.0.1",
      "status" : "draft",
      "name" : "EventStatus",
      "title" : "EventStatus",
      "description" : "Codes identifying the lifecycle stage of an event.",
      "oids" : ["2.16.840.1.113883.4.642.4.110"],
      "uses" : {
      },
      "http://hl7.org/fhir/R4/valueset-immunization-status.html" : "Immunization Status Codes"
    },
    {
      "url" : "http://hl7.org/fhir/identifier-use",
      "version" : "4.0.1",
      "status" : "active",
      "name" : "IdentifierUse",
      "title" : "IdentifierUse",
      "description" : "Identifies the purpose for this identifier, if known .",
      "oids" : ["2.16.840.1.113883.4.642.4.58"],
      "uses" : {
      },
      "http://hl7.org/fhir/R4/valueset-identifier-use.html" : "IdentifierUse"
    },
    {
      "url" : "http://hl7.org/fhir/link-type",
      "version" : "4.0.1",
      "status" : "active",
      "name" : "LinkType",
      "title" : "LinkType",
      "description" : "The type of link between this patient resource and another patient resource.",
      "oids" : ["2.16.840.1.113883.4.642.4.424"],
      "uses" : {
      },
      "http://hl7.org/fhir/R4/valueset-link-type.html" : "LinkType"
    },
    {
      "url" : "http://hl7.org/fhir/measure-report-status",
      "version" : "4.0.1",
      "status" : "draft",
      "name" : "MeasureReportStatus",
      "title" : "MeasureReportStatus",
      "description" : "The status of the measure report.",
      "oids" : ["2.16.840.1.113883.4.642.4.777"],
      "uses" : {
      },
      "http://hl7.org/fhir/R4/valueset-measure-report-status.html" : "MeasureReportStatus"
    },
    {
      "url" : "http://hl7.org/fhir/measure-report-type",
      "version" : "4.0.1",
      "status" : "draft",
      "name" : "MeasureReportType",
      "title" : "MeasureReportType",
      "description" : "The type of the measure report.",
      "oids" : ["2.16.840.1.113883.4.642.4.779"],
      "uses" : {
      },
      "http://hl7.org/fhir/R4/valueset-measure-report-type.html" : "MeasureReportType"
    },
    {
      "url" : "http://hl7.org/fhir/name-use",
      "version" : "4.0.1",
      "status" : "active",
      "name" : "NameUse",
      "title" : "NameUse",
      "description" : "The use of a human name.",
      "oids" : ["2.16.840.1.113883.4.642.4.66"],
      "uses" : {
      },
      "http://hl7.org/fhir/R4/valueset-name-use.html" : "NameUse"
    },
    {
      "url" : "http://hl7.org/fhir/publication-status",
      "version" : "4.0.1",
      "status" : "active",
      "name" : "PublicationStatus",
      "title" : "PublicationStatus",
      "description" : "The lifecycle status of an artifact.",
      "oids" : ["2.16.840.1.113883.4.642.4.4"],
      "uses" : {
      },
      "http://hl7.org/fhir/R4/valueset-publication-status.html" : "PublicationStatus"
    },
    {
      "url" : "http://hl7.org/fhir/quantity-comparator",
      "version" : "4.0.1",
      "status" : "active",
      "name" : "QuantityComparator",
      "title" : "QuantityComparator",
      "description" : "How the Quantity should be understood and represented.",
      "oids" : ["2.16.840.1.113883.4.642.4.60"],
      "uses" : {
      },
      "http://hl7.org/fhir/R4/valueset-quantity-comparator.html" : "QuantityComparator"
    },
    {
      "url" : "http://hl7.org/fhir/resource-types",
      "version" : "4.0.1",
      "status" : "active",
      "name" : "ResourceType",
      "title" : "ResourceType",
      "description" : "One of the resource types defined as part of this version of FHIR.",
      "uses" : {
      },
      "http://hl7.org/fhir/R4/valueset-subject-type.html" : "Subject type",
      "http://hl7.org/fhir/R4/valueset-resource-types.html" : "ResourceType"
    },
    {
      "url" : "http://hl7.org/fhir/sid/cvx",
      "version" : "4.0.1",
      "status" : "active",
      "name" : "CVX",
      "title" : "Vaccine Administered Code Set (CVX)",
      "description" : "The CDC's National Center of Immunization and Respiratory Diseases (NCIRD - see [https://www.cdc.gov/ncird/](https://www.cdc.gov/ncird/)) developed and maintains the CVX (vaccine administered) code set. It includes both active and inactive vaccines available in the US. CVX codes for inactive vaccines allow transmission of historical immunization records. When a MVX (manufacturer) code is paired with a CVX (vaccine administered) code, the specific trade named vaccine may be indicated. These codes should be used for immunization messages using either HL7 Version 2.3.1 or HL7 Version 2.5.1. CVX is the underlying Master Code System for V2 table 0292 (Vaccines Administered). The machine readable name for CVX in PHIN VADS is PH_VaccinesAdministeredCVX_CDC_NIP. The version of the CVX code set for certification can be found on the archive page:[https://www2a.cdc.gov/vaccines/iis/iisstandards/mu3versioned_codes.asp](https://www2a.cdc.gov/vaccines/iis/iisstandards/mu3versioned_codes.asp) \r\n\r\nThe Status column indicates if the vaccine is currently available in the United States.\r\n\r\n*  Active: A currently available administrable vaccine \r\n\r\n*  Inactive: An administrable vaccine formulation that is no longer available for patient administration, but can be found in historical patient records OR A historical record of a vaccine administered where the exact formulation is unknown \r\n\r\n*  Pending: A vaccine that is expected to become active in the future \r\n\r\n*  Non-US: A vaccine that available outside the US only \r\n\r\n*  Never Active: A vaccine that was never available and is not in the pipeline of new vaccines \r\n\r\nThe Last Updated column indicates the last time this particular vaccine code was updated in this table.\r\n\r\nQuestions regarding this table should be directed to the IIS Technical Assistance Team via iisinfo@cdc.gov (or use mailing address via [https://www2a.cdc.gov/vaccines/iis/iisstandards/vaccines.asp?rpt=cvx#addr](https://www2a.cdc.gov/vaccines/iis/iisstandards/vaccines.asp?rpt=cvx#addr)) \r\n\r\nHL7 Implementers should note that 'Status' IS NOT CONCEPT STATUS as all codes are ACTIVE in this code system.\r\n\r\nThe current code system is available via [https://www2a.cdc.gov/vaccines/iis/iisstandards/vaccines.asp?rpt=cvx](https://www2a.cdc.gov/vaccines/iis/iisstandards/vaccines.asp?rpt=cvx)",
      "oids" : ["2.16.840.1.113883.12.292"],
      "uses" : {
      },
      "http://hl7.org/fhir/R4/valueset-vaccine-code.html" : "Vaccine Administered Value Set"
    },
    {
      "url" : "http://nphcda.gov.ng/ig/fhir/CodeSystem/ng-administrative-ward",
      "version" : "0.4.0",
      "status" : "active",
      "name" : "NGWardsCS",
      "title" : "NG-Imm Administrative Wards CS",
      "description" : "This CodeSystem defines ward codes and names mapped to their respective Local Government Areas (LGAs) in Nigeria.",
      "uses" : {
      },
      "ValueSet-nigeria-wards.html" : "NG-Imm Wards VS"
    },
    {
      "url" : "http://nphcda.gov.ng/ig/fhir/CodeSystem/ng-allergy-severity",
      "version" : "0.4.0",
      "status" : "active",
      "name" : "NGAllergySeverityCS",
      "title" : "NG-Imm Allergy Severity CS",
      "description" : "This CodeSystem captures the assessed severity of an allergic reaction following immunization.",
      "uses" : {
      },
      "ValueSet-nigeria-allergy-severity.html" : "NG-Imm Allergy Severity VS"
    },
    {
      "url" : "http://nphcda.gov.ng/ig/fhir/CodeSystem/ng-clinical-status",
      "version" : "0.4.0",
      "status" : "active",
      "name" : "NGClinicalStatusCS",
      "title" : "NG-Imm Adverse Event Clinical Status CS",
      "description" : "A classification system that represents the current clinical status of an individual who experienced an Adverse Event Following Immunization (AEFI), based on medical observation, investigation, or follow-up assessment.",
      "uses" : {
      },
      "ValueSet-nigeria-clinical-status.html" : "NG-Imm Clinical Status VS"
    },
    {
      "url" : "http://nphcda.gov.ng/ig/fhir/CodeSystem/ng-contraindication",
      "version" : "0.4.0",
      "status" : "active",
      "name" : "NGImmunizationContraindicationCS",
      "title" : "NG-Imm Vaccine contraindications CS",
      "description" : "A set of standardized codes used to represent clinical conditions, diagnoses, or circumstances that serve as contraindications to the administration of one or more vaccines.",
      "uses" : {
      },
      "ValueSet-nigeria-vaccine-contraindication.html" : "NG-Imm Vaccine Contraindication VS"
    },
    {
      "url" : "http://nphcda.gov.ng/ig/fhir/CodeSystem/ng-facility-typeCS",
      "version" : "0.4.0",
      "status" : "active",
      "name" : "NGFacilityTypeCS",
      "title" : "NG-Imm Facility Type CS",
      "description" : "A standardized classification system used to describe the type or level of health facility within a healthcare delivery system, based on the scope of services provided, staffing, infrastructure, and administrative role.",
      "uses" : {
      },
      "ValueSet-nigeria-facility-types.html" : "NG-Imm HealthFacility Type VS"
    },
    {
      "url" : "http://nphcda.gov.ng/ig/fhir/CodeSystem/ng-hiv-statusCS",
      "version" : "0.4.0",
      "status" : "active",
      "name" : "NGHivStatusCS",
      "title" : "NG-Imm Client HIV status CS",
      "description" : "This CodeSystem defines list of options for HIV status of a Client",
      "uses" : {
      },
      "ValueSet-nigeria-hiv-status.html" : "NG-Imm Client HIV Status VS"
    },
    {
      "url" : "http://nphcda.gov.ng/ig/fhir/CodeSystem/ng-immunization-site",
      "version" : "0.4.0",
      "status" : "active",
      "name" : "NGImmunizationSiteCS",
      "title" : "NG-Imm Vaccine Site CS",
      "description" : "This CodeSystem captures the specific anatomical location on the patient's body where a vaccine was administered.",
      "uses" : {
      },
      "ValueSet-nigeria-vaccine-site.html" : "NG-Imm Vaccine Site VS"
    },
    {
      "url" : "http://nphcda.gov.ng/ig/fhir/CodeSystem/ng-lgas",
      "version" : "0.4.0",
      "status" : "active",
      "name" : "NGLGAsCS",
      "title" : "NG-Imm LGAs in Nigeria CS",
      "description" : "This CodeSystem defines LGA codes and names mapped to their respective States in Nigeria.",
      "uses" : {
      },
      "ValueSet-nigeria-lgas.html" : "NG-Imm LGAs VS"
    },
    {
      "url" : "http://nphcda.gov.ng/ig/fhir/CodeSystem/ng-pregnancy-statusCS",
      "version" : "0.4.0",
      "status" : "active",
      "name" : "NGPregnancyStatusCS",
      "title" : "NG-Imm Client Pregnancy status CS",
      "description" : "This CodeSystem defines list of options for Pregnancy status of a Client",
      "uses" : {
      },
      "ValueSet-nigeria-pregnancy-status.html" : "NG-Imm Client Preganancy Status VS"
    },
    {
      "url" : "http://nphcda.gov.ng/ig/fhir/CodeSystem/ng-relationship",
      "version" : "0.4.0",
      "status" : "active",
      "name" : "NGRelationshipsCS",
      "title" : "NG-Imm Relationships CS",
      "description" : "This CodeSystem defines list of persons related to a patient, but who is not a direct target of care",
      "uses" : {
      },
      "ValueSet-nigeria-relationship.html" : "NG-Imm Relationships VS"
    },
    {
      "url" : "http://nphcda.gov.ng/ig/fhir/CodeSystem/ng-session-type",
      "version" : "0.4.0",
      "status" : "active",
      "name" : "NGImmunizationSessionTypeCS",
      "title" : "NG-Imm Immunization Session types CS",
      "description" : "Type of session for immunization. Could be in a fixed facility, outreach or mobile.",
      "uses" : {
      },
      "ValueSet-nigeria-session-type.html" : "NG-Imm Session Type VS"
    },
    {
      "url" : "http://nphcda.gov.ng/ig/fhir/CodeSystem/ng-sibling-health-statusCS",
      "version" : "0.4.0",
      "status" : "active",
      "name" : "NGSiblingHealthStatusCS",
      "title" : "NG-Imm Sibling Health Status CS",
      "description" : "This CodeSystem defines the health of the client's sibling",
      "uses" : {
      },
      "ValueSet-nigeria-sibling-health-status.html" : "NG-Imm Sibling Health Status VS"
    },
    {
      "url" : "http://nphcda.gov.ng/ig/fhir/CodeSystem/ng-states",
      "version" : "0.4.0",
      "status" : "active",
      "name" : "NGStatesCS",
      "title" : "NG-Imm States in Nigeria CS",
      "description" : "This CodeSystem defines ward codes and names mapped to their respective States in Nigeria.",
      "uses" : {
      },
      "ValueSet-nigeria-states.html" : "NG-Imm States VS"
    },
    {
      "url" : "http://nphcda.gov.ng/ig/fhir/CodeSystem/ng-vaccine-libraryCS",
      "version" : "0.4.0",
      "status" : "active",
      "name" : "NGVaccineLibraryCS",
      "title" : "NG-Imm Vaccine Library with SNOMED CT codes",
      "description" : "CodeSystem for IMMZ.Z Vaccine Library Data Elements supported by this IG using SNOMED CT codes",
      "uses" : {
      },
      "ValueSet-nigeria-vaccine-library.html" : "NG-Imm VaccineLibrary VS"
    },
    {
      "url" : "http://snomed.info/sct",
      "version" : null,
      "status" : "active",
      "name" : "SNOMED_CT",
      "title" : "SNOMED CT (all versions)",
      "description" : "SNOMED CT is the most comprehensive and precise clinical health terminology product in the world, owned and distributed around the world by The International Health Terminology Standards Development Organisation (IHTSDO).",
      "oids" : ["2.16.840.1.113883.6.96"],
      "uses" : {
      },
      "http://hl7.org/fhir/R4/valueset-clinical-findings.html" : "SNOMED CT Clinical Findings",
      "http://hl7.org/fhir/R4/valueset-allergyintolerance-code.html" : "AllergyIntolerance Substance/Product, Condition and Negation Codes",
      "http://hl7.org/fhir/R4/valueset-immunization-reason.html" : "Immunization Reason Codes",
      "http://hl7.org/fhir/R4/valueset-substance-code.html" : "Substance Code",
      "http://hl7.org/fhir/R4/valueset-immunization-status-reason.html" : "Immunization Status Reason Codes",
      "http://hl7.org/fhir/R4/valueset-immunization-target-disease.html" : "Immunization Target Disease Codes",
      "http://hl7.org/fhir/R4/valueset-route-codes.html" : "SNOMED CT Route Codes"
    },
    {
      "url" : "http://terminology.hl7.org/CodeSystem/allergyintolerance-verification",
      "version" : "1.0.1",
      "status" : "active",
      "name" : "AllergyIntoleranceVerificationStatus",
      "title" : "AllergyIntolerance Verification Status",
      "description" : "The verification status to support or decline the clinical status of the allergy or intolerance.",
      "oids" : ["2.16.840.1.113883.4.642.1.1371"],
      "uses" : {
      },
      "http://hl7.org/fhir/R4/valueset-allergyintolerance-verification.html" : "AllergyIntolerance Verification Status Codes"
    },
    {
      "url" : "http://terminology.hl7.org/CodeSystem/composite-measure-scoring",
      "version" : "1.0.1",
      "status" : "active",
      "name" : "CompositeMeasureScoring",
      "title" : "CompositeMeasureScoring",
      "description" : "The composite scoring method of the measure.",
      "oids" : ["2.16.840.1.113883.4.642.1.1235"],
      "uses" : {
      },
      "http://hl7.org/fhir/R4/valueset-composite-measure-scoring.html" : "CompositeMeasureScoring"
    },
    {
      "url" : "http://terminology.hl7.org/CodeSystem/contactentity-type",
      "version" : "1.0.0",
      "status" : "draft",
      "name" : "ContactEntityType",
      "title" : "Contact entity type",
      "description" : "This example value set defines a set of codes that can be used to indicate the purpose for which you would contact a contact party.",
      "oids" : ["2.16.840.1.113883.4.642.1.1129"],
      "uses" : {
      },
      "http://hl7.org/fhir/R4/valueset-contactentity-type.html" : "Contact entity type"
    },
    {
      "url" : "http://terminology.hl7.org/CodeSystem/definition-topic",
      "version" : "1.0.1",
      "status" : "active",
      "name" : "DefinitionTopic",
      "title" : "DefinitionTopic",
      "description" : "High-level categorization of the definition, used for searching, sorting, and filtering.",
      "oids" : ["2.16.840.1.113883.4.642.1.1244"],
      "uses" : {
      },
      "http://hl7.org/fhir/R4/valueset-definition-topic.html" : "DefinitionTopic"
    },
    {
      "url" : "http://terminology.hl7.org/CodeSystem/immunization-funding-source",
      "version" : "1.0.1",
      "status" : "active",
      "name" : "ImmunizationFundingSource",
      "title" : "Immunization Funding Source",
      "description" : "The value set to instantiate this attribute should be drawn from a terminologically robust code system that consists of or contains concepts to support describing the source of the vaccine administered. This value set is provided as a suggestive example.",
      "oids" : ["2.16.840.1.113883.4.642.1.1100"],
      "uses" : {
      },
      "http://hl7.org/fhir/R4/valueset-immunization-funding-source.html" : "Immunization Funding Source"
    },
    {
      "url" : "http://terminology.hl7.org/CodeSystem/immunization-origin",
      "version" : "1.0.1",
      "status" : "active",
      "name" : "ImmunizationOriginCodes",
      "title" : "Immunization Origin Codes",
      "description" : "The value set to instantiate this attribute should be drawn from a terminologically robust code system that consists of or contains concepts to support describing the source of the data when the report of the immunization event is not based on information from the person, entity or organization who administered the vaccine. This value set is provided as a suggestive example.",
      "oids" : ["2.16.840.1.113883.4.642.1.1101"],
      "uses" : {
      },
      "http://hl7.org/fhir/R4/valueset-immunization-origin.html" : "Immunization Origin Codes"
    },
    {
      "url" : "http://terminology.hl7.org/CodeSystem/immunization-program-eligibility",
      "version" : "1.0.1",
      "status" : "active",
      "name" : "ImmunizationProgramEligibility",
      "title" : "Immunization Program Eligibility",
      "description" : "The value set to instantiate this attribute should be drawn from a terminologically robust code system that consists of or contains concepts to support describing the patient's eligibility for a vaccination program. This value set is provided as a suggestive example.",
      "oids" : ["2.16.840.1.113883.4.642.1.1099"],
      "uses" : {
      },
      "http://hl7.org/fhir/R4/valueset-immunization-program-eligibility.html" : "Immunization Program Eligibility"
    },
    {
      "url" : "http://terminology.hl7.org/CodeSystem/immunization-subpotent-reason",
      "version" : "1.0.1",
      "status" : "active",
      "name" : "ImmunizationSubpotentReason",
      "title" : "Immunization Subpotent Reason",
      "description" : "The value set to instantiate this attribute should be drawn from a terminologically robust code system that consists of or contains concepts to support describing the reason why a dose is considered to be subpotent. This value set is provided as a suggestive example.",
      "oids" : ["2.16.840.1.113883.4.642.1.1098"],
      "uses" : {
      },
      "http://hl7.org/fhir/R4/valueset-immunization-subpotent-reason.html" : "Immunization Subpotent Reason"
    },
    {
      "url" : "http://terminology.hl7.org/CodeSystem/measure-data-usage",
      "version" : "1.0.1",
      "status" : "active",
      "name" : "MeasureDataUsage",
      "title" : "MeasureDataUsage",
      "description" : "The intended usage for supplemental data elements in the measure.",
      "oids" : ["2.16.840.1.113883.4.642.1.1234"],
      "uses" : {
      },
      "http://hl7.org/fhir/R4/valueset-measure-data-usage.html" : "MeasureDataUsage"
    },
    {
      "url" : "http://terminology.hl7.org/CodeSystem/measure-improvement-notation",
      "version" : "1.0.1",
      "status" : "active",
      "name" : "MeasureImprovementNotation",
      "title" : "MeasureImprovementNotation",
      "description" : "Observation values that indicate what change in a measurement value or score is indicative of an improvement in the measured item or scored issue.",
      "oids" : ["2.16.840.1.113883.4.642.1.1395"],
      "uses" : {
      },
      "http://hl7.org/fhir/R4/valueset-measure-improvement-notation.html" : "MeasureImprovementNotation"
    },
    {
      "url" : "http://terminology.hl7.org/CodeSystem/measure-population",
      "version" : "2.0.0",
      "status" : "active",
      "name" : "MeasurePopulationType",
      "title" : "Measure Population Type",
      "description" : "The type of population.",
      "oids" : ["2.16.840.1.113883.4.642.1.1231"],
      "uses" : {
      },
      "http://hl7.org/fhir/R4/valueset-measure-population.html" : "MeasurePopulationType"
    },
    {
      "url" : "http://terminology.hl7.org/CodeSystem/measure-scoring",
      "version" : "4.0.0",
      "status" : "active",
      "name" : "MeasureScoring",
      "title" : "Measure Scoring",
      "description" : "The scoring type of the measure.",
      "oids" : ["2.16.840.1.113883.4.642.1.1232"],
      "uses" : {
      },
      "http://hl7.org/fhir/R4/valueset-measure-scoring.html" : "MeasureScoring"
    },
    {
      "url" : "http://terminology.hl7.org/CodeSystem/measure-type",
      "version" : "3.0.1",
      "status" : "active",
      "name" : "MeasureType",
      "title" : "MeasureType",
      "description" : "The type of measure (includes codes from 2.16.840.1.113883.1.11.20368).",
      "oids" : ["2.16.840.1.113883.4.642.1.1233"],
      "uses" : {
      },
      "http://hl7.org/fhir/R4/valueset-measure-type.html" : "MeasureType"
    },
    {
      "url" : "http://terminology.hl7.org/CodeSystem/v2-0131",
      "version" : "2.0.0",
      "status" : "active",
      "name" : "ContactRole2",
      "title" : "contactRole2",
      "description" : "Code system of concepts which specify a relationship role that the next of kin/associated parties plays with regard to the patient. Also used in referrals, for example, it may be necessary to identify the contact representative at the clinic that sent a referral. Used in HL7 Version 2 messaging in the NK1 and CTD segments after 2.5, when it replace 2.16.840.1.113883.18.57.",
      "oids" : ["2.16.840.1.113883.18.58"],
      "uses" : {
      },
      "http://hl7.org/fhir/R4/valueset-patient-contactrelationship.html" : "Patient Contact Relationship ",
      "http://hl7.org/fhir/R4/valueset-relatedperson-relationshiptype.html" : "Patient relationship type"
    },
    {
      "url" : "http://terminology.hl7.org/CodeSystem/v2-0203",
      "version" : "4.0.0",
      "status" : "active",
      "name" : "IdentifierType",
      "title" : "identifierType",
      "description" : "HL7-defined code system of concepts specifying type of identifier. Used in HL7 Version 2.x messaging data types CX, PLN, PPN, XCN and XON.",
      "oids" : ["2.16.840.1.113883.18.108"],
      "uses" : {
      },
      "http://hl7.org/fhir/R4/valueset-identifier-type.html" : "IdentifierType"
    },
    {
      "url" : "http://terminology.hl7.org/CodeSystem/v2-0443",
      "version" : "2.0.0",
      "status" : "active",
      "name" : "ProviderRole",
      "title" : "providerRole",
      "description" : "Code system of concepts specifying the functional involvement with the activity being transmitted (e.g., Case Manager, Evaluator, Transcriber, Nurse Care Practitioner, Midwife, Physician Assistant, etc.).  Used in HL7 Version 2.x messaging in the ROL segment.",
      "oids" : ["2.16.840.1.113883.18.283"],
      "uses" : {
      },
      "http://hl7.org/fhir/R4/valueset-immunization-function.html" : "Immunization Function Codes"
    },
    {
      "url" : "http://terminology.hl7.org/CodeSystem/v3-ActReason",
      "version" : "3.1.0",
      "status" : "active",
      "name" : "ActReason",
      "title" : "ActReason",
      "description" : "A set of codes specifying the motivation, cause, or rationale of an Act, when such rationale is not reasonably represented as an ActRelationship of type \"has reason\" linking to another Act.\r\n\r\n*Examples:* Example reasons that might qualify for being coded in this field might be: \"routine requirement\", \"infectious disease reporting requirement\", \"on patient request\", \"required by law\".",
      "oids" : ["2.16.840.1.113883.5.8"],
      "uses" : {
      },
      "http://hl7.org/fhir/R4/valueset-immunization-status-reason.html" : "Immunization Status Reason Codes"
    },
    {
      "url" : "http://terminology.hl7.org/CodeSystem/v3-MaritalStatus",
      "version" : "3.0.0",
      "status" : "active",
      "name" : "MaritalStatus",
      "title" : "MaritalStatus",
      "description" : "\\* \\* \\* No description supplied \\* \\* \\*\r\n\r\n*Open Issue:* The specific meanings of these codes can vary somewhat by jurisdiction and implementation so caution should be used when determining equivalency.\r\n\r\n*Open Issue:* fixing and completion of the hierarchy and proper good definitions of all the concepts is badly needed.",
      "oids" : ["2.16.840.1.113883.5.2"],
      "uses" : {
      },
      "http://hl7.org/fhir/R4/valueset-marital-status.html" : "MaritalStatus"
    },
    {
      "url" : "http://terminology.hl7.org/CodeSystem/v3-NullFlavor",
      "version" : "3.0.0",
      "status" : "active",
      "name" : "NullFlavor",
      "title" : "NullFlavor",
      "description" : "A collection of codes specifying why a valid value is not present.",
      "oids" : ["2.16.840.1.113883.5.1008"],
      "uses" : {
      },
      "http://hl7.org/fhir/R4/valueset-marital-status.html" : "MaritalStatus"
    },
    {
      "url" : "http://terminology.hl7.org/CodeSystem/v3-RoleCode",
      "version" : "3.0.0",
      "status" : "active",
      "name" : "RoleCode",
      "title" : "RoleCode",
      "description" : "A set of codes further specifying the kind of Role; specific classification codes for further qualifying RoleClass codes.",
      "oids" : ["2.16.840.1.113883.5.111"],
      "uses" : {
      },
      "http://hl7.org/fhir/R4/valueset-relatedperson-relationshiptype.html" : "Patient relationship type"
    },
    {
      "url" : "http://terminology.hl7.org/CodeSystem/v3-RouteOfAdministration",
      "version" : "3.0.0",
      "status" : "active",
      "name" : "RouteOfAdministration",
      "title" : "RouteOfAdministration",
      "description" : "The path the administered medication takes to get into the body or into contact with the body.",
      "oids" : ["2.16.840.1.113883.5.112"],
      "uses" : {
      },
      "http://hl7.org/fhir/R4/valueset-immunization-route.html" : "Immunization Route Codes"
    },
    {
      "url" : "urn:ietf:bcp:47",
      "version" : "2.0.1",
      "status" : "active",
      "name" : "Ietf3066",
      "title" : "Tags for the Identification of Languages",
      "description" : "Older value from OID registry.  Superceded; see recommendations in BCP-47.",
      "oids" : ["2.16.840.1.113883.6.121"],
      "uses" : {
      },
      "http://hl7.org/fhir/R4/valueset-languages.html" : "Common Languages"
    },
    {
      "url" : "urn:iso:std:iso:3166",
      "version" : "1.0.1",
      "status" : "active",
      "name" : "ISO3166Part1",
      "title" : "ISO 3166-1 Codes for the representation of names of countries and their subdivisions — Part 1: Country code",
      "description" : "ISO 3166-1 establishes codes that represent the current names of countries, dependencies, and other areas of particular geopolitical interest, on the basis of country names obtained from the United Nations.",
      "oids" : ["1.0.3166.1"],
      "uses" : {
      },
      "http://hl7.org/fhir/R4/valueset-jurisdiction.html" : "Jurisdiction"
    },
    {
      "url" : "urn:iso:std:iso:3166:-2",
      "version" : "2013-11",
      "status" : "retired",
      "name" : "Iso3166_2",
      "title" : "ISO 3166 Part 2 Country Subdivision Codes",
      "description" : "Identifies the coding system published in the ISO 3166-2 Standard for Country Subdivision codes. This standard is released periodically, and a new OID will be assigned by ISO for new editions.",
      "oids" : ["1.0.3166.2"],
      "uses" : {
      },
      "http://hl7.org/fhir/R4/valueset-jurisdiction.html" : "Jurisdiction"
    }
  ]
}
