<?xml version="1.0" encoding="UTF-8"?>

<CodeSystem xmlns="http://hl7.org/fhir">
  <id value="nigeria-relationship"/>
  <text>
    <status value="generated"/><div xmlns="http://www.w3.org/1999/xhtml"><p class="res-header-id"><b>Generated Narrative: CodeSystem nigeria-relationship</b></p><a name="nigeria-relationship"> </a><a name="hcnigeria-relationship"> </a><p>This case-sensitive code system <code>http://nphcda.gov.ng/ig/fhir/CodeSystem/ng-relationship</code> defines the following codes in a Is-A hierarchy:</p><table class="codes"><tr><td style="white-space:nowrap"><b>Code</b></td><td><b>Display</b></td></tr><tr><td style="white-space:nowrap">BROTHER<a name="nigeria-relationship-BROTHER"> </a></td><td>Brother</td></tr><tr><td style="white-space:nowrap">SISTER<a name="nigeria-relationship-SISTER"> </a></td><td>Sister</td></tr><tr><td style="white-space:nowrap">SON<a name="nigeria-relationship-SON"> </a></td><td>Son</td></tr><tr><td style="white-space:nowrap">DAUGHTER<a name="nigeria-relationship-DAUGHTER"> </a></td><td>Daughter</td></tr><tr><td style="white-space:nowrap">MOTHER<a name="nigeria-relationship-MOTHER"> </a></td><td>Mother</td></tr><tr><td style="white-space:nowrap">FATHER<a name="nigeria-relationship-FATHER"> </a></td><td>Father</td></tr><tr><td style="white-space:nowrap">AUNT<a name="nigeria-relationship-AUNT"> </a></td><td>Aunt</td></tr><tr><td style="white-space:nowrap">COUNSN<a name="nigeria-relationship-COUNSN"> </a></td><td>Cousin</td></tr><tr><td style="white-space:nowrap">GRDSON<a name="nigeria-relationship-GRDSON"> </a></td><td>Grand Son</td></tr><tr><td style="white-space:nowrap">GRDDAU<a name="nigeria-relationship-GRDDAU"> </a></td><td>Grand Daughter</td></tr><tr><td style="white-space:nowrap">INLAW<a name="nigeria-relationship-INLAW"> </a></td><td>Inlaw</td></tr><tr><td style="white-space:nowrap">NEPHEW<a name="nigeria-relationship-NEPHEW"> </a></td><td>Nephew</td></tr><tr><td style="white-space:nowrap">NIECE<a name="nigeria-relationship-NIECE"> </a></td><td>Niece</td></tr><tr><td style="white-space:nowrap">UNCLE<a name="nigeria-relationship-UNCLE"> </a></td><td>Uncle</td></tr><tr><td style="white-space:nowrap">FRND<a name="nigeria-relationship-FRND"> </a></td><td>Friend</td></tr></table></div>
  </text>
  <url value="http://nphcda.gov.ng/ig/fhir/CodeSystem/ng-relationship"/>
  <version value="0.4.0"/>
  <name value="NGRelationshipsCS"/>
  <title value="NG-Imm Relationships CS"/>
  <status value="active"/>
  <date value="2025-06-25T06:29:04+01:00"/>
  <publisher value="https://nphcda.gov.ng"/>
  <contact>
    <name value="https://nphcda.gov.ng"/>
    <telecom>
      <system value="url"/>
      <value value="https://nphcda.gov.ng"/>
    </telecom>
  </contact>
  <contact>
    <name value="Nigeria Primary Healthcare Development Agency."/>
    <telecom>
      <system value="email"/>
      <value value="ig@nphcda.gov.ng"/>
      <use value="work"/>
    </telecom>
  </contact>
  <description value="This CodeSystem defines list of persons related to a patient, but who is not a direct target of care"/>
  <jurisdiction>
    <coding>
      <system value="urn:iso:std:iso:3166"/>
      <code value="NG"/>
      <display value="Nigeria"/>
    </coding>
  </jurisdiction>
  <caseSensitive value="true"/>
  <hierarchyMeaning value="is-a"/>
  <content value="complete"/>
  <count value="15"/>
  <concept>
    <code value="BROTHER"/>
    <display value="Brother"/>
  </concept>
  <concept>
    <code value="SISTER"/>
    <display value="Sister"/>
  </concept>
  <concept>
    <code value="SON"/>
    <display value="Son"/>
  </concept>
  <concept>
    <code value="DAUGHTER"/>
    <display value="Daughter"/>
  </concept>
  <concept>
    <code value="MOTHER"/>
    <display value="Mother"/>
  </concept>
  <concept>
    <code value="FATHER"/>
    <display value="Father"/>
  </concept>
  <concept>
    <code value="AUNT"/>
    <display value="Aunt"/>
  </concept>
  <concept>
    <code value="COUNSN"/>
    <display value="Cousin"/>
  </concept>
  <concept>
    <code value="GRDSON"/>
    <display value="Grand Son"/>
  </concept>
  <concept>
    <code value="GRDDAU"/>
    <display value="Grand Daughter"/>
  </concept>
  <concept>
    <code value="INLAW"/>
    <display value="Inlaw"/>
  </concept>
  <concept>
    <code value="NEPHEW"/>
    <display value="Nephew"/>
  </concept>
  <concept>
    <code value="NIECE"/>
    <display value="Niece"/>
  </concept>
  <concept>
    <code value="UNCLE"/>
    <display value="Uncle"/>
  </concept>
  <concept>
    <code value="FRND"/>
    <display value="Friend"/>
  </concept>
</CodeSystem>