<?xml version="1.0" encoding="UTF-8"?>

<SearchParameter xmlns="http://hl7.org/fhir">
  <id value="SearchParameter-ngimm-lastname"/>
  <text>
    <status value="generated"/><div xmlns="http://www.w3.org/1999/xhtml"><p class="res-header-id"><b>Generated Narrative: SearchParameter SearchParameter-ngimm-lastname</b></p><a name="SearchParameter-ngimm-lastname"> </a><a name="hcSearchParameter-ngimm-lastname"> </a><h2>lastname</h2><p>Parameter <code>lastname</code>:<code>token</code></p><div><p>Search by patient lastname</p>
</div><table class="grid"><tr><td>Resource</td><td><a href="http://hl7.org/fhir/R4/patient.html">Patient</a></td></tr><tr><td>Expression</td><td><code>Patient.lastname</code></td></tr><tr><td>Multiples</td><td><ul><li>multipleAnd: It's up to the server whether the parameter may repeat in order to specify multiple values that must all be true</li><li>multipleOr: It's up to the server whether the parameter can have multiple values (separated by comma) where at least one must be true</li></ul></td></tr></table></div>
  </text>
  <url value="https://nphcda.gov.ng/immunizationIG/SearchParameter/SearchParameter-ngimm-lastname"/>
  <version value="0.4.0"/>
  <name value="lastname"/>
  <status value="active"/>
  <date value="2025-06-23T11:00:10+01:00"/>
  <publisher value="https://nphcda.gov.ng"/>
  <contact>
    <name value="https://nphcda.gov.ng"/>
    <telecom>
      <system value="url"/>
      <value value="https://nphcda.gov.ng"/>
    </telecom>
  </contact>
  <contact>
    <name value="Nigeria Primary Healthcare Development Agency."/>
    <telecom>
      <system value="email"/>
      <value value="ig@nphcda.gov.ng"/>
      <use value="work"/>
    </telecom>
  </contact>
  <description value="Search by patient lastname"/>
  <jurisdiction>
    <coding>
      <system value="urn:iso:std:iso:3166"/>
      <code value="NG"/>
      <display value="Nigeria"/>
    </coding>
  </jurisdiction>
  <code value="lastname"/>
  <base value="Patient"/>
  <type value="token"/>
  <expression value="Patient.lastname"/>
</SearchParameter>