<?xml version="1.0" encoding="UTF-8"?>

<ValueSet xmlns="http://hl7.org/fhir">
  <id value="nigeria-sibling-health-status"/>
  <text>
    <status value="generated"/><div xmlns="http://www.w3.org/1999/xhtml"><p class="res-header-id"><b>Generated Narrative: ValueSet nigeria-sibling-health-status</b></p><a name="nigeria-sibling-health-status"> </a><a name="hcnigeria-sibling-health-status"> </a><ul><li>Include all codes defined in <a href="CodeSystem-nigeria-sibling-health-status.html"><code>http://nphcda.gov.ng/ig/fhir/CodeSystem/ng-sibling-health-statusCS</code></a></li></ul></div>
  </text>
  <url value="http://nphcda.gov.ng/ig/fhir/ValueSet/ng-sibling-health-status"/>
  <version value="0.4.0"/>
  <name value="NGSiblingHealthStatusVS"/>
  <title value="Sibling Health Status"/>
  <status value="active"/>
  <date value="2025-06-24T07:35:37+01:00"/>
  <publisher value="https://nphcda.gov.ng"/>
  <contact>
    <name value="https://nphcda.gov.ng"/>
    <telecom>
      <system value="url"/>
      <value value="https://nphcda.gov.ng"/>
    </telecom>
  </contact>
  <contact>
    <name value="Nigeria Primary Healthcare Development Agency."/>
    <telecom>
      <system value="email"/>
      <value value="ig@nphcda.gov.ng"/>
      <use value="work"/>
    </telecom>
  </contact>
  <description value="Sibling Health Status"/>
  <jurisdiction>
    <coding>
      <system value="urn:iso:std:iso:3166"/>
      <code value="NG"/>
      <display value="Nigeria"/>
    </coding>
  </jurisdiction>
  <compose>
    <include>
      <system value="http://nphcda.gov.ng/ig/fhir/CodeSystem/ng-sibling-health-statusCS"/>
    </include>
  </compose>
</ValueSet>