{
  "resourceType" : "ValueSet",
  "id" : "nigeria-sibling-health-status",
  "text" : {
    "status" : "generated",
    "div" : "<div xmlns=\"http://www.w3.org/1999/xhtml\"><p class=\"res-header-id\"><b>Generated Narrative: ValueSet nigeria-sibling-health-status</b></p><a name=\"nigeria-sibling-health-status\"> </a><a name=\"hcnigeria-sibling-health-status\"> </a><ul><li>Include all codes defined in <a href=\"CodeSystem-nigeria-sibling-health-status.html\"><code>http://nphcda.gov.ng/ig/fhir/CodeSystem/ng-sibling-health-statusCS</code></a></li></ul></div>"
  },
  "url" : "http://nphcda.gov.ng/ig/fhir/ValueSet/ng-sibling-health-status",
  "version" : "0.4.0",
  "name" : "NGSiblingHealthStatusVS",
  "title" : "Sibling Health Status",
  "status" : "active",
  "date" : "2025-06-23T10:40:32+01:00",
  "publisher" : "https://nphcda.gov.ng",
  "contact" : [{
    "name" : "https://nphcda.gov.ng",
    "telecom" : [{
      "system" : "url",
      "value" : "https://nphcda.gov.ng"
    }]
  },
  {
    "name" : "Nigeria Primary Healthcare Development Agency.",
    "telecom" : [{
      "system" : "email",
      "value" : "ig@nphcda.gov.ng",
      "use" : "work"
    }]
  }],
  "description" : "Sibling Health Status",
  "jurisdiction" : [{
    "coding" : [{
      "system" : "urn:iso:std:iso:3166",
      "code" : "NG",
      "display" : "Nigeria"
    }]
  }],
  "compose" : {
    "include" : [{
      "system" : "http://nphcda.gov.ng/ig/fhir/CodeSystem/ng-sibling-health-statusCS"
    }]
  }
}