URL,Version,Status,OIDs,Name,Title,Description,Used
http://hl7.org/fhir/event-status,4.0.1,draft,"2.16.840.1.113883.4.642.4.110",EventStatus,EventStatus,"Codes identifying the lifecycle stage of an event.","ValueSet/immunization-status"
http://nphcda.gov.ng/ig/fhir/CodeSystem/ng-administrative-ward,0.4.0,active,,NGWardsCS,NG-Imm Administrative Wards CS,"This CodeSystem defines ward codes and names mapped to their respective Local Government Areas (LGAs) in Nigeria.","ValueSet/nigeria-wards"
http://nphcda.gov.ng/ig/fhir/CodeSystem/ng-allergy-severity,0.4.0,active,,NGAllergySeverityCS,NG-Imm Allergy Severity CS,"This CodeSystem captures the assessed severity of an allergic reaction following immunization.","ValueSet/nigeria-allergy-severity"
http://nphcda.gov.ng/ig/fhir/CodeSystem/ng-clinical-status,0.4.0,active,,NGClinicalStatusCS,NG-Imm Adverse Event Clinical Status CS,"A classification system that represents the current clinical status of an individual who experienced an Adverse Event Following Immunization (AEFI), based on medical observation, investigation, or follow-up assessment.","ValueSet/nigeria-clinical-status"
http://nphcda.gov.ng/ig/fhir/CodeSystem/ng-contraindication,0.4.0,active,,NGImmunizationContraindicationCS,NG-Imm Vaccine contraindications CS,"A set of standardized codes used to represent clinical conditions, diagnoses, or circumstances that serve as contraindications to the administration of one or more vaccines.","ValueSet/nigeria-vaccine-contraindication"
http://nphcda.gov.ng/ig/fhir/CodeSystem/ng-facility-typeCS,0.4.0,active,,NGFacilityTypeCS,NG-Imm Facility Type CS,"A standardized classification system used to describe the type or level of health facility within a healthcare delivery system, based on the scope of services provided, staffing, infrastructure, and administrative role.","ValueSet/nigeria-facility-types"
http://nphcda.gov.ng/ig/fhir/CodeSystem/ng-hiv-statusCS,0.4.0,active,,NGHivStatusCS,NG-Imm Client HIV status CS,"This CodeSystem defines list of options for HIV status of a Client","ValueSet/nigeria-hiv-status"
http://nphcda.gov.ng/ig/fhir/CodeSystem/ng-immunization-site,0.4.0,active,,NGImmunizationSiteCS,NG-Imm Vaccine Site CS,"This CodeSystem captures the specific anatomical location on the patient's body where a vaccine was administered.","ValueSet/nigeria-vaccine-site"
http://nphcda.gov.ng/ig/fhir/CodeSystem/ng-lgas,0.4.0,active,,NGLGAsCS,NG-Imm LGAs in Nigeria CS,"This CodeSystem defines LGA codes and names mapped to their respective States in Nigeria.","ValueSet/nigeria-lgas"
http://nphcda.gov.ng/ig/fhir/CodeSystem/ng-pregnancy-statusCS,0.4.0,active,,NGPregnancyStatusCS,NG-Imm Client Pregnancy status CS,"This CodeSystem defines list of options for Pregnancy status of a Client","ValueSet/nigeria-pregnancy-status"
http://nphcda.gov.ng/ig/fhir/CodeSystem/ng-relationship,0.4.0,active,,NGRelationshipsCS,NG-Imm Relationships CS,"This CodeSystem defines list of persons related to a patient, but who is not a direct target of care","ValueSet/nigeria-relationship"
http://nphcda.gov.ng/ig/fhir/CodeSystem/ng-session-type,0.4.0,active,,NGImmunizationSessionTypeCS,NG-Imm Immunization Session types CS,"Type of session for immunization. Could be in a fixed facility, outreach or mobile.","ValueSet/nigeria-session-type"
http://nphcda.gov.ng/ig/fhir/CodeSystem/ng-sibling-health-statusCS,0.4.0,active,,NGSiblingHealthStatusCS,NG-Imm Sibling Health Status CS,"This CodeSystem defines the health of the client's sibling","ValueSet/nigeria-sibling-health-status"
http://nphcda.gov.ng/ig/fhir/CodeSystem/ng-states,0.4.0,active,,NGStatesCS,NG-Imm States in Nigeria CS,"This CodeSystem defines ward codes and names mapped to their respective States in Nigeria.","ValueSet/nigeria-states"
http://nphcda.gov.ng/ig/fhir/CodeSystem/ng-vaccine-libraryCS,0.4.0,active,,NGVaccineLibraryCS,NG-Imm Vaccine Library with SNOMED CT codes,"CodeSystem for IMMZ.Z Vaccine Library Data Elements supported by this IG using SNOMED CT codes","ValueSet/nigeria-vaccine-library"
http://snomed.info/sct,null,active,"2.16.840.1.113883.6.96",SNOMED_CT,SNOMED CT (all versions),"SNOMED CT is the most comprehensive and precise clinical health terminology product in the world, owned and distributed around the world by The International Health Terminology Standards Development Organisation (IHTSDO).","ValueSet/immunization-status-reason"
http://terminology.hl7.org/CodeSystem/allergyintolerance-verification,1.0.1,active,"2.16.840.1.113883.4.642.1.1371",AllergyIntoleranceVerificationStatus,AllergyIntolerance Verification Status,"The verification status to support or decline the clinical status of the allergy or intolerance.","ValueSet/allergyintolerance-verification"
http://terminology.hl7.org/CodeSystem/v3-ActReason,3.1.0,active,"2.16.840.1.113883.5.8",ActReason,ActReason,"A set of codes specifying the motivation, cause, or rationale of an Act, when such rationale is not reasonably represented as an ActRelationship of type ""has reason"" linking to another Act.    *Examples:* Example reasons that might qualify for being coded in this field might be: ""routine requirement"", ""infectious disease reporting requirement"", ""on patient request"", ""required by law"".","ValueSet/immunization-status-reason"
http://terminology.hl7.org/CodeSystem/v3-RouteOfAdministration,3.0.0,active,"2.16.840.1.113883.5.112",RouteOfAdministration,RouteOfAdministration,"The path the administered medication takes to get into the body or into contact with the body.","ValueSet/immunization-route"
