"Id","Path","Slice Name","Alias(s)","Label","Min","Max","Must Support?","Is Modifier?","Is Summary?","Type(s)","Short","Definition","Comments","Requirements","Default Value","Meaning When Missing","Fixed Value","Pattern","Example","Minimum Value","Maximum Value","Maximum Length","Binding Strength","Binding Description","Binding Value Set","Code","Slicing Discriminator","Slicing Description","Slicing Ordered","Slicing Rules","Base Path","Base Min","Base Max","Condition(s)","Constraint(s)"
"DefaulterTracking","DefaulterTracking","","","",0,*,"","","","null {[]} {[]}
","G - Defaulter Tracking [information only]","IMMZ.G - A logical model for tracking immunization defaulters.","","","","","","","","","",,,,,"",,,,"Base",0,*,"",""
"DefaulterTracking.clientName","DefaulterTracking.clientName","","","",1,1,"","","","string {[]} {[]}
","Client's name","The first and last name of the client.","","","","","","","","","",,,,,"",,,,"DefaulterTracking.clientName",1,1,"",""
"DefaulterTracking.clientSex","DefaulterTracking.clientSex","","","",1,1,"","","","CodeableConcept {[]} {[]}
","Sex","Biological sex of the client.","","","","","","","","","",,,,,"#NGGender
",,,,"DefaulterTracking.clientSex",1,1,"",""
"DefaulterTracking.clientAge","DefaulterTracking.clientAge","","","",1,1,"","","","integer {[]} {[]}
","Client's age","Total number of months since the client was born.","","","","","","","","","",,,,,"",,,,"DefaulterTracking.clientAge",1,1,"",""
"DefaulterTracking.caregiverName","DefaulterTracking.caregiverName","","","",0,1,"","","","string {[]} {[]}
","Caregiver's name","Full name of the caregiver.","","","","","","","","","",,,,,"",,,,"DefaulterTracking.caregiverName",0,1,"",""
"DefaulterTracking.caregiverPhone","DefaulterTracking.caregiverPhone","","","",0,1,"","","","string {[]} {[]}
","Caregiver's phone number","Mobile number of the caregiver.","","","","","","","","","",,,,,"",,,,"DefaulterTracking.caregiverPhone",0,1,"",""
"DefaulterTracking.missedVaccine","DefaulterTracking.missedVaccine","","","",1,*,"","","","CodeableConcept {[]} {[]}
","Immunization missed","The type of vaccine missed.","","","","","","","","","",,,,,"#NGVaccineLibraryVS
",,,,"DefaulterTracking.missedVaccine",1,*,"",""
"DefaulterTracking.missedVaccineDate","DefaulterTracking.missedVaccineDate","","","",1,1,"","","","date {[]} {[]}
","Date of immunization missed","The date immunization was due.","","","","","","","","","",,,,,"",,,,"DefaulterTracking.missedVaccineDate",1,1,"",""
"DefaulterTracking.missedReason","DefaulterTracking.missedReason","","","",0,1,"","","","string {[]} {[]}
","Reason","Capture's the reason(s) for a missed vaccination appointment.","","","","","","","","","",,,,,"",,,,"DefaulterTracking.missedReason",0,1,"",""
