{"resourceType":"CapabilityStatement","id":"NgImmCapabilityStatementClient","text":{"status":"extensions","div":"<div xmlns=\"http://www.w3.org/1999/xhtml\"><p class=\"res-header-id\"><b>Generated Narrative: CapabilityStatement NgImmCapabilityStatementClient</b></p><a name=\"NgImmCapabilityStatementClient\"> </a><a name=\"hcNgImmCapabilityStatementClient\"> </a><h2 id=\"title\">Nigeria Immunization Client CapabilityStatement</h2><ul><li>Implementation Guide Version: 0.4.0 </li><li>FHIR Version: 4.0.1 </li><li>Supported Formats: <code>xml</code></li><li>Supported Patch Formats: </li><li>Published on: 2025-06-22 </li><li>Published by: https://nphcda.gov.ng </li></ul><blockquote class=\"impl-note\"><p><strong>Note to Implementers: FHIR Capabilities</strong></p><p>Any FHIR capability may be 'allowed' by the system unless explicitly marked as 'SHALL NOT'. A few items are marked as MAY in the Implementation Guide to highlight their potential relevance to the use case.</p></blockquote><h2 id=\"rest\">FHIR RESTful Capabilities</h2><div class=\"panel panel-default\"><div class=\"panel-heading\"><h3 id=\"mode1\" class=\"panel-title\">Mode: <code>client</code></h3></div><div class=\"panel-body\"><div><p>Client that searches, retrieves and submits immunization records using Nigerian profiles.</p>\n</div><div class=\"lead\"><em>Summary of System-wide Interactions</em></div></div></div><h3 id=\"resourcesCap1\">Capabilities by Resource/Profile</h3><h4 id=\"resourcesSummary1\">Summary</h4><p>The summary table lists the resources that are part of this configuration, and for each resource it lists:</p><ul><li>The relevant profiles (if any)</li><li>The interactions supported by each resource (<b><span class=\"bg-info\">R</span></b>ead, <b><span class=\"bg-info\">S</span></b>earch, <b><span class=\"bg-info\">U</span></b>pdate, and <b><span class=\"bg-info\">C</span></b>reate, are always shown, while <b><span class=\"bg-info\">VR</span></b>ead, <b><span class=\"bg-info\">P</span></b>atch, <b><span class=\"bg-info\">D</span></b>elete, <b><span class=\"bg-info\">H</span></b>istory on <b><span class=\"bg-info\">I</span></b>nstance, or <b><span class=\"bg-info\">H</span></b>istory on <b><span class=\"bg-info\">T</span></b>ype are only present if at least one of the resources has support for them.</li><li><span>The required, recommended, and some optional search parameters (if any). </span></li><li>The linked resources enabled for <code>_include</code></li><li>The other resources enabled for <code>_revinclude</code></li><li>The operations on the resource (if any)</li></ul><div class=\"table-responsive\"><table class=\"table table-condensed table-hover\"><thead><tr><th><b>Resource Type</b></th><th><b>Profile</b></th><th class=\"text-center\"><b title=\"GET a resource (read interaction)\">R</b></th><th class=\"text-center\"><b title=\"GET all set of resources of the type (search interaction)\">S</b></th><th class=\"text-center\"><b title=\"PUT a new resource version (update interaction)\">U</b></th><th class=\"text-center\"><b title=\"PATCH a new resource version (patch interaction)\">P</b></th><th class=\"text-center\"><b title=\"POST a new resource (create interaction)\">C</b></th><th><b title=\"Required and recommended search parameters\">Searches</b></th><th><code><b>_include</b></code></th><th><code><b>_revinclude</b></code></th><th><b>Operations</b></th></tr></thead><tbody><tr><td><a href=\"#Patient1-1\">Patient</a></td><td><a href=\"StructureDefinition-NgImmPatient.html\">https://nphcda.gov.ng/immunizationIG/StructureDefinition/NgImmPatient</a></td><td class=\"text-center\">y</td><td class=\"text-center\">y</td><td class=\"text-center\">y</td><td class=\"text-center\">y</td><td class=\"text-center\">y</td><td></td><td/><td/><td/></tr><tr><td><a href=\"#Immunization1-2\">Immunization</a></td><td><a href=\"StructureDefinition-NgImmImmunization.html\">https://nphcda.gov.ng/immunizationIG/StructureDefinition/NgImmImmunization</a></td><td class=\"text-center\">y</td><td class=\"text-center\">y</td><td class=\"text-center\">y</td><td class=\"text-center\">y</td><td class=\"text-center\">y</td><td></td><td/><td/><td/></tr></tbody></table></div><hr/><div class=\"panel panel-default\"><div class=\"panel-heading\"><h4 id=\"Patient1-1\" class=\"panel-title\"><span style=\"float: right;\">Resource Conformance: supported </span>Patient</h4></div><div class=\"panel-body\"><div class=\"container\"><div class=\"row\"><div class=\"col-lg-6\"><span class=\"lead\">Base System Profile</span><br/><a href=\"StructureDefinition-NgImmPatient.html\">NgImmPatient</a></div><div class=\"col-lg-3\"><span class=\"lead\">Profile Conformance</span><br/><b>SHALL</b></div><div class=\"col-lg-3\"><span class=\"lead\">Reference Policy</span><br/></div></div><p/><div class=\"row\"><div class=\"col-lg-6\"><span class=\"lead\">Interaction summary</span><br/><ul><li>Supports <code>read</code>, <code>search-type</code>, <code>create</code>, <code>update</code>, <code>patch</code>.</li></ul></div></div><p/></div></div></div><div class=\"panel panel-default\"><div class=\"panel-heading\"><h4 id=\"Immunization1-2\" class=\"panel-title\"><span style=\"float: right;\">Resource Conformance: supported </span>Immunization</h4></div><div class=\"panel-body\"><div class=\"container\"><div class=\"row\"><div class=\"col-lg-6\"><span class=\"lead\">Base System Profile</span><br/><a href=\"StructureDefinition-NgImmImmunization.html\">NgImmImmunization</a></div><div class=\"col-lg-3\"><span class=\"lead\">Profile Conformance</span><br/><b>SHALL</b></div><div class=\"col-lg-3\"><span class=\"lead\">Reference Policy</span><br/></div></div><p/><div class=\"row\"><div class=\"col-lg-6\"><span class=\"lead\">Interaction summary</span><br/><ul><li>Supports <code>read</code>, <code>search-type</code>, <code>create</code>, <code>update</code>, <code>patch</code>.</li></ul></div></div><p/></div></div></div></div>"},"url":"https://nphcda.gov.ng/immunizationIG/CapabilityStatement/NgImmCapabilityStatementClient","version":"0.4.0","title":"Nigeria Immunization Client CapabilityStatement","status":"active","date":"2025-06-22","publisher":"https://nphcda.gov.ng","contact":[{"name":"https://nphcda.gov.ng","telecom":[{"system":"url","value":"https://nphcda.gov.ng"}]},{"name":"Nigeria Primary Healthcare Development Agency.","telecom":[{"system":"email","value":"ig@nphcda.gov.ng","use":"work"}]}],"description":"Describes expected behavior of clients consuming immunization services using the Nigerian profiles.","jurisdiction":[{"coding":[{"system":"urn:iso:std:iso:3166","code":"NG","display":"Nigeria"}]}],"kind":"requirements","fhirVersion":"4.0.1","format":["xml"],"rest":[{"mode":"client","documentation":"Client that searches, retrieves and submits immunization records using Nigerian profiles.","resource":[{"type":"Patient","profile":"https://nphcda.gov.ng/immunizationIG/StructureDefinition/NgImmPatient","interaction":[{"code":"read"},{"code":"search-type"},{"code":"create"},{"code":"update"},{"code":"patch"}]},{"type":"Immunization","profile":"https://nphcda.gov.ng/immunizationIG/StructureDefinition/NgImmImmunization","interaction":[{"code":"read"},{"code":"search-type"},{"code":"create"},{"code":"update"},{"code":"patch"}]}]}]}