{"resourceType":"CodeSystem","id":"nigeria-gender","text":{"status":"generated","div":"<div xmlns=\"http://www.w3.org/1999/xhtml\"><p class=\"res-header-id\"><b>Generated Narrative: CodeSystem nigeria-gender</b></p><a name=\"nigeria-gender\"> </a><a name=\"hcnigeria-gender\"> </a><p>This case-sensitive code system <code>http://nphcda.gov.ng/ig/fhir/CodeSystem/ng-gender</code> defines the following codes in a Is-A hierarchy:</p><table class=\"codes\"><tr><td style=\"white-space:nowrap\"><b>Code</b></td><td><b>Display</b></td><td><b>Definition</b></td></tr><tr><td style=\"white-space:nowrap\">male<a name=\"nigeria-gender-male\"> </a></td><td>Male</td><td>Male sex</td></tr><tr><td style=\"white-space:nowrap\">female<a name=\"nigeria-gender-female\"> </a></td><td>Female</td><td>Female sex</td></tr></table></div>"},"url":"http://nphcda.gov.ng/ig/fhir/CodeSystem/ng-gender","version":"0.4.0","name":"NGGenderCS","title":"NG Gender or Sex","status":"active","date":"2025-06-23T09:24:42+01:00","publisher":"https://nphcda.gov.ng","contact":[{"name":"https://nphcda.gov.ng","telecom":[{"system":"url","value":"https://nphcda.gov.ng"}]},{"name":"Nigeria Primary Healthcare Development Agency.","telecom":[{"system":"email","value":"ig@nphcda.gov.ng","use":"work"}]}],"description":"Codes for the administrative gender or sex of a person, used in demographic and administrative contexts.","jurisdiction":[{"coding":[{"system":"urn:iso:std:iso:3166","code":"NG","display":"Nigeria"}]}],"caseSensitive":true,"hierarchyMeaning":"is-a","content":"complete","count":2,"concept":[{"code":"male","display":"Male","definition":"Male sex"},{"code":"female","display":"Female","definition":"Female sex"}]}