{"resourceType":"CodeSystem","id":"nigeria-immunization-site","text":{"status":"generated","div":"<div xmlns=\"http://www.w3.org/1999/xhtml\"><p class=\"res-header-id\"><b>Generated Narrative: CodeSystem nigeria-immunization-site</b></p><a name=\"nigeria-immunization-site\"> </a><a name=\"hcnigeria-immunization-site\"> </a><p>This  code system <code>http://nphcda.gov.ng/ig/fhir/CodeSystem/ng-immunization-site</code> defines the following codes in a Is-A hierarchy:</p><table class=\"codes\"><tr><td style=\"white-space:nowrap\"><b>Code</b></td><td><b>Display</b></td><td><b>Definition</b></td></tr><tr><td style=\"white-space:nowrap\">right-upper-arm<a name=\"nigeria-immunization-site-right-upper-arm\"> </a></td><td>Right upper arm</td><td>The vaccine is administered into the deltoid muscle of the right upper arm, commonly used for intramuscular or subcutaneous injections in older children and adults.</td></tr><tr><td style=\"white-space:nowrap\">left-upper-arm<a name=\"nigeria-immunization-site-left-upper-arm\"> </a></td><td>Left upper arm</td><td>The vaccine is administered into the deltoid muscle of the left upper arm, typically used when alternating injection sites or based on provider preference.</td></tr><tr><td style=\"white-space:nowrap\">mouth<a name=\"nigeria-immunization-site-mouth\"> </a></td><td>Mouth</td><td>The vaccine is administered orally via the mouth, usually applicable for oral polio vaccine (OPV) or rotavirus vaccine.</td></tr><tr><td style=\"white-space:nowrap\">antero-lateral-right-thigh<a name=\"nigeria-immunization-site-antero-lateral-right-thigh\"> </a></td><td>Antero-lateral Aspect of Right Thigh</td><td>The vaccine is administered into the antero-lateral (front-side) part of the right thigh, commonly used in infants for intramuscular injections.</td></tr><tr><td style=\"white-space:nowrap\">antero-lateral-left-thigh<a name=\"nigeria-immunization-site-antero-lateral-left-thigh\"> </a></td><td>Antero Lateral Aspect of Left Thigh</td><td>The vaccine is administered into the antero-lateral (front-side) part of the left thigh, often used in infants when giving multiple vaccines.</td></tr></table></div>"},"url":"http://nphcda.gov.ng/ig/fhir/CodeSystem/ng-immunization-site","version":"0.4.0","name":"NGImmunizationSiteCS","title":"NG Vaccine Site","status":"active","date":"2025-06-23T11:00:10+01:00","publisher":"https://nphcda.gov.ng","contact":[{"name":"https://nphcda.gov.ng","telecom":[{"system":"url","value":"https://nphcda.gov.ng"}]},{"name":"Nigeria Primary Healthcare Development Agency.","telecom":[{"system":"email","value":"ig@nphcda.gov.ng","use":"work"}]}],"description":"This CodeSystem captures the specific anatomical location on the patient’s body where a vaccine was administered.","jurisdiction":[{"coding":[{"system":"urn:iso:std:iso:3166","code":"NG","display":"Nigeria"}]}],"hierarchyMeaning":"is-a","content":"complete","count":5,"concept":[{"code":"right-upper-arm","display":"Right upper arm","definition":"The vaccine is administered into the deltoid muscle of the right upper arm, commonly used for intramuscular or subcutaneous injections in older children and adults.","designation":[{"use":{"system":"http://terminology.hl7.org/CodeSystem/designation-usage","code":"display"},"value":"Right upper arm"}]},{"code":"left-upper-arm","display":"Left upper arm","definition":"The vaccine is administered into the deltoid muscle of the left upper arm, typically used when alternating injection sites or based on provider preference.","designation":[{"use":{"system":"http://terminology.hl7.org/CodeSystem/designation-usage","code":"display"},"value":"Left upper arm"}]},{"code":"mouth","display":"Mouth","definition":"The vaccine is administered orally via the mouth, usually applicable for oral polio vaccine (OPV) or rotavirus vaccine.","designation":[{"use":{"system":"http://terminology.hl7.org/CodeSystem/designation-usage","code":"display"},"value":"Mouth"}]},{"code":"antero-lateral-right-thigh","display":"Antero-lateral Aspect of Right Thigh","definition":"The vaccine is administered into the antero-lateral (front-side) part of the right thigh, commonly used in infants for intramuscular injections.","designation":[{"use":{"system":"http://terminology.hl7.org/CodeSystem/designation-usage","code":"display"},"value":"Antero-lateral Aspect of Right Thigh"}]},{"code":"antero-lateral-left-thigh","display":"Antero Lateral Aspect of Left Thigh","definition":"The vaccine is administered into the antero-lateral (front-side) part of the left thigh, often used in infants when giving multiple vaccines.","designation":[{"use":{"system":"http://terminology.hl7.org/CodeSystem/designation-usage","code":"display"},"value":"Antero Lateral Aspect of Left Thigh"}]}]}