{"resourceType":"CodeSystem","id":"NGStockReportCS","text":{"status":"generated","div":"<div xmlns=\"http://www.w3.org/1999/xhtml\"><p class=\"res-header-id\"><b>Generated Narrative: CodeSystem NGStockReportCS</b></p><a name=\"NGStockReportCS\"> </a><a name=\"hcNGStockReportCS\"> </a><p>This case-insensitive code system <code>https://nphcda.gov.ng/immunizationIG/CodeSystem/NGStockReportCS</code> defines the following codes:</p><table class=\"codes\"><tr><td style=\"white-space:nowrap\"><b>Code</b></td><td><b>Display</b></td></tr><tr><td style=\"white-space:nowrap\">IMMZ.H.DE1<a name=\"NGStockReportCS-IMMZ.46H.46DE1\"> </a></td><td>Opening balance</td></tr><tr><td style=\"white-space:nowrap\">IMMZ.H.DE2<a name=\"NGStockReportCS-IMMZ.46H.46DE2\"> </a></td><td>Total vaccine doses received</td></tr><tr><td style=\"white-space:nowrap\">IMMZ.H.DE3<a name=\"NGStockReportCS-IMMZ.46H.46DE3\"> </a></td><td>Total vaccine doses used</td></tr><tr><td style=\"white-space:nowrap\">IMMZ.H.DE4<a name=\"NGStockReportCS-IMMZ.46H.46DE4\"> </a></td><td>Vaccine wastage rate</td></tr><tr><td style=\"white-space:nowrap\">IMMZ.H.DE5<a name=\"NGStockReportCS-IMMZ.46H.46DE5\"> </a></td><td>Vaccine stockout days</td></tr><tr><td style=\"white-space:nowrap\">IMMZ.H.DE6<a name=\"NGStockReportCS-IMMZ.46H.46DE6\"> </a></td><td>Vaccine minimum stock level</td></tr><tr><td style=\"white-space:nowrap\">IMMZ.H.DE7<a name=\"NGStockReportCS-IMMZ.46H.46DE7\"> </a></td><td>Vaccine maximum stock level</td></tr><tr><td style=\"white-space:nowrap\">IMMZ.H.DE8<a name=\"NGStockReportCS-IMMZ.46H.46DE8\"> </a></td><td>Stock at hand</td></tr><tr><td style=\"white-space:nowrap\">IMMZ.H.DE9<a name=\"NGStockReportCS-IMMZ.46H.46DE9\"> </a></td><td>Doses discarded</td></tr><tr><td style=\"white-space:nowrap\">IMMZ.H.DE10<a name=\"NGStockReportCS-IMMZ.46H.46DE10\"> </a></td><td>Doses discarded reason</td></tr><tr><td style=\"white-space:nowrap\">IMMZ.H.DE11<a name=\"NGStockReportCS-IMMZ.46H.46DE11\"> </a></td><td>Expired doses</td></tr><tr><td style=\"white-space:nowrap\">IMMZ.H.DE12<a name=\"NGStockReportCS-IMMZ.46H.46DE12\"> </a></td><td>Doses lost due to breakage</td></tr><tr><td style=\"white-space:nowrap\">IMMZ.H.DE13<a name=\"NGStockReportCS-IMMZ.46H.46DE13\"> </a></td><td>Doses lost due to VVM failure</td></tr><tr><td style=\"white-space:nowrap\">IMMZ.H.DE14<a name=\"NGStockReportCS-IMMZ.46H.46DE14\"> </a></td><td>Doses frozen</td></tr><tr><td style=\"white-space:nowrap\">IMMZ.H.DE15<a name=\"NGStockReportCS-IMMZ.46H.46DE15\"> </a></td><td>Functional cold chain equipment</td></tr><tr><td style=\"white-space:nowrap\">IMMZ.H.DE16<a name=\"NGStockReportCS-IMMZ.46H.46DE16\"> </a></td><td>Non-functional cold chain equipment</td></tr><tr><td style=\"white-space:nowrap\">IMMZ.H.DE17<a name=\"NGStockReportCS-IMMZ.46H.46DE17\"> </a></td><td>Refrigerator temperature monitoring</td></tr><tr><td style=\"white-space:nowrap\">IMMZ.H.DE18<a name=\"NGStockReportCS-IMMZ.46H.46DE18\"> </a></td><td>Vaccine storage conditions</td></tr><tr><td style=\"white-space:nowrap\">IMMZ.H.DE19<a name=\"NGStockReportCS-IMMZ.46H.46DE19\"> </a></td><td>Cold box functionality</td></tr><tr><td style=\"white-space:nowrap\">IMMZ.H.DE20<a name=\"NGStockReportCS-IMMZ.46H.46DE20\"> </a></td><td>Vaccine distribution tracking</td></tr><tr><td style=\"white-space:nowrap\">IMMZ.H.DE21<a name=\"NGStockReportCS-IMMZ.46H.46DE21\"> </a></td><td>Batch number tracking</td></tr><tr><td style=\"white-space:nowrap\">IMMZ.H.DE22<a name=\"NGStockReportCS-IMMZ.46H.46DE22\"> </a></td><td>Stock requisition requests</td></tr><tr><td style=\"white-space:nowrap\">IMMZ.H.DE23<a name=\"NGStockReportCS-IMMZ.46H.46DE23\"> </a></td><td>Stock issue vouchers</td></tr><tr><td style=\"white-space:nowrap\">IMMZ.H.DE24<a name=\"NGStockReportCS-IMMZ.46H.46DE24\"> </a></td><td>Stock verification</td></tr><tr><td style=\"white-space:nowrap\">IMMZ.H.DE25<a name=\"NGStockReportCS-IMMZ.46H.46DE25\"> </a></td><td>Stock adjustments</td></tr><tr><td style=\"white-space:nowrap\">IMMZ.H.DE26<a name=\"NGStockReportCS-IMMZ.46H.46DE26\"> </a></td><td>Stock replenishment status</td></tr><tr><td style=\"white-space:nowrap\">IMMZ.H.DE27<a name=\"NGStockReportCS-IMMZ.46H.46DE27\"> </a></td><td>Vaccine demand forecast</td></tr><tr><td style=\"white-space:nowrap\">IMMZ.H.DE28<a name=\"NGStockReportCS-IMMZ.46H.46DE28\"> </a></td><td>Stock balance report</td></tr><tr><td style=\"white-space:nowrap\">IMMZ.H.DE29<a name=\"NGStockReportCS-IMMZ.46H.46DE29\"> </a></td><td>Temperature excursion incidents</td></tr><tr><td style=\"white-space:nowrap\">IMMZ.H.DE30<a name=\"NGStockReportCS-IMMZ.46H.46DE30\"> </a></td><td>Stock loss documentation</td></tr><tr><td style=\"white-space:nowrap\">IMMZ.H.DE31<a name=\"NGStockReportCS-IMMZ.46H.46DE31\"> </a></td><td>Cold chain monitoring logs</td></tr><tr><td style=\"white-space:nowrap\">IMMZ.H.DE32<a name=\"NGStockReportCS-IMMZ.46H.46DE32\"> </a></td><td>Reorder level tracking</td></tr><tr><td style=\"white-space:nowrap\">IMMZ.H.DE33<a name=\"NGStockReportCS-IMMZ.46H.46DE33\"> </a></td><td>Stock receiving checklist</td></tr><tr><td style=\"white-space:nowrap\">IMMZ.H.DE34<a name=\"NGStockReportCS-IMMZ.46H.46DE34\"> </a></td><td>Vaccine logistics management</td></tr><tr><td style=\"white-space:nowrap\">IMMZ.H.DE35<a name=\"NGStockReportCS-IMMZ.46H.46DE35\"> </a></td><td>Stock availability monitoring</td></tr><tr><td style=\"white-space:nowrap\">IMMZ.H.DE36<a name=\"NGStockReportCS-IMMZ.46H.46DE36\"> </a></td><td>Stock movement summary</td></tr><tr><td style=\"white-space:nowrap\">IMMZ.H.DE37<a name=\"NGStockReportCS-IMMZ.46H.46DE37\"> </a></td><td>Closing balance</td></tr><tr><td style=\"white-space:nowrap\">IMMZ.H.DE38<a name=\"NGStockReportCS-IMMZ.46H.46DE38\"> </a></td><td>Quantity returned</td></tr><tr><td style=\"white-space:nowrap\">IMMZ.H.DE40<a name=\"NGStockReportCS-IMMZ.46H.46DE40\"> </a></td><td>Status of device</td></tr><tr><td style=\"white-space:nowrap\">IMMZ.H.DE41<a name=\"NGStockReportCS-IMMZ.46H.46DE41\"> </a></td><td>Functional device</td></tr><tr><td style=\"white-space:nowrap\">IMMZ.H.DE42<a name=\"NGStockReportCS-IMMZ.46H.46DE42\"> </a></td><td>Non-functional device</td></tr></table></div>"},"url":"https://nphcda.gov.ng/immunizationIG/CodeSystem/NGStockReportCS","version":"0.4.0","name":"NigeriaStockData","title":"NG Stock Management Data Elements","status":"draft","experimental":false,"date":"2025-06-23T12:11:34+01:00","publisher":"https://nphcda.gov.ng","contact":[{"name":"https://nphcda.gov.ng","telecom":[{"system":"url","value":"https://nphcda.gov.ng"}]},{"name":"Nigeria Primary Healthcare Development Agency.","telecom":[{"system":"email","value":"ig@nphcda.gov.ng","use":"work"}]}],"description":"CodeSystem for Stock Management Data Elements","jurisdiction":[{"coding":[{"system":"urn:iso:std:iso:3166","code":"NG","display":"Nigeria"}]}],"caseSensitive":false,"content":"complete","count":41,"concept":[{"code":"IMMZ.H.DE1","display":"Opening balance"},{"code":"IMMZ.H.DE2","display":"Total vaccine doses received"},{"code":"IMMZ.H.DE3","display":"Total vaccine doses used"},{"code":"IMMZ.H.DE4","display":"Vaccine wastage rate"},{"code":"IMMZ.H.DE5","display":"Vaccine stockout days"},{"code":"IMMZ.H.DE6","display":"Vaccine minimum stock level"},{"code":"IMMZ.H.DE7","display":"Vaccine maximum stock level"},{"code":"IMMZ.H.DE8","display":"Stock at hand"},{"code":"IMMZ.H.DE9","display":"Doses discarded"},{"code":"IMMZ.H.DE10","display":"Doses discarded reason"},{"code":"IMMZ.H.DE11","display":"Expired doses"},{"code":"IMMZ.H.DE12","display":"Doses lost due to breakage"},{"code":"IMMZ.H.DE13","display":"Doses lost due to VVM failure"},{"code":"IMMZ.H.DE14","display":"Doses frozen"},{"code":"IMMZ.H.DE15","display":"Functional cold chain equipment"},{"code":"IMMZ.H.DE16","display":"Non-functional cold chain equipment"},{"code":"IMMZ.H.DE17","display":"Refrigerator temperature monitoring"},{"code":"IMMZ.H.DE18","display":"Vaccine storage conditions"},{"code":"IMMZ.H.DE19","display":"Cold box functionality"},{"code":"IMMZ.H.DE20","display":"Vaccine distribution tracking"},{"code":"IMMZ.H.DE21","display":"Batch number tracking"},{"code":"IMMZ.H.DE22","display":"Stock requisition requests"},{"code":"IMMZ.H.DE23","display":"Stock issue vouchers"},{"code":"IMMZ.H.DE24","display":"Stock verification"},{"code":"IMMZ.H.DE25","display":"Stock adjustments"},{"code":"IMMZ.H.DE26","display":"Stock replenishment status"},{"code":"IMMZ.H.DE27","display":"Vaccine demand forecast"},{"code":"IMMZ.H.DE28","display":"Stock balance report"},{"code":"IMMZ.H.DE29","display":"Temperature excursion incidents"},{"code":"IMMZ.H.DE30","display":"Stock loss documentation"},{"code":"IMMZ.H.DE31","display":"Cold chain monitoring logs"},{"code":"IMMZ.H.DE32","display":"Reorder level tracking"},{"code":"IMMZ.H.DE33","display":"Stock receiving checklist"},{"code":"IMMZ.H.DE34","display":"Vaccine logistics management"},{"code":"IMMZ.H.DE35","display":"Stock availability monitoring"},{"code":"IMMZ.H.DE36","display":"Stock movement summary"},{"code":"IMMZ.H.DE37","display":"Closing balance"},{"code":"IMMZ.H.DE38","display":"Quantity returned"},{"code":"IMMZ.H.DE40","display":"Status of device"},{"code":"IMMZ.H.DE41","display":"Functional device"},{"code":"IMMZ.H.DE42","display":"Non-functional device"}]}