{"resourceType":"ImplementationGuide","id":"fhir.nigeriaImmunizationIG","text":{"status":"generated","div":"<div xmlns=\"http://www.w3.org/1999/xhtml\"><p class=\"res-header-id\"><b>Generated Narrative: ImplementationGuide fhir.nigeriaImmunizationIG</b></p><a name=\"fhir.nigeriaImmunizationIG\"> </a><a name=\"hcfhir.nigeriaImmunizationIG\"> </a><h2>NigeriaimmunizationFHIRIG</h2><p>The official URL for this implementation guide is: </p><pre>https://nphcda.gov.ng/immunizationIG/ImplementationGuide/fhir.nigeriaImmunizationIG</pre><div><p>Nigeria Immunization FHIR IG</p>\n</div></div>"},"url":"https://nphcda.gov.ng/immunizationIG/ImplementationGuide/fhir.nigeriaImmunizationIG","version":"0.4.0","name":"NigeriaimmunizationFHIRIG","title":"Nigeria Immunization FHIR IG","status":"draft","date":"2025-06-24T07:35:37+01:00","publisher":"https://nphcda.gov.ng","contact":[{"name":"https://nphcda.gov.ng","telecom":[{"system":"url","value":"https://nphcda.gov.ng"}]},{"name":"Nigeria Primary Healthcare Development Agency.","telecom":[{"system":"email","value":"ig@nphcda.gov.ng","use":"work"}]}],"description":"Nigeria Immunization FHIR IG","jurisdiction":[{"coding":[{"system":"urn:iso:std:iso:3166","code":"NG","display":"Nigeria"}]}],"packageId":"fhir.nigeriaImmunizationIG","license":"CC0-1.0","fhirVersion":["4.0.1"],"dependsOn":[{"id":"hl7tx","extension":[{"url":"http://hl7.org/fhir/tools/StructureDefinition/implementationguide-dependency-comment","valueMarkdown":"Automatically added as a dependency - all IGs depend on HL7 Terminology"}],"uri":"http://terminology.hl7.org/ImplementationGuide/hl7.terminology","packageId":"hl7.terminology.r4","version":"6.4.0"},{"id":"hl7ext","extension":[{"url":"http://hl7.org/fhir/tools/StructureDefinition/implementationguide-dependency-comment","valueMarkdown":"Automatically added as a dependency - all IGs depend on the HL7 Extension Pack"}],"uri":"http://hl7.org/fhir/extensions/ImplementationGuide/hl7.fhir.uv.extensions","packageId":"hl7.fhir.uv.extensions.r4","version":"5.2.0"}],"definition":{"extension":[{"extension":[{"url":"code","valueString":"copyrightyear"},{"url":"value","valueString":"2025+"}],"url":"http://hl7.org/fhir/tools/StructureDefinition/ig-parameter"},{"extension":[{"url":"code","valueString":"releaselabel"},{"url":"value","valueString":"ci-build"}],"url":"http://hl7.org/fhir/tools/StructureDefinition/ig-parameter"},{"extension":[{"url":"code","valueString":"autoload-resources"},{"url":"value","valueString":"true"}],"url":"http://hl7.org/fhir/tools/StructureDefinition/ig-parameter"},{"extension":[{"url":"code","valueString":"path-liquid"},{"url":"value","valueString":"template/liquid"}],"url":"http://hl7.org/fhir/tools/StructureDefinition/ig-parameter"},{"extension":[{"url":"code","valueString":"path-liquid"},{"url":"value","valueString":"input/liquid"}],"url":"http://hl7.org/fhir/tools/StructureDefinition/ig-parameter"},{"extension":[{"url":"code","valueString":"path-qa"},{"url":"value","valueString":"temp/qa"}],"url":"http://hl7.org/fhir/tools/StructureDefinition/ig-parameter"},{"extension":[{"url":"code","valueString":"path-temp"},{"url":"value","valueString":"temp/pages"}],"url":"http://hl7.org/fhir/tools/StructureDefinition/ig-parameter"},{"extension":[{"url":"code","valueString":"path-output"},{"url":"value","valueString":"output"}],"url":"http://hl7.org/fhir/tools/StructureDefinition/ig-parameter"},{"extension":[{"url":"code","valueString":"path-suppressed-warnings"},{"url":"value","valueString":"input/ignoreWarnings.txt"}],"url":"http://hl7.org/fhir/tools/StructureDefinition/ig-parameter"},{"extension":[{"url":"code","valueString":"path-history"},{"url":"value","valueString":"https://nphcda.gov.ng/immunizationIG/history.html"}],"url":"http://hl7.org/fhir/tools/StructureDefinition/ig-parameter"},{"extension":[{"url":"code","valueString":"template-html"},{"url":"value","valueString":"template-page.html"}],"url":"http://hl7.org/fhir/tools/StructureDefinition/ig-parameter"},{"extension":[{"url":"code","valueString":"template-md"},{"url":"value","valueString":"template-page-md.html"}],"url":"http://hl7.org/fhir/tools/StructureDefinition/ig-parameter"},{"extension":[{"url":"code","valueString":"apply-contact"},{"url":"value","valueString":"true"}],"url":"http://hl7.org/fhir/tools/StructureDefinition/ig-parameter"},{"extension":[{"url":"code","valueString":"apply-context"},{"url":"value","valueString":"true"}],"url":"http://hl7.org/fhir/tools/StructureDefinition/ig-parameter"},{"extension":[{"url":"code","valueString":"apply-copyright"},{"url":"value","valueString":"true"}],"url":"http://hl7.org/fhir/tools/StructureDefinition/ig-parameter"},{"extension":[{"url":"code","valueString":"apply-jurisdiction"},{"url":"value","valueString":"true"}],"url":"http://hl7.org/fhir/tools/StructureDefinition/ig-parameter"},{"extension":[{"url":"code","valueString":"apply-license"},{"url":"value","valueString":"true"}],"url":"http://hl7.org/fhir/tools/StructureDefinition/ig-parameter"},{"extension":[{"url":"code","valueString":"apply-publisher"},{"url":"value","valueString":"true"}],"url":"http://hl7.org/fhir/tools/StructureDefinition/ig-parameter"},{"extension":[{"url":"code","valueString":"apply-version"},{"url":"value","valueString":"true"}],"url":"http://hl7.org/fhir/tools/StructureDefinition/ig-parameter"},{"extension":[{"url":"code","valueString":"apply-wg"},{"url":"value","valueString":"true"}],"url":"http://hl7.org/fhir/tools/StructureDefinition/ig-parameter"},{"extension":[{"url":"code","valueString":"active-tables"},{"url":"value","valueString":"true"}],"url":"http://hl7.org/fhir/tools/StructureDefinition/ig-parameter"},{"extension":[{"url":"code","valueString":"fmm-definition"},{"url":"value","valueString":"http://hl7.org/fhir/versions.html#maturity"}],"url":"http://hl7.org/fhir/tools/StructureDefinition/ig-parameter"},{"extension":[{"url":"code","valueString":"propagate-status"},{"url":"value","valueString":"true"}],"url":"http://hl7.org/fhir/tools/StructureDefinition/ig-parameter"},{"extension":[{"url":"code","valueString":"excludelogbinaryformat"},{"url":"value","valueString":"true"}],"url":"http://hl7.org/fhir/tools/StructureDefinition/ig-parameter"},{"extension":[{"url":"code","valueString":"tabbed-snapshots"},{"url":"value","valueString":"true"}],"url":"http://hl7.org/fhir/tools/StructureDefinition/ig-parameter"},{"url":"http://hl7.org/fhir/tools/StructureDefinition/ig-internal-dependency","valueCode":"hl7.fhir.uv.tools.r4#0.5.0"},{"extension":[{"url":"code","valueCode":"copyrightyear"},{"url":"value","valueString":"2025+"}],"url":"http://hl7.org/fhir/tools/StructureDefinition/ig-parameter"},{"extension":[{"url":"code","valueCode":"releaselabel"},{"url":"value","valueString":"ci-build"}],"url":"http://hl7.org/fhir/tools/StructureDefinition/ig-parameter"},{"extension":[{"url":"code","valueCode":"autoload-resources"},{"url":"value","valueString":"true"}],"url":"http://hl7.org/fhir/tools/StructureDefinition/ig-parameter"},{"extension":[{"url":"code","valueCode":"path-liquid"},{"url":"value","valueString":"template/liquid"}],"url":"http://hl7.org/fhir/tools/StructureDefinition/ig-parameter"},{"extension":[{"url":"code","valueCode":"path-liquid"},{"url":"value","valueString":"input/liquid"}],"url":"http://hl7.org/fhir/tools/StructureDefinition/ig-parameter"},{"extension":[{"url":"code","valueCode":"path-qa"},{"url":"value","valueString":"temp/qa"}],"url":"http://hl7.org/fhir/tools/StructureDefinition/ig-parameter"},{"extension":[{"url":"code","valueCode":"path-temp"},{"url":"value","valueString":"temp/pages"}],"url":"http://hl7.org/fhir/tools/StructureDefinition/ig-parameter"},{"extension":[{"url":"code","valueCode":"path-output"},{"url":"value","valueString":"output"}],"url":"http://hl7.org/fhir/tools/StructureDefinition/ig-parameter"},{"extension":[{"url":"code","valueCode":"path-suppressed-warnings"},{"url":"value","valueString":"input/ignoreWarnings.txt"}],"url":"http://hl7.org/fhir/tools/StructureDefinition/ig-parameter"},{"extension":[{"url":"code","valueCode":"path-history"},{"url":"value","valueString":"https://nphcda.gov.ng/immunizationIG/history.html"}],"url":"http://hl7.org/fhir/tools/StructureDefinition/ig-parameter"},{"extension":[{"url":"code","valueCode":"template-html"},{"url":"value","valueString":"template-page.html"}],"url":"http://hl7.org/fhir/tools/StructureDefinition/ig-parameter"},{"extension":[{"url":"code","valueCode":"template-md"},{"url":"value","valueString":"template-page-md.html"}],"url":"http://hl7.org/fhir/tools/StructureDefinition/ig-parameter"},{"extension":[{"url":"code","valueCode":"apply-contact"},{"url":"value","valueString":"true"}],"url":"http://hl7.org/fhir/tools/StructureDefinition/ig-parameter"},{"extension":[{"url":"code","valueCode":"apply-context"},{"url":"value","valueString":"true"}],"url":"http://hl7.org/fhir/tools/StructureDefinition/ig-parameter"},{"extension":[{"url":"code","valueCode":"apply-copyright"},{"url":"value","valueString":"true"}],"url":"http://hl7.org/fhir/tools/StructureDefinition/ig-parameter"},{"extension":[{"url":"code","valueCode":"apply-jurisdiction"},{"url":"value","valueString":"true"}],"url":"http://hl7.org/fhir/tools/StructureDefinition/ig-parameter"},{"extension":[{"url":"code","valueCode":"apply-license"},{"url":"value","valueString":"true"}],"url":"http://hl7.org/fhir/tools/StructureDefinition/ig-parameter"},{"extension":[{"url":"code","valueCode":"apply-publisher"},{"url":"value","valueString":"true"}],"url":"http://hl7.org/fhir/tools/StructureDefinition/ig-parameter"},{"extension":[{"url":"code","valueCode":"apply-version"},{"url":"value","valueString":"true"}],"url":"http://hl7.org/fhir/tools/StructureDefinition/ig-parameter"},{"extension":[{"url":"code","valueCode":"apply-wg"},{"url":"value","valueString":"true"}],"url":"http://hl7.org/fhir/tools/StructureDefinition/ig-parameter"},{"extension":[{"url":"code","valueCode":"active-tables"},{"url":"value","valueString":"true"}],"url":"http://hl7.org/fhir/tools/StructureDefinition/ig-parameter"},{"extension":[{"url":"code","valueCode":"fmm-definition"},{"url":"value","valueString":"http://hl7.org/fhir/versions.html#maturity"}],"url":"http://hl7.org/fhir/tools/StructureDefinition/ig-parameter"},{"extension":[{"url":"code","valueCode":"propagate-status"},{"url":"value","valueString":"true"}],"url":"http://hl7.org/fhir/tools/StructureDefinition/ig-parameter"},{"extension":[{"url":"code","valueCode":"excludelogbinaryformat"},{"url":"value","valueString":"true"}],"url":"http://hl7.org/fhir/tools/StructureDefinition/ig-parameter"},{"extension":[{"url":"code","valueCode":"tabbed-snapshots"},{"url":"value","valueString":"true"}],"url":"http://hl7.org/fhir/tools/StructureDefinition/ig-parameter"},{"extension":[{"url":"code","valueCode":"copyrightyear"},{"url":"value","valueString":"2025+"}],"url":"http://hl7.org/fhir/tools/StructureDefinition/ig-parameter"},{"extension":[{"url":"code","valueCode":"releaselabel"},{"url":"value","valueString":"ci-build"}],"url":"http://hl7.org/fhir/tools/StructureDefinition/ig-parameter"},{"extension":[{"url":"code","valueCode":"autoload-resources"},{"url":"value","valueString":"true"}],"url":"http://hl7.org/fhir/tools/StructureDefinition/ig-parameter"},{"extension":[{"url":"code","valueCode":"path-liquid"},{"url":"value","valueString":"template/liquid"}],"url":"http://hl7.org/fhir/tools/StructureDefinition/ig-parameter"},{"extension":[{"url":"code","valueCode":"path-liquid"},{"url":"value","valueString":"input/liquid"}],"url":"http://hl7.org/fhir/tools/StructureDefinition/ig-parameter"},{"extension":[{"url":"code","valueCode":"path-qa"},{"url":"value","valueString":"temp/qa"}],"url":"http://hl7.org/fhir/tools/StructureDefinition/ig-parameter"},{"extension":[{"url":"code","valueCode":"path-temp"},{"url":"value","valueString":"temp/pages"}],"url":"http://hl7.org/fhir/tools/StructureDefinition/ig-parameter"},{"extension":[{"url":"code","valueCode":"path-output"},{"url":"value","valueString":"output"}],"url":"http://hl7.org/fhir/tools/StructureDefinition/ig-parameter"},{"extension":[{"url":"code","valueCode":"path-suppressed-warnings"},{"url":"value","valueString":"input/ignoreWarnings.txt"}],"url":"http://hl7.org/fhir/tools/StructureDefinition/ig-parameter"},{"extension":[{"url":"code","valueCode":"path-history"},{"url":"value","valueString":"https://nphcda.gov.ng/immunizationIG/history.html"}],"url":"http://hl7.org/fhir/tools/StructureDefinition/ig-parameter"},{"extension":[{"url":"code","valueCode":"template-html"},{"url":"value","valueString":"template-page.html"}],"url":"http://hl7.org/fhir/tools/StructureDefinition/ig-parameter"},{"extension":[{"url":"code","valueCode":"template-md"},{"url":"value","valueString":"template-page-md.html"}],"url":"http://hl7.org/fhir/tools/StructureDefinition/ig-parameter"},{"extension":[{"url":"code","valueCode":"apply-contact"},{"url":"value","valueString":"true"}],"url":"http://hl7.org/fhir/tools/StructureDefinition/ig-parameter"},{"extension":[{"url":"code","valueCode":"apply-context"},{"url":"value","valueString":"true"}],"url":"http://hl7.org/fhir/tools/StructureDefinition/ig-parameter"},{"extension":[{"url":"code","valueCode":"apply-copyright"},{"url":"value","valueString":"true"}],"url":"http://hl7.org/fhir/tools/StructureDefinition/ig-parameter"},{"extension":[{"url":"code","valueCode":"apply-jurisdiction"},{"url":"value","valueString":"true"}],"url":"http://hl7.org/fhir/tools/StructureDefinition/ig-parameter"},{"extension":[{"url":"code","valueCode":"apply-license"},{"url":"value","valueString":"true"}],"url":"http://hl7.org/fhir/tools/StructureDefinition/ig-parameter"},{"extension":[{"url":"code","valueCode":"apply-publisher"},{"url":"value","valueString":"true"}],"url":"http://hl7.org/fhir/tools/StructureDefinition/ig-parameter"},{"extension":[{"url":"code","valueCode":"apply-version"},{"url":"value","valueString":"true"}],"url":"http://hl7.org/fhir/tools/StructureDefinition/ig-parameter"},{"extension":[{"url":"code","valueCode":"apply-wg"},{"url":"value","valueString":"true"}],"url":"http://hl7.org/fhir/tools/StructureDefinition/ig-parameter"},{"extension":[{"url":"code","valueCode":"active-tables"},{"url":"value","valueString":"true"}],"url":"http://hl7.org/fhir/tools/StructureDefinition/ig-parameter"},{"extension":[{"url":"code","valueCode":"fmm-definition"},{"url":"value","valueString":"http://hl7.org/fhir/versions.html#maturity"}],"url":"http://hl7.org/fhir/tools/StructureDefinition/ig-parameter"},{"extension":[{"url":"code","valueCode":"propagate-status"},{"url":"value","valueString":"true"}],"url":"http://hl7.org/fhir/tools/StructureDefinition/ig-parameter"},{"extension":[{"url":"code","valueCode":"excludelogbinaryformat"},{"url":"value","valueString":"true"}],"url":"http://hl7.org/fhir/tools/StructureDefinition/ig-parameter"},{"extension":[{"url":"code","valueCode":"tabbed-snapshots"},{"url":"value","valueString":"true"}],"url":"http://hl7.org/fhir/tools/StructureDefinition/ig-parameter"}],"grouping":[{"id":"-dyn-capabilitystatement","name":"Behavior: Capability Statements","description":"The following artifacts define the specific capabilities that different types of systems are expected to have in order to comply with this implementation guide.  Systems conforming to this implementation guide are expected to declare conformance to one or more of the following capability statements."},{"id":"-dyn-searchparameter","name":"Behavior: Search Parameters","description":"These define the properties by which a RESTful server can be searched.  They can also be used for sorting and including related resources."},{"id":"-str-logicalmodel","name":"Structures: Logical Models","description":"These define data models that represent the domain covered by this implementation guide in more business-friendly terms than the underlying FHIR resources."},{"id":"-str-profile","name":"Structures: Resource Profiles","description":"These define constraints on FHIR resources for systems conforming to this implementation guide."},{"id":"-str-extension","name":"Structures: Extension Definitions","description":"These define constraints on FHIR data types for systems conforming to this implementation guide."},{"id":"-term-valueset","name":"Terminology: Value Sets","description":"These define sets of codes used by systems conforming to this implementation guide."},{"id":"-term-codesystem","name":"Terminology: Code Systems","description":"These define new code systems used by systems conforming to this implementation guide."},{"id":"-ex-example","name":"Example: Example Instances","description":"These are example instances that show what data produced and consumed by systems conforming with this implementation guide might look like."}],"resource":[{"extension":[{"url":"http://hl7.org/fhir/tools/StructureDefinition/resource-sort","valueInteger":999999999},{"url":"http://hl7.org/fhir/StructureDefinition/implementationguide-page","valueUri":"CapabilityStatement-NgImmCapabilityStatementClient.html"}],"reference":{"reference":"CapabilityStatement/NgImmCapabilityStatementClient"},"name":"Nigeria Immunization Client CapabilityStatement","description":"Describes expected behavior of clients consuming immunization services using the Nigerian profiles.","exampleBoolean":false,"groupingId":"-dyn-capabilitystatement"},{"extension":[{"url":"http://hl7.org/fhir/tools/StructureDefinition/resource-sort","valueInteger":999999999},{"url":"http://hl7.org/fhir/StructureDefinition/implementationguide-page","valueUri":"CapabilityStatement-NgImmCapabilityStatementServer.html"}],"reference":{"reference":"CapabilityStatement/NgImmCapabilityStatementServer"},"name":"Nigeria Immunization Server CapabilityStatement","description":"Describes the expected behavior of systems serving immunization data based on the NgImmPatient and NgImmImmunization profiles.","exampleBoolean":false,"groupingId":"-dyn-capabilitystatement"},{"extension":[{"url":"http://hl7.org/fhir/tools/StructureDefinition/resource-sort","valueInteger":999999999},{"url":"http://hl7.org/fhir/StructureDefinition/implementationguide-page","valueUri":"SearchParameter-SearchParameter-ngimm-immdate.html"}],"reference":{"reference":"SearchParameter/SearchParameter-ngimm-immdate"},"name":"Search Immunization records by date of vaccination","description":"Search Immunization records by date of vaccination","exampleBoolean":false,"groupingId":"-dyn-searchparameter"},{"extension":[{"url":"http://hl7.org/fhir/tools/StructureDefinition/resource-sort","valueInteger":999999999},{"url":"http://hl7.org/fhir/StructureDefinition/implementationguide-page","valueUri":"SearchParameter-SearchParameter-ngimm-immpatient.html"}],"reference":{"reference":"SearchParameter/SearchParameter-ngimm-immpatient"},"name":"Search Immunization records by patient","description":"Search Immunization records by patient","exampleBoolean":false,"groupingId":"-dyn-searchparameter"},{"extension":[{"url":"http://hl7.org/fhir/tools/StructureDefinition/resource-sort","valueInteger":999999999},{"url":"http://hl7.org/fhir/StructureDefinition/implementationguide-page","valueUri":"SearchParameter-SearchParameter-ngimm-immstatus.html"}],"reference":{"reference":"SearchParameter/SearchParameter-ngimm-immstatus"},"name":"Search Immunization records by status of immunization","description":"Search Immunization records by status (eg. completed, or not done)","exampleBoolean":false,"groupingId":"-dyn-searchparameter"},{"extension":[{"url":"http://hl7.org/fhir/tools/StructureDefinition/resource-sort","valueInteger":999999999},{"url":"http://hl7.org/fhir/StructureDefinition/implementationguide-page","valueUri":"SearchParameter-SearchParameter-ngimm-immvaccinecode.html"}],"reference":{"reference":"SearchParameter/SearchParameter-ngimm-immvaccinecode"},"name":"Search Immunization records by vaccine code","description":"Search Immunization records by vaccination code","exampleBoolean":false,"groupingId":"-dyn-searchparameter"},{"extension":[{"url":"http://hl7.org/fhir/tools/StructureDefinition/resource-sort","valueInteger":999999999},{"url":"http://hl7.org/fhir/StructureDefinition/implementationguide-page","valueUri":"SearchParameter-SearchParameter-ngimm-identifier.html"}],"reference":{"reference":"SearchParameter/SearchParameter-ngimm-identifier"},"name":"Search by Patient Identifier","description":"Search by patient identifier","exampleBoolean":false,"groupingId":"-dyn-searchparameter"},{"extension":[{"url":"http://hl7.org/fhir/tools/StructureDefinition/resource-sort","valueInteger":999999999},{"url":"http://hl7.org/fhir/StructureDefinition/implementationguide-page","valueUri":"SearchParameter-SearchParameter-ngimm-birthdate.html"}],"reference":{"reference":"SearchParameter/SearchParameter-ngimm-birthdate"},"name":"Search by Patient birth date","description":"Search by patient birth date","exampleBoolean":false,"groupingId":"-dyn-searchparameter"},{"extension":[{"url":"http://hl7.org/fhir/tools/StructureDefinition/resource-sort","valueInteger":999999999},{"url":"http://hl7.org/fhir/StructureDefinition/implementationguide-page","valueUri":"SearchParameter-SearchParameter-ngimm-firstname.html"}],"reference":{"reference":"SearchParameter/SearchParameter-ngimm-firstname"},"name":"Search by Patient firstname","description":"Search by patient firstname","exampleBoolean":false,"groupingId":"-dyn-searchparameter"},{"extension":[{"url":"http://hl7.org/fhir/tools/StructureDefinition/resource-sort","valueInteger":999999999},{"url":"http://hl7.org/fhir/StructureDefinition/implementationguide-page","valueUri":"SearchParameter-SearchParameter-ngimm-gender.html"}],"reference":{"reference":"SearchParameter/SearchParameter-ngimm-gender"},"name":"Search by Patient gender","description":"Search by patient gender","exampleBoolean":false,"groupingId":"-dyn-searchparameter"},{"extension":[{"url":"http://hl7.org/fhir/tools/StructureDefinition/resource-sort","valueInteger":999999999},{"url":"http://hl7.org/fhir/StructureDefinition/implementationguide-page","valueUri":"SearchParameter-SearchParameter-ngimm-lastname.html"}],"reference":{"reference":"SearchParameter/SearchParameter-ngimm-lastname"},"name":"Search by Patient lastname","description":"Search by patient lastname","exampleBoolean":false,"groupingId":"-dyn-searchparameter"},{"extension":[{"url":"http://hl7.org/fhir/tools/StructureDefinition/resource-sort","valueInteger":999999999},{"url":"http://hl7.org/fhir/StructureDefinition/implementationguide-page","valueUri":"SearchParameter-SearchParameter-ngimm-lga.html"}],"reference":{"reference":"SearchParameter/SearchParameter-ngimm-lga"},"name":"Search by Patient lga of residence","description":"Search by patient LGA of residence","exampleBoolean":false,"groupingId":"-dyn-searchparameter"},{"extension":[{"url":"http://hl7.org/fhir/tools/StructureDefinition/resource-sort","valueInteger":999999999},{"url":"http://hl7.org/fhir/StructureDefinition/implementationguide-page","valueUri":"SearchParameter-SearchParameter-ngimm-createddate.html"}],"reference":{"reference":"SearchParameter/SearchParameter-ngimm-createddate"},"name":"Search by Patient's date of creation","description":"Search by patient's date of creation","exampleBoolean":false,"groupingId":"-dyn-searchparameter"},{"extension":[{"url":"http://hl7.org/fhir/tools/StructureDefinition/resource-sort","valueInteger":999999999},{"url":"http://hl7.org/fhir/StructureDefinition/implementationguide-page","valueUri":"SearchParameter-SearchParameter-ngimm-state.html"}],"reference":{"reference":"SearchParameter/SearchParameter-ngimm-state"},"name":"Search by Patient's state of residence","description":"Search by patient's State of residence","exampleBoolean":false,"groupingId":"-dyn-searchparameter"},{"extension":[{"url":"http://hl7.org/fhir/tools/StructureDefinition/resource-sort","valueInteger":999999999},{"url":"http://hl7.org/fhir/StructureDefinition/implementationguide-page","valueUri":"StructureDefinition-register-facility-model.html"}],"reference":{"reference":"StructureDefinition/register-facility-model"},"name":"A - Register Facility [information only]","description":"IMMZ.A - A logical model representing a health facility being registered in the immunization system.","exampleBoolean":false,"groupingId":"-str-logicalmodel"},{"extension":[{"url":"http://hl7.org/fhir/tools/StructureDefinition/resource-sort","valueInteger":999999999},{"url":"http://hl7.org/fhir/StructureDefinition/implementationguide-page","valueUri":"StructureDefinition-register-client-model.html"}],"reference":{"reference":"StructureDefinition/register-client-model"},"name":"C5 - Register Client [information only]","description":"IMMZ.C5 - A logical model representing a client being registered in the immunization system.","exampleBoolean":false,"groupingId":"-str-logicalmodel"},{"extension":[{"url":"http://hl7.org/fhir/tools/StructureDefinition/resource-sort","valueInteger":999999999},{"url":"http://hl7.org/fhir/StructureDefinition/implementationguide-page","valueUri":"StructureDefinition-UpdateClientHistory.html"}],"reference":{"reference":"StructureDefinition/UpdateClientHistory"},"name":"C6 - Update Client History [information only]","description":"IMMZ.C6 - A logical model for tracking client immunization history updates.","exampleBoolean":false,"groupingId":"-str-logicalmodel"},{"extension":[{"url":"http://hl7.org/fhir/tools/StructureDefinition/resource-sort","valueInteger":999999999},{"url":"http://hl7.org/fhir/StructureDefinition/implementationguide-page","valueUri":"StructureDefinition-AdministerVaccine.html"}],"reference":{"reference":"StructureDefinition/AdministerVaccine"},"name":"D - Administer Vaccine [information only]","description":"IMMZ.D - A logical model for capturing vaccine administration details","exampleBoolean":false,"groupingId":"-str-logicalmodel"},{"extension":[{"url":"http://hl7.org/fhir/tools/StructureDefinition/resource-sort","valueInteger":999999999},{"url":"http://hl7.org/fhir/StructureDefinition/implementationguide-page","valueUri":"StructureDefinition-manage-aefi.html"}],"reference":{"reference":"StructureDefinition/manage-aefi"},"name":"E - Manage & Report AEFI [information only]","description":"IMMZ.E - A logical model for recording and managing AEFI treatment.","exampleBoolean":false,"groupingId":"-str-logicalmodel"},{"extension":[{"url":"http://hl7.org/fhir/tools/StructureDefinition/resource-sort","valueInteger":999999999},{"url":"http://hl7.org/fhir/StructureDefinition/implementationguide-page","valueUri":"StructureDefinition-DefaulterTracking.html"}],"reference":{"reference":"StructureDefinition/DefaulterTracking"},"name":"G - Defaulter Tracking [information only]","description":"IMMZ.G - A logical model for tracking immunization defaulters.","exampleBoolean":false,"groupingId":"-str-logicalmodel"},{"extension":[{"url":"http://hl7.org/fhir/tools/StructureDefinition/resource-sort","valueInteger":999999999},{"url":"http://hl7.org/fhir/StructureDefinition/implementationguide-page","valueUri":"StructureDefinition-IMMZGGenerateReport.html"}],"reference":{"reference":"StructureDefinition/IMMZGGenerateReport"},"name":"H - Generate Report [information only]","description":"IMMZ.H - Data elements for the IMMZ.G Report Generation Data Dictionary.","exampleBoolean":false,"groupingId":"-str-logicalmodel"},{"extension":[{"url":"http://hl7.org/fhir/tools/StructureDefinition/resource-sort","valueInteger":999999999},{"url":"http://hl7.org/fhir/StructureDefinition/implementationguide-page","valueUri":"StructureDefinition-allergy-intolerance-profile.html"}],"reference":{"reference":"StructureDefinition/allergy-intolerance-profile"},"name":"NgImmAllergyIntolerance","description":"Nigeria Immunization Allergy Intolerance Profile","exampleBoolean":false,"groupingId":"-str-profile"},{"extension":[{"url":"http://hl7.org/fhir/tools/StructureDefinition/resource-sort","valueInteger":999999999},{"url":"http://hl7.org/fhir/StructureDefinition/implementationguide-page","valueUri":"StructureDefinition-NgImmImmunization.html"}],"reference":{"reference":"StructureDefinition/NgImmImmunization"},"name":"NgImmImmunization","description":"Nigerian Profile for Immunization resource.","exampleBoolean":false,"groupingId":"-str-profile"},{"extension":[{"url":"http://hl7.org/fhir/tools/StructureDefinition/resource-sort","valueInteger":999999999},{"url":"http://hl7.org/fhir/StructureDefinition/implementationguide-page","valueUri":"StructureDefinition-measure-report-profile.html"}],"reference":{"reference":"StructureDefinition/measure-report-profile"},"name":"NgImmMeasureReport","description":"Nigeria Immunization Measure Report Profile","exampleBoolean":false,"groupingId":"-str-profile"},{"extension":[{"url":"http://hl7.org/fhir/tools/StructureDefinition/resource-sort","valueInteger":999999999},{"url":"http://hl7.org/fhir/StructureDefinition/implementationguide-page","valueUri":"StructureDefinition-ng-imm-organization.html"}],"reference":{"reference":"StructureDefinition/ng-imm-organization"},"name":"NgImmOrganization","description":"An organization profile representing healthcare facilities responsible for immunization services or other types of organizations.","exampleBoolean":false,"groupingId":"-str-profile"},{"extension":[{"url":"http://hl7.org/fhir/tools/StructureDefinition/resource-sort","valueInteger":999999999},{"url":"http://hl7.org/fhir/StructureDefinition/implementationguide-page","valueUri":"StructureDefinition-NgImmPatient.html"}],"reference":{"reference":"StructureDefinition/NgImmPatient"},"name":"NgImmPatient","description":"Nigeria Immunization Patient Profile","exampleBoolean":false,"groupingId":"-str-profile"},{"extension":[{"url":"http://hl7.org/fhir/tools/StructureDefinition/resource-sort","valueInteger":999999999},{"url":"http://hl7.org/fhir/StructureDefinition/implementationguide-page","valueUri":"StructureDefinition-NgImmPractitioner.html"}],"reference":{"reference":"StructureDefinition/NgImmPractitioner"},"name":"NgImmPractitioner","description":"Profile for a Nigerian Practitioner","exampleBoolean":false,"groupingId":"-str-profile"},{"extension":[{"url":"http://hl7.org/fhir/tools/StructureDefinition/resource-sort","valueInteger":999999999},{"url":"http://hl7.org/fhir/StructureDefinition/implementationguide-page","valueUri":"StructureDefinition-mother-other-children.html"}],"reference":{"reference":"StructureDefinition/mother-other-children"},"name":"NgImmSiblingRelatedPerson","description":"Sibling that Represents the mother's other children as RelatedPersons.","exampleBoolean":false,"groupingId":"-str-profile"},{"extension":[{"url":"http://hl7.org/fhir/tools/StructureDefinition/resource-sort","valueInteger":999999999},{"url":"http://hl7.org/fhir/StructureDefinition/implementationguide-page","valueUri":"StructureDefinition-ngimm-measure.html"}],"reference":{"reference":"StructureDefinition/ngimm-measure"},"name":"Nigeria Immunization Measure Definition","description":"A profile on the Measure resource used to define immunization indicators within Nigeria's routine immunization program.","exampleBoolean":false,"groupingId":"-str-profile"},{"extension":[{"url":"http://hl7.org/fhir/tools/StructureDefinition/resource-sort","valueInteger":999999999},{"url":"http://hl7.org/fhir/StructureDefinition/implementationguide-page","valueUri":"StructureDefinition-age-in-months.html"}],"reference":{"reference":"StructureDefinition/age-in-months"},"name":"Client Age in Months","description":"Age of the Immunization Client recorded in months","exampleBoolean":false,"groupingId":"-str-extension"},{"extension":[{"url":"http://hl7.org/fhir/tools/StructureDefinition/resource-sort","valueInteger":999999999},{"url":"http://hl7.org/fhir/StructureDefinition/implementationguide-page","valueUri":"StructureDefinition-age-in-weeks.html"}],"reference":{"reference":"StructureDefinition/age-in-weeks"},"name":"Client Age in Weeks","description":"Age of the Immunization Client recorded in weeks","exampleBoolean":false,"groupingId":"-str-extension"},{"extension":[{"url":"http://hl7.org/fhir/tools/StructureDefinition/resource-sort","valueInteger":999999999},{"url":"http://hl7.org/fhir/StructureDefinition/implementationguide-page","valueUri":"StructureDefinition-age-in-years.html"}],"reference":{"reference":"StructureDefinition/age-in-years"},"name":"Client Age in Years","description":"Age of the Immunization Client recorded in years","exampleBoolean":false,"groupingId":"-str-extension"},{"extension":[{"url":"http://hl7.org/fhir/tools/StructureDefinition/resource-sort","valueInteger":999999999},{"url":"http://hl7.org/fhir/StructureDefinition/implementationguide-page","valueUri":"StructureDefinition-hiv-status.html"}],"reference":{"reference":"StructureDefinition/hiv-status"},"name":"Client's HIV status","description":"The HIV status (positive, negative, or unknown) of the Immunization Client","exampleBoolean":false,"groupingId":"-str-extension"},{"extension":[{"url":"http://hl7.org/fhir/tools/StructureDefinition/resource-sort","valueInteger":999999999},{"url":"http://hl7.org/fhir/StructureDefinition/implementationguide-page","valueUri":"StructureDefinition-pregnancy-status.html"}],"reference":{"reference":"StructureDefinition/pregnancy-status"},"name":"Client's Pregnancy status","description":"The Pregnancy status (pregnant or not-pregnant) of the Immunization Client","exampleBoolean":false,"groupingId":"-str-extension"},{"extension":[{"url":"http://hl7.org/fhir/tools/StructureDefinition/resource-sort","valueInteger":999999999},{"url":"http://hl7.org/fhir/StructureDefinition/implementationguide-page","valueUri":"StructureDefinition-contraindications.html"}],"reference":{"reference":"StructureDefinition/contraindications"},"name":"Contraindications","description":"Indicates specific situations in which it is not recommended to administer certain vaccines (e.g severe AEFI, History of Anaphylactic reactions, Symptomatic HIV infection)","exampleBoolean":false,"groupingId":"-str-extension"},{"extension":[{"url":"http://hl7.org/fhir/tools/StructureDefinition/resource-sort","valueInteger":999999999},{"url":"http://hl7.org/fhir/StructureDefinition/implementationguide-page","valueUri":"StructureDefinition-date-client-created.html"}],"reference":{"reference":"StructureDefinition/date-client-created"},"name":"Date client record was created","description":"Date the client record was first created","exampleBoolean":false,"groupingId":"-str-extension"},{"extension":[{"url":"http://hl7.org/fhir/tools/StructureDefinition/resource-sort","valueInteger":999999999},{"url":"http://hl7.org/fhir/StructureDefinition/implementationguide-page","valueUri":"StructureDefinition-signature.html"}],"reference":{"reference":"StructureDefinition/signature"},"name":"Digital Signature","description":"A digital or electronic signature capturing who signed, when, type, and signature data.","exampleBoolean":false,"groupingId":"-str-extension"},{"extension":[{"url":"http://hl7.org/fhir/tools/StructureDefinition/resource-sort","valueInteger":999999999},{"url":"http://hl7.org/fhir/StructureDefinition/implementationguide-page","valueUri":"StructureDefinition-contraindicated.html"}],"reference":{"reference":"StructureDefinition/contraindicated"},"name":"Immunization Contraindicated","description":"Indicates whether the immunization was contraindicated","exampleBoolean":false,"groupingId":"-str-extension"},{"extension":[{"url":"http://hl7.org/fhir/tools/StructureDefinition/resource-sort","valueInteger":999999999},{"url":"http://hl7.org/fhir/StructureDefinition/implementationguide-page","valueUri":"StructureDefinition-next-dose-date.html"}],"reference":{"reference":"StructureDefinition/next-dose-date"},"name":"Next Dose Date","description":"The recommended due date for the next vaccine dose in the schedule.","exampleBoolean":false,"groupingId":"-str-extension"},{"extension":[{"url":"http://hl7.org/fhir/tools/StructureDefinition/resource-sort","valueInteger":999999999},{"url":"http://hl7.org/fhir/StructureDefinition/implementationguide-page","valueUri":"StructureDefinition-nigeria-administrative-ward.html"}],"reference":{"reference":"StructureDefinition/nigeria-administrative-ward"},"name":"Nigeria Administrative Wards ","description":"Captures the administrative ward within a geographic address","exampleBoolean":false,"groupingId":"-str-extension"},{"extension":[{"url":"http://hl7.org/fhir/tools/StructureDefinition/resource-sort","valueInteger":999999999},{"url":"http://hl7.org/fhir/StructureDefinition/implementationguide-page","valueUri":"StructureDefinition-primary-vaccine-status.html"}],"reference":{"reference":"StructureDefinition/primary-vaccine-status"},"name":"Primary Vaccine Status","description":"Indicates whether the immunization patient has completed the full primary vaccine series","exampleBoolean":false,"groupingId":"-str-extension"},{"extension":[{"url":"http://hl7.org/fhir/tools/StructureDefinition/resource-sort","valueInteger":999999999},{"url":"http://hl7.org/fhir/StructureDefinition/implementationguide-page","valueUri":"StructureDefinition-allergy-reference-dose-number.html"}],"reference":{"reference":"StructureDefinition/allergy-reference-dose-number"},"name":"Reference Dose Number","description":"Reference immunization dose number for this AllergyIntolerance.","exampleBoolean":false,"groupingId":"-str-extension"},{"extension":[{"url":"http://hl7.org/fhir/tools/StructureDefinition/resource-sort","valueInteger":999999999},{"url":"http://hl7.org/fhir/StructureDefinition/implementationguide-page","valueUri":"StructureDefinition-allergy-reference-dose-series.html"}],"reference":{"reference":"StructureDefinition/allergy-reference-dose-series"},"name":"Reference Dose Series","description":"Dose series number from the referenced Immunization.protocolApplied.doseNumber.","exampleBoolean":false,"groupingId":"-str-extension"},{"extension":[{"url":"http://hl7.org/fhir/tools/StructureDefinition/resource-sort","valueInteger":999999999},{"url":"http://hl7.org/fhir/StructureDefinition/implementationguide-page","valueUri":"StructureDefinition-session-type.html"}],"reference":{"reference":"StructureDefinition/session-type"},"name":"Session Type","description":"Type of session for immunization (e.g., fixed-site clinic, outreach session, campaign site).","exampleBoolean":false,"groupingId":"-str-extension"},{"extension":[{"url":"http://hl7.org/fhir/tools/StructureDefinition/resource-sort","valueInteger":999999999},{"url":"http://hl7.org/fhir/StructureDefinition/implementationguide-page","valueUri":"StructureDefinition-sibling-health-status.html"}],"reference":{"reference":"StructureDefinition/sibling-health-status"},"name":"Sibling's health status","description":"The health status of the Client's sibling","exampleBoolean":false,"groupingId":"-str-extension"},{"extension":[{"url":"http://hl7.org/fhir/tools/StructureDefinition/resource-sort","valueInteger":999999999},{"url":"http://hl7.org/fhir/StructureDefinition/implementationguide-page","valueUri":"StructureDefinition-birth-weight.html"}],"reference":{"reference":"StructureDefinition/birth-weight"},"name":"Weight at birth","description":"Weight  of the Immunization Client at birth","exampleBoolean":false,"groupingId":"-str-extension"},{"extension":[{"url":"http://hl7.org/fhir/tools/StructureDefinition/resource-sort","valueInteger":999999999},{"url":"http://hl7.org/fhir/StructureDefinition/implementationguide-page","valueUri":"ValueSet-nigeria-verifiction-status.html"}],"reference":{"reference":"ValueSet/nigeria-verifiction-status"},"name":"AEFI Verification Status","description":"AEFI Verification Status","exampleBoolean":false,"groupingId":"-term-valueset"},{"extension":[{"url":"http://hl7.org/fhir/tools/StructureDefinition/resource-sort","valueInteger":999999999},{"url":"http://hl7.org/fhir/StructureDefinition/implementationguide-page","valueUri":"ValueSet-nigeria-lgas.html"}],"reference":{"reference":"ValueSet/nigeria-lgas"},"name":"Administrative LGAs","description":"The administrative Local Government Aread where a person or a facility is.","exampleBoolean":false,"groupingId":"-term-valueset"},{"extension":[{"url":"http://hl7.org/fhir/tools/StructureDefinition/resource-sort","valueInteger":999999999},{"url":"http://hl7.org/fhir/StructureDefinition/implementationguide-page","valueUri":"ValueSet-nigeria-allergy-severity.html"}],"reference":{"reference":"ValueSet/nigeria-allergy-severity"},"name":"Allergy Severity","description":"Vaccine reaction Severity","exampleBoolean":false,"groupingId":"-term-valueset"},{"extension":[{"url":"http://hl7.org/fhir/tools/StructureDefinition/resource-sort","valueInteger":999999999},{"url":"http://hl7.org/fhir/StructureDefinition/implementationguide-page","valueUri":"ValueSet-nigeria-hiv-status.html"}],"reference":{"reference":"ValueSet/nigeria-hiv-status"},"name":"Client HIV Status","description":"Client HIV Status","exampleBoolean":false,"groupingId":"-term-valueset"},{"extension":[{"url":"http://hl7.org/fhir/tools/StructureDefinition/resource-sort","valueInteger":999999999},{"url":"http://hl7.org/fhir/StructureDefinition/implementationguide-page","valueUri":"ValueSet-nigeria-pregnancy-status.html"}],"reference":{"reference":"ValueSet/nigeria-pregnancy-status"},"name":"Client Preganancy Status","description":"Client Pregnancy Status","exampleBoolean":false,"groupingId":"-term-valueset"},{"extension":[{"url":"http://hl7.org/fhir/tools/StructureDefinition/resource-sort","valueInteger":999999999},{"url":"http://hl7.org/fhir/StructureDefinition/implementationguide-page","valueUri":"ValueSet-nigeria-gender.html"}],"reference":{"reference":"ValueSet/nigeria-gender"},"name":"Gender or Sex","description":"The administrative gender of a person.","exampleBoolean":false,"groupingId":"-term-valueset"},{"extension":[{"url":"http://hl7.org/fhir/tools/StructureDefinition/resource-sort","valueInteger":999999999},{"url":"http://hl7.org/fhir/StructureDefinition/implementationguide-page","valueUri":"ValueSet-nigeria-facility-types.html"}],"reference":{"reference":"ValueSet/nigeria-facility-types"},"name":"Health Facility Type","description":"Classification of Nigerian health facilities","exampleBoolean":false,"groupingId":"-term-valueset"},{"extension":[{"url":"http://hl7.org/fhir/tools/StructureDefinition/resource-sort","valueInteger":999999999},{"url":"http://hl7.org/fhir/StructureDefinition/implementationguide-page","valueUri":"ValueSet-nigeria-primary-vaccine-status.html"}],"reference":{"reference":"ValueSet/nigeria-primary-vaccine-status"},"name":"Primary vaccine Status","description":"Primary Vaccine Status","exampleBoolean":false,"groupingId":"-term-valueset"},{"extension":[{"url":"http://hl7.org/fhir/tools/StructureDefinition/resource-sort","valueInteger":999999999},{"url":"http://hl7.org/fhir/StructureDefinition/implementationguide-page","valueUri":"ValueSet-nigeria-clinical-status.html"}],"reference":{"reference":"ValueSet/nigeria-clinical-status"},"name":"Reaction outcome","description":"Reaction outcome clinical Status","exampleBoolean":false,"groupingId":"-term-valueset"},{"extension":[{"url":"http://hl7.org/fhir/tools/StructureDefinition/resource-sort","valueInteger":999999999},{"url":"http://hl7.org/fhir/StructureDefinition/implementationguide-page","valueUri":"ValueSet-nigeria-Immunization-status-reason.html"}],"reference":{"reference":"ValueSet/nigeria-Immunization-status-reason"},"name":"Reason for missed Vaccination","description":"Reason for a Client missing the last or other vaccinations","exampleBoolean":false,"groupingId":"-term-valueset"},{"extension":[{"url":"http://hl7.org/fhir/tools/StructureDefinition/resource-sort","valueInteger":999999999},{"url":"http://hl7.org/fhir/StructureDefinition/implementationguide-page","valueUri":"ValueSet-nigeria-relationship.html"}],"reference":{"reference":"ValueSet/nigeria-relationship"},"name":"Relationships","description":"The administrative ward where a person or a facility is.","exampleBoolean":false,"groupingId":"-term-valueset"},{"extension":[{"url":"http://hl7.org/fhir/tools/StructureDefinition/resource-sort","valueInteger":999999999},{"url":"http://hl7.org/fhir/StructureDefinition/implementationguide-page","valueUri":"ValueSet-nigeria-session-type.html"}],"reference":{"reference":"ValueSet/nigeria-session-type"},"name":"Session type","description":"Session type","exampleBoolean":false,"groupingId":"-term-valueset"},{"extension":[{"url":"http://hl7.org/fhir/tools/StructureDefinition/resource-sort","valueInteger":999999999},{"url":"http://hl7.org/fhir/StructureDefinition/implementationguide-page","valueUri":"ValueSet-nigeria-sibling-health-status.html"}],"reference":{"reference":"ValueSet/nigeria-sibling-health-status"},"name":"Sibling Health Status","description":"Sibling Health Status","exampleBoolean":false,"groupingId":"-term-valueset"},{"extension":[{"url":"http://hl7.org/fhir/tools/StructureDefinition/resource-sort","valueInteger":999999999},{"url":"http://hl7.org/fhir/StructureDefinition/implementationguide-page","valueUri":"ValueSet-nigeria-states.html"}],"reference":{"reference":"ValueSet/nigeria-states"},"name":"States","description":"The administrative ward where a person or a facility is.","exampleBoolean":false,"groupingId":"-term-valueset"},{"extension":[{"url":"http://hl7.org/fhir/tools/StructureDefinition/resource-sort","valueInteger":999999999},{"url":"http://hl7.org/fhir/StructureDefinition/implementationguide-page","valueUri":"ValueSet-nigeria-vaccine-contraindication.html"}],"reference":{"reference":"ValueSet/nigeria-vaccine-contraindication"},"name":"Vaccine Contraindication","description":"Vaccine Contraindication","exampleBoolean":false,"groupingId":"-term-valueset"},{"extension":[{"url":"http://hl7.org/fhir/tools/StructureDefinition/resource-sort","valueInteger":999999999},{"url":"http://hl7.org/fhir/StructureDefinition/implementationguide-page","valueUri":"ValueSet-nigeria-vaccine-route.html"}],"reference":{"reference":"ValueSet/nigeria-vaccine-route"},"name":"Vaccine Route","description":"Vaccine Route","exampleBoolean":false,"groupingId":"-term-valueset"},{"extension":[{"url":"http://hl7.org/fhir/tools/StructureDefinition/resource-sort","valueInteger":999999999},{"url":"http://hl7.org/fhir/StructureDefinition/implementationguide-page","valueUri":"ValueSet-nigeria-vaccine-site.html"}],"reference":{"reference":"ValueSet/nigeria-vaccine-site"},"name":"Vaccine Site","description":"Vaccine Site","exampleBoolean":false,"groupingId":"-term-valueset"},{"extension":[{"url":"http://hl7.org/fhir/tools/StructureDefinition/resource-sort","valueInteger":999999999},{"url":"http://hl7.org/fhir/StructureDefinition/implementationguide-page","valueUri":"ValueSet-nigeria-vaccine-library.html"}],"reference":{"reference":"ValueSet/nigeria-vaccine-library"},"name":"Vaccines","description":"A curated list of vaccines recognized under Nigeria's national immunization program","exampleBoolean":false,"groupingId":"-term-valueset"},{"extension":[{"url":"http://hl7.org/fhir/tools/StructureDefinition/resource-sort","valueInteger":999999999},{"url":"http://hl7.org/fhir/StructureDefinition/implementationguide-page","valueUri":"ValueSet-nigeria-wards.html"}],"reference":{"reference":"ValueSet/nigeria-wards"},"name":"Wards","description":"The administrative Ward (within an LGA) where a person or a facility is.","exampleBoolean":false,"groupingId":"-term-valueset"},{"extension":[{"url":"http://hl7.org/fhir/tools/StructureDefinition/resource-sort","valueInteger":999999999},{"url":"http://hl7.org/fhir/StructureDefinition/implementationguide-page","valueUri":"CodeSystem-nigeria-immunization-contraindication.html"}],"reference":{"reference":"CodeSystem/nigeria-immunization-contraindication"},"name":" NG Vaccine contraindications","description":"A set of standardized codes used to represent clinical conditions, diagnoses, or circumstances that serve as contraindications to the administration of one or more vaccines.","exampleBoolean":false,"groupingId":"-term-codesystem"},{"extension":[{"url":"http://hl7.org/fhir/tools/StructureDefinition/resource-sort","valueInteger":999999999},{"url":"http://hl7.org/fhir/StructureDefinition/implementationguide-page","valueUri":"CodeSystem-nigeria-wards.html"}],"reference":{"reference":"CodeSystem/nigeria-wards"},"name":"NG Administrative Wards","description":"This CodeSystem defines ward codes and names mapped to their respective Local Government Areas (LGAs) in Nigeria.","exampleBoolean":false,"groupingId":"-term-codesystem"},{"extension":[{"url":"http://hl7.org/fhir/tools/StructureDefinition/resource-sort","valueInteger":999999999},{"url":"http://hl7.org/fhir/StructureDefinition/implementationguide-page","valueUri":"CodeSystem-nigeria-clinical-status.html"}],"reference":{"reference":"CodeSystem/nigeria-clinical-status"},"name":"NG Adverse Event Clinical Status","description":"A classification system that represents the current clinical status of an individual who experienced an Adverse Event Following Immunization (AEFI), based on medical observation, investigation, or follow-up assessment.","exampleBoolean":false,"groupingId":"-term-codesystem"},{"extension":[{"url":"http://hl7.org/fhir/tools/StructureDefinition/resource-sort","valueInteger":999999999},{"url":"http://hl7.org/fhir/StructureDefinition/implementationguide-page","valueUri":"CodeSystem-nigeria-hiv-status.html"}],"reference":{"reference":"CodeSystem/nigeria-hiv-status"},"name":"NG Client HIV status","description":"This CodeSystem defines list of options for HIV status of a Client","exampleBoolean":false,"groupingId":"-term-codesystem"},{"extension":[{"url":"http://hl7.org/fhir/tools/StructureDefinition/resource-sort","valueInteger":999999999},{"url":"http://hl7.org/fhir/StructureDefinition/implementationguide-page","valueUri":"CodeSystem-nigeria-pregnancy-status.html"}],"reference":{"reference":"CodeSystem/nigeria-pregnancy-status"},"name":"NG Client Pregnancy status","description":"This CodeSystem defines list of options for Pregnancy status of a Client","exampleBoolean":false,"groupingId":"-term-codesystem"},{"extension":[{"url":"http://hl7.org/fhir/tools/StructureDefinition/resource-sort","valueInteger":999999999},{"url":"http://hl7.org/fhir/StructureDefinition/implementationguide-page","valueUri":"CodeSystem-nigeria-facility-type.html"}],"reference":{"reference":"CodeSystem/nigeria-facility-type"},"name":"NG Facility Type","description":"A standardized classification system used to describe the type or level of health facility within a healthcare delivery system, based on the scope of services provided, staffing, infrastructure, and administrative role.","exampleBoolean":false,"groupingId":"-term-codesystem"},{"extension":[{"url":"http://hl7.org/fhir/tools/StructureDefinition/resource-sort","valueInteger":999999999},{"url":"http://hl7.org/fhir/StructureDefinition/implementationguide-page","valueUri":"CodeSystem-nigeria-gender.html"}],"reference":{"reference":"CodeSystem/nigeria-gender"},"name":"NG Gender or Sex","description":"Codes for the administrative gender or sex of a person, used in demographic and administrative contexts.","exampleBoolean":false,"groupingId":"-term-codesystem"},{"extension":[{"url":"http://hl7.org/fhir/tools/StructureDefinition/resource-sort","valueInteger":999999999},{"url":"http://hl7.org/fhir/StructureDefinition/implementationguide-page","valueUri":"CodeSystem-nigeria-immunization-session-type.html"}],"reference":{"reference":"CodeSystem/nigeria-immunization-session-type"},"name":"NG Immunization Session types","description":"A standardized classification of vaccine types administered for the prevention of specific diseases, identified by the antigen or disease target (e.g., BCG, HepB, OPV, Pentavalent, MR).","exampleBoolean":false,"groupingId":"-term-codesystem"},{"extension":[{"url":"http://hl7.org/fhir/tools/StructureDefinition/resource-sort","valueInteger":999999999},{"url":"http://hl7.org/fhir/StructureDefinition/implementationguide-page","valueUri":"CodeSystem-nigeria-lgas.html"}],"reference":{"reference":"CodeSystem/nigeria-lgas"},"name":"NG LGAs in Nigeria","description":"This CodeSystem defines LGA codes and names mapped to their respective States in Nigeria.","exampleBoolean":false,"groupingId":"-term-codesystem"},{"extension":[{"url":"http://hl7.org/fhir/tools/StructureDefinition/resource-sort","valueInteger":999999999},{"url":"http://hl7.org/fhir/StructureDefinition/implementationguide-page","valueUri":"CodeSystem-nigeria-allergy-severity.html"}],"reference":{"reference":"CodeSystem/nigeria-allergy-severity"},"name":"NG Reaction Severity","description":"This CodeSystem captures the assessed severity of an allergic reaction following immunization.","exampleBoolean":false,"groupingId":"-term-codesystem"},{"extension":[{"url":"http://hl7.org/fhir/tools/StructureDefinition/resource-sort","valueInteger":999999999},{"url":"http://hl7.org/fhir/StructureDefinition/implementationguide-page","valueUri":"CodeSystem-nigeria-sibling-health-status.html"}],"reference":{"reference":"CodeSystem/nigeria-sibling-health-status"},"name":"NG Sibling Health Status","description":"This CodeSystem defines list of relationships that a part of this IG","exampleBoolean":false,"groupingId":"-term-codesystem"},{"extension":[{"url":"http://hl7.org/fhir/tools/StructureDefinition/resource-sort","valueInteger":999999999},{"url":"http://hl7.org/fhir/StructureDefinition/implementationguide-page","valueUri":"CodeSystem-nigeria-states.html"}],"reference":{"reference":"CodeSystem/nigeria-states"},"name":"NG States in Nigeria","description":"This CodeSystem defines ward codes and names mapped to their respective States in Nigeria.","exampleBoolean":false,"groupingId":"-term-codesystem"},{"extension":[{"url":"http://hl7.org/fhir/tools/StructureDefinition/resource-sort","valueInteger":999999999},{"url":"http://hl7.org/fhir/StructureDefinition/implementationguide-page","valueUri":"CodeSystem-NGStockReportCS.html"}],"reference":{"reference":"CodeSystem/NGStockReportCS"},"name":"NG Stock Management Data Elements","description":"CodeSystem for Stock Management Data Elements","exampleBoolean":false,"groupingId":"-term-codesystem"},{"extension":[{"url":"http://hl7.org/fhir/tools/StructureDefinition/resource-sort","valueInteger":999999999},{"url":"http://hl7.org/fhir/StructureDefinition/implementationguide-page","valueUri":"CodeSystem-nigeria-vaccine-library.html"}],"reference":{"reference":"CodeSystem/nigeria-vaccine-library"},"name":"NG Vaccine Library with SNOMED CT codes","description":"CodeSystem for IMMZ.Z Vaccine Library Data Elements supported by this IG using SNOMED CT codes","exampleBoolean":false,"groupingId":"-term-codesystem"},{"extension":[{"url":"http://hl7.org/fhir/tools/StructureDefinition/resource-sort","valueInteger":999999999},{"url":"http://hl7.org/fhir/StructureDefinition/implementationguide-page","valueUri":"CodeSystem-nigeria-immunization-site.html"}],"reference":{"reference":"CodeSystem/nigeria-immunization-site"},"name":"NG Vaccine Site","description":"This CodeSystem captures the specific anatomical location on the patient’s body where a vaccine was administered.","exampleBoolean":false,"groupingId":"-term-codesystem"},{"extension":[{"url":"http://hl7.org/fhir/tools/StructureDefinition/resource-sort","valueInteger":999999999},{"url":"http://hl7.org/fhir/tools/StructureDefinition/implementationguide-resource-format","valueCode":"application/fhir+json"},{"url":"http://hl7.org/fhir/StructureDefinition/implementationguide-page","valueUri":"Binary-AEFI-Case-Report-202503.html"}],"reference":{"reference":"Binary/AEFI-Case-Report-202503"},"name":"AEFI-Case-Report-202503","exampleCanonical":"https://nphcda.gov.ng/immunizationIG/StructureDefinition/IMMZGGenerateReport","groupingId":"-ex-example"},{"extension":[{"url":"http://hl7.org/fhir/tools/StructureDefinition/resource-sort","valueInteger":999999999},{"url":"http://hl7.org/fhir/StructureDefinition/implementationguide-page","valueUri":"Immunization-ExampleNgImmImmunizationCompleted.html"}],"reference":{"reference":"Immunization/ExampleNgImmImmunizationCompleted"},"name":"Example Completed BCG Immunization for Newborn","description":"An example of a completed BCG immunization event","exampleCanonical":"https://nphcda.gov.ng/immunizationIG/StructureDefinition/NgImmImmunization","groupingId":"-ex-example"},{"extension":[{"url":"http://hl7.org/fhir/tools/StructureDefinition/resource-sort","valueInteger":999999999},{"url":"http://hl7.org/fhir/StructureDefinition/implementationguide-page","valueUri":"Patient-FullExampleNgImmPatient.html"}],"reference":{"reference":"Patient/FullExampleNgImmPatient"},"name":"Example Full Nigeria Immunization Patient","description":"A Nigeria Immunization Patient instance with all required and optional fields populated","exampleCanonical":"https://nphcda.gov.ng/immunizationIG/StructureDefinition/NgImmPatient","groupingId":"-ex-example"},{"extension":[{"url":"http://hl7.org/fhir/tools/StructureDefinition/resource-sort","valueInteger":999999999},{"url":"http://hl7.org/fhir/StructureDefinition/implementationguide-page","valueUri":"Patient-ExampleNgImmPatient.html"}],"reference":{"reference":"Patient/ExampleNgImmPatient"},"name":"Example Nigeria Immunization Patient","description":"A sample patient conforming to the Nigeria Immunization Patient profile","exampleCanonical":"https://nphcda.gov.ng/immunizationIG/StructureDefinition/NgImmPatient","groupingId":"-ex-example"},{"extension":[{"url":"http://hl7.org/fhir/tools/StructureDefinition/resource-sort","valueInteger":999999999},{"url":"http://hl7.org/fhir/tools/StructureDefinition/implementationguide-resource-format","valueCode":"application/fhir+json"},{"url":"http://hl7.org/fhir/StructureDefinition/implementationguide-page","valueUri":"Binary-example-register-client.html"}],"reference":{"reference":"Binary/example-register-client"},"name":"Example Register Client","description":"Example instance of a client being registered in the IMMZ system.","exampleCanonical":"https://nphcda.gov.ng/immunizationIG/StructureDefinition/register-client-model","groupingId":"-ex-example"},{"extension":[{"url":"http://hl7.org/fhir/tools/StructureDefinition/resource-sort","valueInteger":999999999},{"url":"http://hl7.org/fhir/StructureDefinition/implementationguide-page","valueUri":"RelatedPerson-Child1.html"}],"reference":{"reference":"RelatedPerson/Child1"},"name":"Example Sibling - Mother's Other Child","description":"An example of a mother's other child as a RelatedPerson resource.","exampleCanonical":"https://nphcda.gov.ng/immunizationIG/StructureDefinition/mother-other-children","groupingId":"-ex-example"},{"extension":[{"url":"http://hl7.org/fhir/tools/StructureDefinition/resource-sort","valueInteger":999999999},{"url":"http://hl7.org/fhir/StructureDefinition/implementationguide-page","valueUri":"Patient-ExampleNgPatientAdminWard.html"}],"reference":{"reference":"Patient/ExampleNgPatientAdminWard"},"name":"ExampleNgPatientAdminWard","exampleCanonical":"https://nphcda.gov.ng/immunizationIG/StructureDefinition/NgImmPatient","groupingId":"-ex-example"},{"extension":[{"url":"http://hl7.org/fhir/tools/StructureDefinition/resource-sort","valueInteger":999999999},{"url":"http://hl7.org/fhir/StructureDefinition/implementationguide-page","valueUri":"AllergyIntolerance-FullExampleNgAllergyIntolerance.html"}],"reference":{"reference":"AllergyIntolerance/FullExampleNgAllergyIntolerance"},"name":"FullExampleNgAllergyIntolerance","exampleCanonical":"https://nphcda.gov.ng/immunizationIG/StructureDefinition/allergy-intolerance-profile","groupingId":"-ex-example"},{"extension":[{"url":"http://hl7.org/fhir/tools/StructureDefinition/resource-sort","valueInteger":999999999},{"url":"http://hl7.org/fhir/StructureDefinition/implementationguide-page","valueUri":"MeasureReport-ExampleNgImmMeasureReport.html"}],"reference":{"reference":"MeasureReport/ExampleNgImmMeasureReport"},"name":"Monthly Immunization Coverage Summary - BCG","description":"An example of a summary MeasureReport generated for BCG coverage at a facility","exampleCanonical":"https://nphcda.gov.ng/immunizationIG/StructureDefinition/measure-report-profile","groupingId":"-ex-example"},{"extension":[{"url":"http://hl7.org/fhir/tools/StructureDefinition/resource-sort","valueInteger":999999999},{"url":"http://hl7.org/fhir/StructureDefinition/implementationguide-page","valueUri":"Organization-organization-example.html"}],"reference":{"reference":"Organization/organization-example"},"name":"NG Example Organization","exampleCanonical":"https://nphcda.gov.ng/immunizationIG/StructureDefinition/ng-imm-organization","groupingId":"-ex-example"},{"extension":[{"url":"http://hl7.org/fhir/tools/StructureDefinition/resource-sort","valueInteger":999999999},{"url":"http://hl7.org/fhir/StructureDefinition/implementationguide-page","valueUri":"Practitioner-ng-practitioner-example.html"}],"reference":{"reference":"Practitioner/ng-practitioner-example"},"name":"NgImmPractitionerExample","description":"An example of a Nigerian Routine Immunization Officer","exampleCanonical":"https://nphcda.gov.ng/immunizationIG/StructureDefinition/NgImmPractitioner","groupingId":"-ex-example"},{"extension":[{"url":"http://hl7.org/fhir/tools/StructureDefinition/resource-sort","valueInteger":999999999},{"url":"http://hl7.org/fhir/tools/StructureDefinition/implementationguide-resource-format","valueCode":"application/fhir+json"},{"url":"http://hl7.org/fhir/StructureDefinition/implementationguide-page","valueUri":"Binary-RoutineImmunizationReport.html"}],"reference":{"reference":"Binary/RoutineImmunizationReport"},"name":"Routine Immunization Report - Facility A","description":"A routine monthly immunization report summarizing vaccine stock and usage for Facility A.","exampleCanonical":"https://nphcda.gov.ng/immunizationIG/StructureDefinition/IMMZGGenerateReport","groupingId":"-ex-example"},{"extension":[{"url":"http://hl7.org/fhir/tools/StructureDefinition/resource-sort","valueInteger":999999999},{"url":"http://hl7.org/fhir/StructureDefinition/implementationguide-page","valueUri":"Immunization-ExampleNgImmImmunizationNotDone.html"}],"reference":{"reference":"Immunization/ExampleNgImmImmunizationNotDone"},"name":"Scheduled Pentavalent Immunization Not Done Due to Fever","description":"An example where immunization was not done due to contraindication (fever)","exampleCanonical":"https://nphcda.gov.ng/immunizationIG/StructureDefinition/NgImmImmunization","groupingId":"-ex-example"},{"extension":[{"url":"http://hl7.org/fhir/tools/StructureDefinition/resource-sort","valueInteger":999999999},{"url":"http://hl7.org/fhir/tools/StructureDefinition/implementationguide-resource-format","valueCode":"application/fhir+json"},{"url":"http://hl7.org/fhir/StructureDefinition/implementationguide-page","valueUri":"Binary-Vaccine-Stock-Report-202503.html"}],"reference":{"reference":"Binary/Vaccine-Stock-Report-202503"},"name":"Vaccine-Stock-Report-202503","exampleCanonical":"https://nphcda.gov.ng/immunizationIG/StructureDefinition/IMMZGGenerateReport","groupingId":"-ex-example"},{"extension":[{"url":"http://hl7.org/fhir/tools/StructureDefinition/resource-sort","valueInteger":999999999},{"url":"http://hl7.org/fhir/tools/StructureDefinition/implementationguide-resource-format","valueCode":"application/fhir+json"},{"url":"http://hl7.org/fhir/StructureDefinition/implementationguide-page","valueUri":"Binary-manage-aefi-example.html"}],"reference":{"reference":"Binary/manage-aefi-example"},"name":"manage-aefi-example","exampleCanonical":"https://nphcda.gov.ng/immunizationIG/StructureDefinition/manage-aefi","groupingId":"-ex-example"},{"extension":[{"url":"http://hl7.org/fhir/tools/StructureDefinition/resource-sort","valueInteger":999999999},{"url":"http://hl7.org/fhir/tools/StructureDefinition/implementationguide-resource-format","valueCode":"application/fhir+json"},{"url":"http://hl7.org/fhir/StructureDefinition/implementationguide-page","valueUri":"Binary-update-client-history-example.html"}],"reference":{"reference":"Binary/update-client-history-example"},"name":"update-client-history-example","exampleCanonical":"https://nphcda.gov.ng/immunizationIG/StructureDefinition/UpdateClientHistory","groupingId":"-ex-example"}],"page":{"extension":[{"url":"http://hl7.org/fhir/tools/StructureDefinition/ig-page-name","valueUrl":"toc.html"}],"nameUrl":"toc.html","title":"Table of Contents","generation":"html","page":[{"extension":[{"url":"http://hl7.org/fhir/tools/StructureDefinition/ig-page-name","valueUrl":"index.html"}],"nameUrl":"index.html","title":"Home","generation":"markdown"},{"extension":[{"url":"http://hl7.org/fhir/tools/StructureDefinition/ig-page-name","valueUrl":"business-requirements.html"}],"nameUrl":"business-requirements.html","title":"Business Requirements (DAKs)-(L2)","generation":"markdown"},{"extension":[{"url":"http://hl7.org/fhir/tools/StructureDefinition/ig-page-name","valueUrl":"generic-personas.html"}],"nameUrl":"generic-personas.html","title":"Generic Personas","generation":"markdown"},{"extension":[{"url":"http://hl7.org/fhir/tools/StructureDefinition/ig-page-name","valueUrl":"user-scenarios.html"}],"nameUrl":"user-scenarios.html","title":"User Scenarios","generation":"markdown"},{"extension":[{"url":"http://hl7.org/fhir/tools/StructureDefinition/ig-page-name","valueUrl":"business-processes.html"}],"nameUrl":"business-processes.html","title":"Business Processes","generation":"markdown"},{"extension":[{"url":"http://hl7.org/fhir/tools/StructureDefinition/ig-page-name","valueUrl":"decision-support-logic.html"}],"nameUrl":"decision-support-logic.html","title":"Decision Support Logic [TO BE TESTED and REFINED]","generation":"markdown"},{"extension":[{"url":"http://hl7.org/fhir/tools/StructureDefinition/ig-page-name","valueUrl":"functional-requirements.html"}],"nameUrl":"functional-requirements.html","title":"Functional Requirements","generation":"markdown"},{"extension":[{"url":"http://hl7.org/fhir/tools/StructureDefinition/ig-page-name","valueUrl":"non-functional-requirements.html"}],"nameUrl":"non-functional-requirements.html","title":"Non-Functional Requirements","generation":"markdown"},{"extension":[{"url":"http://hl7.org/fhir/tools/StructureDefinition/ig-page-name","valueUrl":"search-operation.html"}],"nameUrl":"search-operation.html","title":"Search and Operation","generation":"markdown"},{"extension":[{"url":"http://hl7.org/fhir/tools/StructureDefinition/ig-page-name","valueUrl":"artifacts.html"}],"nameUrl":"artifacts.html","title":"Artifacts Summary","generation":"html","page":[{"extension":[{"url":"http://hl7.org/fhir/tools/StructureDefinition/ig-page-name","valueUrl":"CapabilityStatement-NgImmCapabilityStatementClient.html"}],"nameUrl":"CapabilityStatement-NgImmCapabilityStatementClient.html","title":"Nigeria Immunization Client CapabilityStatement","generation":"generated"},{"extension":[{"url":"http://hl7.org/fhir/tools/StructureDefinition/ig-page-name","valueUrl":"CapabilityStatement-NgImmCapabilityStatementServer.html"}],"nameUrl":"CapabilityStatement-NgImmCapabilityStatementServer.html","title":"Nigeria Immunization Server CapabilityStatement","generation":"generated"},{"extension":[{"url":"http://hl7.org/fhir/tools/StructureDefinition/ig-page-name","valueUrl":"SearchParameter-SearchParameter-ngimm-birthdate.html"}],"nameUrl":"SearchParameter-SearchParameter-ngimm-birthdate.html","title":"Search by Patient birth date","generation":"generated"},{"extension":[{"url":"http://hl7.org/fhir/tools/StructureDefinition/ig-page-name","valueUrl":"SearchParameter-SearchParameter-ngimm-firstname.html"}],"nameUrl":"SearchParameter-SearchParameter-ngimm-firstname.html","title":"Search by Patient firstname","generation":"generated"},{"extension":[{"url":"http://hl7.org/fhir/tools/StructureDefinition/ig-page-name","valueUrl":"SearchParameter-SearchParameter-ngimm-gender.html"}],"nameUrl":"SearchParameter-SearchParameter-ngimm-gender.html","title":"Search by Patient gender","generation":"generated"},{"extension":[{"url":"http://hl7.org/fhir/tools/StructureDefinition/ig-page-name","valueUrl":"SearchParameter-SearchParameter-ngimm-identifier.html"}],"nameUrl":"SearchParameter-SearchParameter-ngimm-identifier.html","title":"Search by Patient Identifier","generation":"generated"},{"extension":[{"url":"http://hl7.org/fhir/tools/StructureDefinition/ig-page-name","valueUrl":"SearchParameter-SearchParameter-ngimm-lastname.html"}],"nameUrl":"SearchParameter-SearchParameter-ngimm-lastname.html","title":"Search by Patient lastname","generation":"generated"},{"extension":[{"url":"http://hl7.org/fhir/tools/StructureDefinition/ig-page-name","valueUrl":"SearchParameter-SearchParameter-ngimm-lga.html"}],"nameUrl":"SearchParameter-SearchParameter-ngimm-lga.html","title":"Search by Patient lga of residence","generation":"generated"},{"extension":[{"url":"http://hl7.org/fhir/tools/StructureDefinition/ig-page-name","valueUrl":"SearchParameter-SearchParameter-ngimm-createddate.html"}],"nameUrl":"SearchParameter-SearchParameter-ngimm-createddate.html","title":"Search by Patient's date of creation","generation":"generated"},{"extension":[{"url":"http://hl7.org/fhir/tools/StructureDefinition/ig-page-name","valueUrl":"SearchParameter-SearchParameter-ngimm-state.html"}],"nameUrl":"SearchParameter-SearchParameter-ngimm-state.html","title":"Search by Patient's state of residence","generation":"generated"},{"extension":[{"url":"http://hl7.org/fhir/tools/StructureDefinition/ig-page-name","valueUrl":"SearchParameter-SearchParameter-ngimm-immdate.html"}],"nameUrl":"SearchParameter-SearchParameter-ngimm-immdate.html","title":"Search Immunization records by date of vaccination","generation":"generated"},{"extension":[{"url":"http://hl7.org/fhir/tools/StructureDefinition/ig-page-name","valueUrl":"SearchParameter-SearchParameter-ngimm-immpatient.html"}],"nameUrl":"SearchParameter-SearchParameter-ngimm-immpatient.html","title":"Search Immunization records by patient","generation":"generated"},{"extension":[{"url":"http://hl7.org/fhir/tools/StructureDefinition/ig-page-name","valueUrl":"SearchParameter-SearchParameter-ngimm-immstatus.html"}],"nameUrl":"SearchParameter-SearchParameter-ngimm-immstatus.html","title":"Search Immunization records by status of immunization","generation":"generated"},{"extension":[{"url":"http://hl7.org/fhir/tools/StructureDefinition/ig-page-name","valueUrl":"SearchParameter-SearchParameter-ngimm-immvaccinecode.html"}],"nameUrl":"SearchParameter-SearchParameter-ngimm-immvaccinecode.html","title":"Search Immunization records by vaccine code","generation":"generated"},{"extension":[{"url":"http://hl7.org/fhir/tools/StructureDefinition/ig-page-name","valueUrl":"StructureDefinition-register-facility-model.html"}],"nameUrl":"StructureDefinition-register-facility-model.html","title":"A - Register Facility [information only]","generation":"generated"},{"extension":[{"url":"http://hl7.org/fhir/tools/StructureDefinition/ig-page-name","valueUrl":"StructureDefinition-register-client-model.html"}],"nameUrl":"StructureDefinition-register-client-model.html","title":"C5 - Register Client [information only]","generation":"generated"},{"extension":[{"url":"http://hl7.org/fhir/tools/StructureDefinition/ig-page-name","valueUrl":"StructureDefinition-UpdateClientHistory.html"}],"nameUrl":"StructureDefinition-UpdateClientHistory.html","title":"C6 - Update Client History [information only]","generation":"generated"},{"extension":[{"url":"http://hl7.org/fhir/tools/StructureDefinition/ig-page-name","valueUrl":"StructureDefinition-AdministerVaccine.html"}],"nameUrl":"StructureDefinition-AdministerVaccine.html","title":"D - Administer Vaccine [information only]","generation":"generated"},{"extension":[{"url":"http://hl7.org/fhir/tools/StructureDefinition/ig-page-name","valueUrl":"StructureDefinition-manage-aefi.html"}],"nameUrl":"StructureDefinition-manage-aefi.html","title":"E - Manage & Report AEFI [information only]","generation":"generated"},{"extension":[{"url":"http://hl7.org/fhir/tools/StructureDefinition/ig-page-name","valueUrl":"StructureDefinition-DefaulterTracking.html"}],"nameUrl":"StructureDefinition-DefaulterTracking.html","title":"G - Defaulter Tracking [information only]","generation":"generated"},{"extension":[{"url":"http://hl7.org/fhir/tools/StructureDefinition/ig-page-name","valueUrl":"StructureDefinition-IMMZGGenerateReport.html"}],"nameUrl":"StructureDefinition-IMMZGGenerateReport.html","title":"H - Generate Report [information only]","generation":"generated"},{"extension":[{"url":"http://hl7.org/fhir/tools/StructureDefinition/ig-page-name","valueUrl":"StructureDefinition-allergy-intolerance-profile.html"}],"nameUrl":"StructureDefinition-allergy-intolerance-profile.html","title":"NgImmAllergyIntolerance","generation":"generated"},{"extension":[{"url":"http://hl7.org/fhir/tools/StructureDefinition/ig-page-name","valueUrl":"StructureDefinition-NgImmImmunization.html"}],"nameUrl":"StructureDefinition-NgImmImmunization.html","title":"NgImmImmunization","generation":"generated"},{"extension":[{"url":"http://hl7.org/fhir/tools/StructureDefinition/ig-page-name","valueUrl":"StructureDefinition-measure-report-profile.html"}],"nameUrl":"StructureDefinition-measure-report-profile.html","title":"NgImmMeasureReport","generation":"generated"},{"extension":[{"url":"http://hl7.org/fhir/tools/StructureDefinition/ig-page-name","valueUrl":"StructureDefinition-ng-imm-organization.html"}],"nameUrl":"StructureDefinition-ng-imm-organization.html","title":"NgImmOrganization","generation":"generated"},{"extension":[{"url":"http://hl7.org/fhir/tools/StructureDefinition/ig-page-name","valueUrl":"StructureDefinition-NgImmPatient.html"}],"nameUrl":"StructureDefinition-NgImmPatient.html","title":"NgImmPatient","generation":"generated"},{"extension":[{"url":"http://hl7.org/fhir/tools/StructureDefinition/ig-page-name","valueUrl":"StructureDefinition-NgImmPractitioner.html"}],"nameUrl":"StructureDefinition-NgImmPractitioner.html","title":"NgImmPractitioner","generation":"generated"},{"extension":[{"url":"http://hl7.org/fhir/tools/StructureDefinition/ig-page-name","valueUrl":"StructureDefinition-mother-other-children.html"}],"nameUrl":"StructureDefinition-mother-other-children.html","title":"NgImmSiblingRelatedPerson","generation":"generated"},{"extension":[{"url":"http://hl7.org/fhir/tools/StructureDefinition/ig-page-name","valueUrl":"StructureDefinition-ngimm-measure.html"}],"nameUrl":"StructureDefinition-ngimm-measure.html","title":"Nigeria Immunization Measure Definition","generation":"generated"},{"extension":[{"url":"http://hl7.org/fhir/tools/StructureDefinition/ig-page-name","valueUrl":"StructureDefinition-age-in-months.html"}],"nameUrl":"StructureDefinition-age-in-months.html","title":"Client Age in Months","generation":"generated"},{"extension":[{"url":"http://hl7.org/fhir/tools/StructureDefinition/ig-page-name","valueUrl":"StructureDefinition-age-in-weeks.html"}],"nameUrl":"StructureDefinition-age-in-weeks.html","title":"Client Age in Weeks","generation":"generated"},{"extension":[{"url":"http://hl7.org/fhir/tools/StructureDefinition/ig-page-name","valueUrl":"StructureDefinition-age-in-years.html"}],"nameUrl":"StructureDefinition-age-in-years.html","title":"Client Age in Years","generation":"generated"},{"extension":[{"url":"http://hl7.org/fhir/tools/StructureDefinition/ig-page-name","valueUrl":"StructureDefinition-hiv-status.html"}],"nameUrl":"StructureDefinition-hiv-status.html","title":"Client's HIV status","generation":"generated"},{"extension":[{"url":"http://hl7.org/fhir/tools/StructureDefinition/ig-page-name","valueUrl":"StructureDefinition-pregnancy-status.html"}],"nameUrl":"StructureDefinition-pregnancy-status.html","title":"Client's Pregnancy status","generation":"generated"},{"extension":[{"url":"http://hl7.org/fhir/tools/StructureDefinition/ig-page-name","valueUrl":"StructureDefinition-contraindications.html"}],"nameUrl":"StructureDefinition-contraindications.html","title":"Contraindications","generation":"generated"},{"extension":[{"url":"http://hl7.org/fhir/tools/StructureDefinition/ig-page-name","valueUrl":"StructureDefinition-date-client-created.html"}],"nameUrl":"StructureDefinition-date-client-created.html","title":"Date client record was created","generation":"generated"},{"extension":[{"url":"http://hl7.org/fhir/tools/StructureDefinition/ig-page-name","valueUrl":"StructureDefinition-signature.html"}],"nameUrl":"StructureDefinition-signature.html","title":"Digital Signature","generation":"generated"},{"extension":[{"url":"http://hl7.org/fhir/tools/StructureDefinition/ig-page-name","valueUrl":"StructureDefinition-contraindicated.html"}],"nameUrl":"StructureDefinition-contraindicated.html","title":"Immunization Contraindicated","generation":"generated"},{"extension":[{"url":"http://hl7.org/fhir/tools/StructureDefinition/ig-page-name","valueUrl":"StructureDefinition-next-dose-date.html"}],"nameUrl":"StructureDefinition-next-dose-date.html","title":"Next Dose Date","generation":"generated"},{"extension":[{"url":"http://hl7.org/fhir/tools/StructureDefinition/ig-page-name","valueUrl":"StructureDefinition-nigeria-administrative-ward.html"}],"nameUrl":"StructureDefinition-nigeria-administrative-ward.html","title":"Nigeria Administrative Wards ","generation":"generated"},{"extension":[{"url":"http://hl7.org/fhir/tools/StructureDefinition/ig-page-name","valueUrl":"StructureDefinition-primary-vaccine-status.html"}],"nameUrl":"StructureDefinition-primary-vaccine-status.html","title":"Primary Vaccine Status","generation":"generated"},{"extension":[{"url":"http://hl7.org/fhir/tools/StructureDefinition/ig-page-name","valueUrl":"StructureDefinition-allergy-reference-dose-number.html"}],"nameUrl":"StructureDefinition-allergy-reference-dose-number.html","title":"Reference Dose Number","generation":"generated"},{"extension":[{"url":"http://hl7.org/fhir/tools/StructureDefinition/ig-page-name","valueUrl":"StructureDefinition-allergy-reference-dose-series.html"}],"nameUrl":"StructureDefinition-allergy-reference-dose-series.html","title":"Reference Dose Series","generation":"generated"},{"extension":[{"url":"http://hl7.org/fhir/tools/StructureDefinition/ig-page-name","valueUrl":"StructureDefinition-session-type.html"}],"nameUrl":"StructureDefinition-session-type.html","title":"Session Type","generation":"generated"},{"extension":[{"url":"http://hl7.org/fhir/tools/StructureDefinition/ig-page-name","valueUrl":"StructureDefinition-sibling-health-status.html"}],"nameUrl":"StructureDefinition-sibling-health-status.html","title":"Sibling's health status","generation":"generated"},{"extension":[{"url":"http://hl7.org/fhir/tools/StructureDefinition/ig-page-name","valueUrl":"StructureDefinition-birth-weight.html"}],"nameUrl":"StructureDefinition-birth-weight.html","title":"Weight at birth","generation":"generated"},{"extension":[{"url":"http://hl7.org/fhir/tools/StructureDefinition/ig-page-name","valueUrl":"ValueSet-nigeria-lgas.html"}],"nameUrl":"ValueSet-nigeria-lgas.html","title":"Administrative LGAs","generation":"generated"},{"extension":[{"url":"http://hl7.org/fhir/tools/StructureDefinition/ig-page-name","valueUrl":"ValueSet-nigeria-verifiction-status.html"}],"nameUrl":"ValueSet-nigeria-verifiction-status.html","title":"AEFI Verification Status","generation":"generated"},{"extension":[{"url":"http://hl7.org/fhir/tools/StructureDefinition/ig-page-name","valueUrl":"ValueSet-nigeria-allergy-severity.html"}],"nameUrl":"ValueSet-nigeria-allergy-severity.html","title":"Allergy Severity","generation":"generated"},{"extension":[{"url":"http://hl7.org/fhir/tools/StructureDefinition/ig-page-name","valueUrl":"ValueSet-nigeria-hiv-status.html"}],"nameUrl":"ValueSet-nigeria-hiv-status.html","title":"Client HIV Status","generation":"generated"},{"extension":[{"url":"http://hl7.org/fhir/tools/StructureDefinition/ig-page-name","valueUrl":"ValueSet-nigeria-pregnancy-status.html"}],"nameUrl":"ValueSet-nigeria-pregnancy-status.html","title":"Client Preganancy Status","generation":"generated"},{"extension":[{"url":"http://hl7.org/fhir/tools/StructureDefinition/ig-page-name","valueUrl":"ValueSet-nigeria-gender.html"}],"nameUrl":"ValueSet-nigeria-gender.html","title":"Gender or Sex","generation":"generated"},{"extension":[{"url":"http://hl7.org/fhir/tools/StructureDefinition/ig-page-name","valueUrl":"ValueSet-nigeria-facility-types.html"}],"nameUrl":"ValueSet-nigeria-facility-types.html","title":"Health Facility Type","generation":"generated"},{"extension":[{"url":"http://hl7.org/fhir/tools/StructureDefinition/ig-page-name","valueUrl":"ValueSet-nigeria-primary-vaccine-status.html"}],"nameUrl":"ValueSet-nigeria-primary-vaccine-status.html","title":"Primary vaccine Status","generation":"generated"},{"extension":[{"url":"http://hl7.org/fhir/tools/StructureDefinition/ig-page-name","valueUrl":"ValueSet-nigeria-clinical-status.html"}],"nameUrl":"ValueSet-nigeria-clinical-status.html","title":"Reaction outcome","generation":"generated"},{"extension":[{"url":"http://hl7.org/fhir/tools/StructureDefinition/ig-page-name","valueUrl":"ValueSet-nigeria-Immunization-status-reason.html"}],"nameUrl":"ValueSet-nigeria-Immunization-status-reason.html","title":"Reason for missed Vaccination","generation":"generated"},{"extension":[{"url":"http://hl7.org/fhir/tools/StructureDefinition/ig-page-name","valueUrl":"ValueSet-nigeria-relationship.html"}],"nameUrl":"ValueSet-nigeria-relationship.html","title":"Relationships","generation":"generated"},{"extension":[{"url":"http://hl7.org/fhir/tools/StructureDefinition/ig-page-name","valueUrl":"ValueSet-nigeria-session-type.html"}],"nameUrl":"ValueSet-nigeria-session-type.html","title":"Session type","generation":"generated"},{"extension":[{"url":"http://hl7.org/fhir/tools/StructureDefinition/ig-page-name","valueUrl":"ValueSet-nigeria-sibling-health-status.html"}],"nameUrl":"ValueSet-nigeria-sibling-health-status.html","title":"Sibling Health Status","generation":"generated"},{"extension":[{"url":"http://hl7.org/fhir/tools/StructureDefinition/ig-page-name","valueUrl":"ValueSet-nigeria-states.html"}],"nameUrl":"ValueSet-nigeria-states.html","title":"States","generation":"generated"},{"extension":[{"url":"http://hl7.org/fhir/tools/StructureDefinition/ig-page-name","valueUrl":"ValueSet-nigeria-vaccine-contraindication.html"}],"nameUrl":"ValueSet-nigeria-vaccine-contraindication.html","title":"Vaccine Contraindication","generation":"generated"},{"extension":[{"url":"http://hl7.org/fhir/tools/StructureDefinition/ig-page-name","valueUrl":"ValueSet-nigeria-vaccine-route.html"}],"nameUrl":"ValueSet-nigeria-vaccine-route.html","title":"Vaccine Route","generation":"generated"},{"extension":[{"url":"http://hl7.org/fhir/tools/StructureDefinition/ig-page-name","valueUrl":"ValueSet-nigeria-vaccine-site.html"}],"nameUrl":"ValueSet-nigeria-vaccine-site.html","title":"Vaccine Site","generation":"generated"},{"extension":[{"url":"http://hl7.org/fhir/tools/StructureDefinition/ig-page-name","valueUrl":"ValueSet-nigeria-vaccine-library.html"}],"nameUrl":"ValueSet-nigeria-vaccine-library.html","title":"Vaccines","generation":"generated"},{"extension":[{"url":"http://hl7.org/fhir/tools/StructureDefinition/ig-page-name","valueUrl":"ValueSet-nigeria-wards.html"}],"nameUrl":"ValueSet-nigeria-wards.html","title":"Wards","generation":"generated"},{"extension":[{"url":"http://hl7.org/fhir/tools/StructureDefinition/ig-page-name","valueUrl":"CodeSystem-nigeria-immunization-contraindication.html"}],"nameUrl":"CodeSystem-nigeria-immunization-contraindication.html","title":" NG Vaccine contraindications","generation":"generated"},{"extension":[{"url":"http://hl7.org/fhir/tools/StructureDefinition/ig-page-name","valueUrl":"CodeSystem-nigeria-wards.html"}],"nameUrl":"CodeSystem-nigeria-wards.html","title":"NG Administrative Wards","generation":"generated"},{"extension":[{"url":"http://hl7.org/fhir/tools/StructureDefinition/ig-page-name","valueUrl":"CodeSystem-nigeria-clinical-status.html"}],"nameUrl":"CodeSystem-nigeria-clinical-status.html","title":"NG Adverse Event Clinical Status","generation":"generated"},{"extension":[{"url":"http://hl7.org/fhir/tools/StructureDefinition/ig-page-name","valueUrl":"CodeSystem-nigeria-hiv-status.html"}],"nameUrl":"CodeSystem-nigeria-hiv-status.html","title":"NG Client HIV status","generation":"generated"},{"extension":[{"url":"http://hl7.org/fhir/tools/StructureDefinition/ig-page-name","valueUrl":"CodeSystem-nigeria-pregnancy-status.html"}],"nameUrl":"CodeSystem-nigeria-pregnancy-status.html","title":"NG Client Pregnancy status","generation":"generated"},{"extension":[{"url":"http://hl7.org/fhir/tools/StructureDefinition/ig-page-name","valueUrl":"CodeSystem-nigeria-facility-type.html"}],"nameUrl":"CodeSystem-nigeria-facility-type.html","title":"NG Facility Type","generation":"generated"},{"extension":[{"url":"http://hl7.org/fhir/tools/StructureDefinition/ig-page-name","valueUrl":"CodeSystem-nigeria-gender.html"}],"nameUrl":"CodeSystem-nigeria-gender.html","title":"NG Gender or Sex","generation":"generated"},{"extension":[{"url":"http://hl7.org/fhir/tools/StructureDefinition/ig-page-name","valueUrl":"CodeSystem-nigeria-immunization-session-type.html"}],"nameUrl":"CodeSystem-nigeria-immunization-session-type.html","title":"NG Immunization Session types","generation":"generated"},{"extension":[{"url":"http://hl7.org/fhir/tools/StructureDefinition/ig-page-name","valueUrl":"CodeSystem-nigeria-lgas.html"}],"nameUrl":"CodeSystem-nigeria-lgas.html","title":"NG LGAs in Nigeria","generation":"generated"},{"extension":[{"url":"http://hl7.org/fhir/tools/StructureDefinition/ig-page-name","valueUrl":"CodeSystem-nigeria-allergy-severity.html"}],"nameUrl":"CodeSystem-nigeria-allergy-severity.html","title":"NG Reaction Severity","generation":"generated"},{"extension":[{"url":"http://hl7.org/fhir/tools/StructureDefinition/ig-page-name","valueUrl":"CodeSystem-nigeria-sibling-health-status.html"}],"nameUrl":"CodeSystem-nigeria-sibling-health-status.html","title":"NG Sibling Health Status","generation":"generated"},{"extension":[{"url":"http://hl7.org/fhir/tools/StructureDefinition/ig-page-name","valueUrl":"CodeSystem-nigeria-states.html"}],"nameUrl":"CodeSystem-nigeria-states.html","title":"NG States in Nigeria","generation":"generated"},{"extension":[{"url":"http://hl7.org/fhir/tools/StructureDefinition/ig-page-name","valueUrl":"CodeSystem-NGStockReportCS.html"}],"nameUrl":"CodeSystem-NGStockReportCS.html","title":"NG Stock Management Data Elements","generation":"generated"},{"extension":[{"url":"http://hl7.org/fhir/tools/StructureDefinition/ig-page-name","valueUrl":"CodeSystem-nigeria-vaccine-library.html"}],"nameUrl":"CodeSystem-nigeria-vaccine-library.html","title":"NG Vaccine Library with SNOMED CT codes","generation":"generated"},{"extension":[{"url":"http://hl7.org/fhir/tools/StructureDefinition/ig-page-name","valueUrl":"CodeSystem-nigeria-immunization-site.html"}],"nameUrl":"CodeSystem-nigeria-immunization-site.html","title":"NG Vaccine Site","generation":"generated"},{"extension":[{"url":"http://hl7.org/fhir/tools/StructureDefinition/ig-page-name","valueUrl":"Binary-AEFI-Case-Report-202503.html"}],"nameUrl":"Binary-AEFI-Case-Report-202503.html","title":"AEFI-Case-Report-202503","generation":"generated"},{"extension":[{"url":"http://hl7.org/fhir/tools/StructureDefinition/ig-page-name","valueUrl":"Immunization-ExampleNgImmImmunizationCompleted.html"}],"nameUrl":"Immunization-ExampleNgImmImmunizationCompleted.html","title":"Example Completed BCG Immunization for Newborn","generation":"generated"},{"extension":[{"url":"http://hl7.org/fhir/tools/StructureDefinition/ig-page-name","valueUrl":"Patient-FullExampleNgImmPatient.html"}],"nameUrl":"Patient-FullExampleNgImmPatient.html","title":"Example Full Nigeria Immunization Patient","generation":"generated"},{"extension":[{"url":"http://hl7.org/fhir/tools/StructureDefinition/ig-page-name","valueUrl":"Patient-ExampleNgImmPatient.html"}],"nameUrl":"Patient-ExampleNgImmPatient.html","title":"Example Nigeria Immunization Patient","generation":"generated"},{"extension":[{"url":"http://hl7.org/fhir/tools/StructureDefinition/ig-page-name","valueUrl":"Binary-example-register-client.html"}],"nameUrl":"Binary-example-register-client.html","title":"Example Register Client","generation":"generated"},{"extension":[{"url":"http://hl7.org/fhir/tools/StructureDefinition/ig-page-name","valueUrl":"RelatedPerson-Child1.html"}],"nameUrl":"RelatedPerson-Child1.html","title":"Example Sibling - Mother's Other Child","generation":"generated"},{"extension":[{"url":"http://hl7.org/fhir/tools/StructureDefinition/ig-page-name","valueUrl":"Patient-ExampleNgPatientAdminWard.html"}],"nameUrl":"Patient-ExampleNgPatientAdminWard.html","title":"ExampleNgPatientAdminWard","generation":"generated"},{"extension":[{"url":"http://hl7.org/fhir/tools/StructureDefinition/ig-page-name","valueUrl":"AllergyIntolerance-FullExampleNgAllergyIntolerance.html"}],"nameUrl":"AllergyIntolerance-FullExampleNgAllergyIntolerance.html","title":"FullExampleNgAllergyIntolerance","generation":"generated"},{"extension":[{"url":"http://hl7.org/fhir/tools/StructureDefinition/ig-page-name","valueUrl":"Binary-manage-aefi-example.html"}],"nameUrl":"Binary-manage-aefi-example.html","title":"manage-aefi-example","generation":"generated"},{"extension":[{"url":"http://hl7.org/fhir/tools/StructureDefinition/ig-page-name","valueUrl":"MeasureReport-ExampleNgImmMeasureReport.html"}],"nameUrl":"MeasureReport-ExampleNgImmMeasureReport.html","title":"Monthly Immunization Coverage Summary - BCG","generation":"generated"},{"extension":[{"url":"http://hl7.org/fhir/tools/StructureDefinition/ig-page-name","valueUrl":"Organization-organization-example.html"}],"nameUrl":"Organization-organization-example.html","title":"NG Example Organization","generation":"generated"},{"extension":[{"url":"http://hl7.org/fhir/tools/StructureDefinition/ig-page-name","valueUrl":"Practitioner-ng-practitioner-example.html"}],"nameUrl":"Practitioner-ng-practitioner-example.html","title":"NgImmPractitionerExample","generation":"generated"},{"extension":[{"url":"http://hl7.org/fhir/tools/StructureDefinition/ig-page-name","valueUrl":"Binary-RoutineImmunizationReport.html"}],"nameUrl":"Binary-RoutineImmunizationReport.html","title":"Routine Immunization Report - Facility A","generation":"generated"},{"extension":[{"url":"http://hl7.org/fhir/tools/StructureDefinition/ig-page-name","valueUrl":"Immunization-ExampleNgImmImmunizationNotDone.html"}],"nameUrl":"Immunization-ExampleNgImmImmunizationNotDone.html","title":"Scheduled Pentavalent Immunization Not Done Due to Fever","generation":"generated"},{"extension":[{"url":"http://hl7.org/fhir/tools/StructureDefinition/ig-page-name","valueUrl":"Binary-update-client-history-example.html"}],"nameUrl":"Binary-update-client-history-example.html","title":"update-client-history-example","generation":"generated"},{"extension":[{"url":"http://hl7.org/fhir/tools/StructureDefinition/ig-page-name","valueUrl":"Binary-Vaccine-Stock-Report-202503.html"}],"nameUrl":"Binary-Vaccine-Stock-Report-202503.html","title":"Vaccine-Stock-Report-202503","generation":"generated"}]}]},"parameter":[{"code":"path-resource","value":"input/capabilities"},{"code":"path-resource","value":"input/examples"},{"code":"path-resource","value":"input/extensions"},{"code":"path-resource","value":"input/models"},{"code":"path-resource","value":"input/operations"},{"code":"path-resource","value":"input/profiles"},{"code":"path-resource","value":"input/resources"},{"code":"path-resource","value":"input/vocabulary"},{"code":"path-resource","value":"input/maps"},{"code":"path-resource","value":"input/testing"},{"code":"path-resource","value":"input/history"},{"code":"path-resource","value":"fsh-generated/resources"},{"code":"path-pages","value":"template/config"},{"code":"path-pages","value":"input/images"},{"code":"path-tx-cache","value":"input-cache/txcache"}]}}