{"resourceType":"SearchParameter","id":"SearchParameter-ngimm-immpatient","text":{"status":"generated","div":"<div xmlns=\"http://www.w3.org/1999/xhtml\"><p class=\"res-header-id\"><b>Generated Narrative: SearchParameter SearchParameter-ngimm-immpatient</b></p><a name=\"SearchParameter-ngimm-immpatient\"> </a><a name=\"hcSearchParameter-ngimm-immpatient\"> </a><h2>immpatient</h2><p>Parameter <code>immpatient</code>:<code>token</code></p><div><p>Search Immunization records by patient</p>\n</div><table class=\"grid\"><tr><td>Resource</td><td><a href=\"http://hl7.org/fhir/R4/immunization.html\">Immunization</a></td></tr><tr><td>Expression</td><td><code>Immunization.patient</code></td></tr><tr><td>Multiples</td><td><ul><li>multipleAnd: It's up to the server whether the parameter may repeat in order to specify multiple values that must all be true</li><li>multipleOr: It's up to the server whether the parameter can have multiple values (separated by comma) where at least one must be true</li></ul></td></tr></table></div>"},"url":"https://nphcda.gov.ng/immunizationIG/SearchParameter/SearchParameter-ngimm-immpatient","version":"0.4.0","name":"immpatient","status":"active","date":"2025-06-23T11:00:10+01:00","publisher":"https://nphcda.gov.ng","contact":[{"name":"https://nphcda.gov.ng","telecom":[{"system":"url","value":"https://nphcda.gov.ng"}]},{"name":"Nigeria Primary Healthcare Development Agency.","telecom":[{"system":"email","value":"ig@nphcda.gov.ng","use":"work"}]}],"description":"Search Immunization records by patient","jurisdiction":[{"coding":[{"system":"urn:iso:std:iso:3166","code":"NG","display":"Nigeria"}]}],"code":"immpatient","base":["Immunization"],"type":"token","expression":"Immunization.patient"}