{"resourceType":"ValueSet","id":"nigeria-hiv-status","text":{"status":"generated","div":"<div xmlns=\"http://www.w3.org/1999/xhtml\"><p class=\"res-header-id\"><b>Generated Narrative: ValueSet nigeria-hiv-status</b></p><a name=\"nigeria-hiv-status\"> </a><a name=\"hcnigeria-hiv-status\"> </a><ul><li>Include all codes defined in <a href=\"CodeSystem-nigeria-hiv-status.html\"><code>http://nphcda.gov.ng/ig/fhir/CodeSystem/ng-hiv-statusCS</code></a></li></ul></div>"},"url":"http://nphcda.gov.ng/ig/fhir/ValueSet/ng-client-hiv-status","version":"0.4.0","name":"NGHivStatusVS","title":"Client HIV Status","status":"active","date":"2025-06-23T12:00:39+01:00","publisher":"https://nphcda.gov.ng","contact":[{"name":"https://nphcda.gov.ng","telecom":[{"system":"url","value":"https://nphcda.gov.ng"}]},{"name":"Nigeria Primary Healthcare Development Agency.","telecom":[{"system":"email","value":"ig@nphcda.gov.ng","use":"work"}]}],"description":"Client HIV Status","jurisdiction":[{"coding":[{"system":"urn:iso:std:iso:3166","code":"NG","display":"Nigeria"}]}],"compose":{"include":[{"system":"http://nphcda.gov.ng/ig/fhir/CodeSystem/ng-hiv-statusCS"}]}}