{"resourceType":"ValueSet","id":"nigeria-pregnancy-status","text":{"status":"generated","div":"<div xmlns=\"http://www.w3.org/1999/xhtml\"><p class=\"res-header-id\"><b>Generated Narrative: ValueSet nigeria-pregnancy-status</b></p><a name=\"nigeria-pregnancy-status\"> </a><a name=\"hcnigeria-pregnancy-status\"> </a><ul><li>Include all codes defined in <a href=\"CodeSystem-nigeria-pregnancy-status.html\"><code>http://nphcda.gov.ng/ig/fhir/CodeSystem/ng-pregnancy-statusCS</code></a></li></ul></div>"},"url":"http://nphcda.gov.ng/ig/fhir/ValueSet/ng-client-pregnancy-status","version":"0.4.0","name":"NGPregnancyStatusVS","title":"Client Preganancy Status","status":"active","date":"2025-06-23T13:45:54+01:00","publisher":"https://nphcda.gov.ng","contact":[{"name":"https://nphcda.gov.ng","telecom":[{"system":"url","value":"https://nphcda.gov.ng"}]},{"name":"Nigeria Primary Healthcare Development Agency.","telecom":[{"system":"email","value":"ig@nphcda.gov.ng","use":"work"}]}],"description":"Client Pregnancy Status","jurisdiction":[{"coding":[{"system":"urn:iso:std:iso:3166","code":"NG","display":"Nigeria"}]}],"compose":{"include":[{"system":"http://nphcda.gov.ng/ig/fhir/CodeSystem/ng-pregnancy-statusCS"}]}}