{"resourceType":"ValueSet","id":"nigeria-gender","text":{"status":"generated","div":"<div xmlns=\"http://www.w3.org/1999/xhtml\"><p class=\"res-header-id\"><b>Generated Narrative: ValueSet nigeria-gender</b></p><a name=\"nigeria-gender\"> </a><a name=\"hcnigeria-gender\"> </a><ul><li>Include all codes defined in <a href=\"CodeSystem-nigeria-gender.html\"><code>http://nphcda.gov.ng/ig/fhir/CodeSystem/ng-gender</code></a></li></ul></div>"},"url":"http://nphcda.gov.ng/ig/fhir/ValueSet/ng-gender","version":"0.4.0","name":"NGGenderVS","title":"Gender or Sex","status":"active","date":"2025-06-23T13:45:54+01:00","publisher":"https://nphcda.gov.ng","contact":[{"name":"https://nphcda.gov.ng","telecom":[{"system":"url","value":"https://nphcda.gov.ng"}]},{"name":"Nigeria Primary Healthcare Development Agency.","telecom":[{"system":"email","value":"ig@nphcda.gov.ng","use":"work"}]}],"description":"The administrative gender of a person.","jurisdiction":[{"coding":[{"system":"urn:iso:std:iso:3166","code":"NG","display":"Nigeria"}]}],"compose":{"include":[{"system":"http://nphcda.gov.ng/ig/fhir/CodeSystem/ng-gender"}]}}