{"resourceType":"ValueSet","id":"nigeria-gender","text":{"status":"generated","div":"<div xmlns=\"http://www.w3.org/1999/xhtml\"><p class=\"res-header-id\"><b>Generated Narrative: ValueSet nigeria-gender</b></p><a name=\"nigeria-gender\"> </a><a name=\"hcnigeria-gender\"> </a><ul><li>Include all codes defined in <code>http://hl7.org/fhir/R4/valueset-administrative-gender</code></li></ul></div>"},"url":"http://hl7.org/fhir/R4/valueset-administrative-gender","version":"0.4.0","name":"NGGenderVS","title":"NG-Imm Gender or Sex VS","status":"draft","date":"2025-06-25T15:41:07+01:00","publisher":"https://nphcda.gov.ng","contact":[{"name":"https://nphcda.gov.ng","telecom":[{"system":"url","value":"https://nphcda.gov.ng"}]},{"name":"Nigeria Primary Healthcare Development Agency.","telecom":[{"system":"email","value":"ig@nphcda.gov.ng","use":"work"}]}],"description":"Subset of HL7 administrative-gender limited to 'male' and 'female'.","jurisdiction":[{"coding":[{"system":"urn:iso:std:iso:3166","code":"NG","display":"Nigeria"}]}],"compose":{"include":[{"system":"http://hl7.org/fhir/R4/valueset-administrative-gender"}]}}