{"resourceType":"ValueSet","id":"nigeria-primary-vaccine-status","text":{"status":"generated","div":"<div xmlns=\"http://www.w3.org/1999/xhtml\"><p class=\"res-header-id\"><b>Generated Narrative: ValueSet nigeria-primary-vaccine-status</b></p><a name=\"nigeria-primary-vaccine-status\"> </a><a name=\"hcnigeria-primary-vaccine-status\"> </a><ul><li>Include all codes defined in <code>http://hl7.org/fhir/ValueSet/immunization-status</code></li></ul></div>"},"url":"http://nphcda.gov.ng/ig/fhir/ValueSet/ng-primary-vaccine-status","version":"0.4.0","name":"NGPrimaryVaccineStatusVS","title":"Primary vaccine Status","status":"active","date":"2025-06-24T07:35:37+01:00","publisher":"https://nphcda.gov.ng","contact":[{"name":"https://nphcda.gov.ng","telecom":[{"system":"url","value":"https://nphcda.gov.ng"}]},{"name":"Nigeria Primary Healthcare Development Agency.","telecom":[{"system":"email","value":"ig@nphcda.gov.ng","use":"work"}]}],"description":"Primary Vaccine Status","jurisdiction":[{"coding":[{"system":"urn:iso:std:iso:3166","code":"NG","display":"Nigeria"}]}],"compose":{"include":[{"system":"http://hl7.org/fhir/ValueSet/immunization-status"}]}}