{"resourceType":"ValueSet","id":"nigeria-vaccine-site","text":{"status":"generated","div":"<div xmlns=\"http://www.w3.org/1999/xhtml\"><p class=\"res-header-id\"><b>Generated Narrative: ValueSet nigeria-vaccine-site</b></p><a name=\"nigeria-vaccine-site\"> </a><a name=\"hcnigeria-vaccine-site\"> </a><ul><li>Include all codes defined in <a href=\"CodeSystem-nigeria-immunization-site.html\"><code>http://nphcda.gov.ng/ig/fhir/CodeSystem/ng-immunization-site</code></a></li></ul></div>"},"url":"http://nphcda.gov.ng/ig/fhir/ValueSet/ng-vaccine-site","version":"0.4.0","name":"NGImmunizationSiteVS","title":"Vaccine Site","status":"active","date":"2025-06-24T07:35:37+01:00","publisher":"https://nphcda.gov.ng","contact":[{"name":"https://nphcda.gov.ng","telecom":[{"system":"url","value":"https://nphcda.gov.ng"}]},{"name":"Nigeria Primary Healthcare Development Agency.","telecom":[{"system":"email","value":"ig@nphcda.gov.ng","use":"work"}]}],"description":"Vaccine Site","jurisdiction":[{"coding":[{"system":"urn:iso:std:iso:3166","code":"NG","display":"Nigeria"}]}],"compose":{"include":[{"system":"http://nphcda.gov.ng/ig/fhir/CodeSystem/ng-immunization-site"}]}}