{"resourceType":"ValueSet","id":"nigeria-Immunization-status-reason","text":{"status":"generated","div":"<div xmlns=\"http://www.w3.org/1999/xhtml\"><p class=\"res-header-id\"><b>Generated Narrative: ValueSet nigeria-Immunization-status-reason</b></p><a name=\"nigeria-Immunization-status-reason\"> </a><a name=\"hcnigeria-Immunization-status-reason\"> </a><ul><li>Include all codes defined in <code>http://hl7.org/fhir/ValueSet/immunization-status-reason</code></li></ul></div>"},"url":"http://nphcda.gov.ng/ig/fhir/ValueSet/ng-primary-vaccine-status","version":"0.4.0","name":"NGImmunizationNotDoneReasonsVS","title":"Reason for missed Vaccination","status":"active","date":"2025-06-23T11:00:10+01:00","publisher":"https://nphcda.gov.ng","contact":[{"name":"https://nphcda.gov.ng","telecom":[{"system":"url","value":"https://nphcda.gov.ng"}]},{"name":"Nigeria Primary Healthcare Development Agency.","telecom":[{"system":"email","value":"ig@nphcda.gov.ng","use":"work"}]}],"description":"Reason for a Client missing the last or other vaccinations","jurisdiction":[{"coding":[{"system":"urn:iso:std:iso:3166","code":"NG","display":"Nigeria"}]}],"compose":{"include":[{"system":"http://hl7.org/fhir/ValueSet/immunization-status-reason"}]}}