{"resourceType":"ValueSet","id":"nigeria-allergy-severity","text":{"status":"generated","div":"<div xmlns=\"http://www.w3.org/1999/xhtml\"><p class=\"res-header-id\"><b>Generated Narrative: ValueSet nigeria-allergy-severity</b></p><a name=\"nigeria-allergy-severity\"> </a><a name=\"hcnigeria-allergy-severity\"> </a><ul><li>Include all codes defined in <a href=\"CodeSystem-nigeria-allergy-severity.html\"><code>http://nphcda.gov.ng/ig/fhir/CodeSystem/ng-allergy-severity</code></a></li></ul></div>"},"url":"http://nphcda.gov.ng/ig/fhir/ValueSet/ng-allergy-severity","version":"0.4.0","name":"NGAllergySeverityVS","title":"Allergy Severity","status":"active","date":"2025-06-23T09:24:42+01:00","publisher":"https://nphcda.gov.ng","contact":[{"name":"https://nphcda.gov.ng","telecom":[{"system":"url","value":"https://nphcda.gov.ng"}]},{"name":"Nigeria Primary Healthcare Development Agency.","telecom":[{"system":"email","value":"ig@nphcda.gov.ng","use":"work"}]}],"description":"Vaccine reaction Severity","jurisdiction":[{"coding":[{"system":"urn:iso:std:iso:3166","code":"NG","display":"Nigeria"}]}],"compose":{"include":[{"system":"http://nphcda.gov.ng/ig/fhir/CodeSystem/ng-allergy-severity"}]}}