{"resourceType":"ValueSet","id":"nigeria-session-type","text":{"status":"generated","div":"<div xmlns=\"http://www.w3.org/1999/xhtml\"><p class=\"res-header-id\"><b>Generated Narrative: ValueSet nigeria-session-type</b></p><a name=\"nigeria-session-type\"> </a><a name=\"hcnigeria-session-type\"> </a><ul><li>Include all codes defined in <a href=\"CodeSystem-nigeria-immunization-session-type.html\"><code>http://nphcda.gov.ng/ig/fhir/CodeSystem/ng-session-type</code></a></li></ul></div>"},"url":"http://nphcda.gov.ng/ig/fhir/ValueSet/ng-session-type","version":"0.4.0","name":"NGSessionTypeVS","title":"Session type","status":"active","date":"2025-06-23T11:00:10+01:00","publisher":"https://nphcda.gov.ng","contact":[{"name":"https://nphcda.gov.ng","telecom":[{"system":"url","value":"https://nphcda.gov.ng"}]},{"name":"Nigeria Primary Healthcare Development Agency.","telecom":[{"system":"email","value":"ig@nphcda.gov.ng","use":"work"}]}],"description":"Session type","jurisdiction":[{"coding":[{"system":"urn:iso:std:iso:3166","code":"NG","display":"Nigeria"}]}],"compose":{"include":[{"system":"http://nphcda.gov.ng/ig/fhir/CodeSystem/ng-session-type"}]}}