<?xml version="1.0" encoding="UTF-8"?><CodeSystem xmlns="http://hl7.org/fhir"><id value="nigeria-hiv-status"/><text><status value="generated"/><div xmlns="http://www.w3.org/1999/xhtml"><p class="res-header-id"><b>Generated Narrative: CodeSystem nigeria-hiv-status</b></p><a name="nigeria-hiv-status"> </a><a name="hcnigeria-hiv-status"> </a><p>This case-sensitive code system <code>https://nphcda.gov.ng/immunizationIG/CodeSystem/nigeria-hiv-status</code> defines the following codes in a Is-A hierarchy:</p><table class="codes"><tr><td style="white-space:nowrap"><b>Code</b></td><td><b>Display</b></td><td><b>Definition</b></td></tr><tr><td style="white-space:nowrap">positive<a name="nigeria-hiv-status-positive"> </a></td><td>Positive</td><td>The Client is HIV positive</td></tr><tr><td style="white-space:nowrap">negative<a name="nigeria-hiv-status-negative"> </a></td><td>Negative</td><td>The Client is HIV Negative</td></tr><tr><td style="white-space:nowrap">unknown<a name="nigeria-hiv-status-unknown"> </a></td><td>Unknown</td><td>The Client does not know their HIV status</td></tr></table></div></text><url value="https://nphcda.gov.ng/immunizationIG/CodeSystem/nigeria-hiv-status"/><version value="0.4.0"/><name value="NGHivStatusCS"/><title value="NG-Imm Client HIV status CS"/><status value="active"/><date value="2025-07-03T13:36:09+01:00"/><publisher value="https://nphcda.gov.ng"/><contact><name value="https://nphcda.gov.ng"/><telecom><system value="url"/><value value="https://nphcda.gov.ng"/></telecom></contact><contact><name value="Nigeria Primary Healthcare Development Agency."/><telecom><system value="email"/><value value="ig@nphcda.gov.ng"/><use value="work"/></telecom></contact><description value="This CodeSystem defines list of options for HIV status of a Client"/><jurisdiction><coding><system value="urn:iso:std:iso:3166"/><code value="NG"/><display value="Nigeria"/></coding></jurisdiction><caseSensitive value="true"/><hierarchyMeaning value="is-a"/><content value="complete"/><count value="3"/><concept><code value="positive"/><display value="Positive"/><definition value="The Client is HIV positive"/><designation><use><system value="http://terminology.hl7.org/CodeSystem/designation-usage"/><code value="display"/></use><value value="Positive"/></designation></concept><concept><code value="negative"/><display value="Negative"/><definition value="The Client is HIV Negative"/><designation><use><system value="http://terminology.hl7.org/CodeSystem/designation-usage"/><code value="display"/></use><value value="Negative"/></designation></concept><concept><code value="unknown"/><display value="Unknown"/><definition value="The Client does not know their HIV status"/><designation><use><system value="http://terminology.hl7.org/CodeSystem/designation-usage"/><code value="display"/></use><value value="Unknown"/></designation></concept></CodeSystem>