<?xml version="1.0" encoding="UTF-8"?><CodeSystem xmlns="http://hl7.org/fhir"><id value="nigeria-immunization-session-type"/><text><status value="generated"/><div xmlns="http://www.w3.org/1999/xhtml"><p class="res-header-id"><b>Generated Narrative: CodeSystem nigeria-immunization-session-type</b></p><a name="nigeria-immunization-session-type"> </a><a name="hcnigeria-immunization-session-type"> </a><p>This  code system <code>https://nphcda.gov.ng/immunizationIG/CodeSystem/nigeria-immunization-session-type</code> defines the following codes in a Is-A hierarchy:</p><table class="codes"><tr><td style="white-space:nowrap"><b>Code</b></td><td><b>Display</b></td><td><b>Definition</b></td></tr><tr><td style="white-space:nowrap">fixed<a name="nigeria-immunization-session-type-fixed"> </a></td><td>Fixed session</td><td>An immunization session conducted at a static health facility or designated fixed site where routine immunization services are regularly available.</td></tr><tr><td style="white-space:nowrap">outreach<a name="nigeria-immunization-session-type-outreach"> </a></td><td>Outreach session</td><td>An immunization session conducted outside of fixed sites, typically within a 5-10 km radius of a health facility, aimed at increasing access for underserved populations.</td></tr><tr><td style="white-space:nowrap">mobile<a name="nigeria-immunization-session-type-mobile"> </a></td><td>Mobile session</td><td>An immunization session delivered by a mobile team traveling to hard-to-reach or remote areas beyond the normal outreach distance, often using vehicles or other transport.</td></tr></table></div></text><url value="https://nphcda.gov.ng/immunizationIG/CodeSystem/nigeria-immunization-session-type"/><version value="0.4.0"/><name value="NGImmunizationSessionTypeCS"/><title value="NG-Imm Immunization Session types CS"/><status value="active"/><date value="2025-07-03T13:36:09+01:00"/><publisher value="https://nphcda.gov.ng"/><contact><name value="https://nphcda.gov.ng"/><telecom><system value="url"/><value value="https://nphcda.gov.ng"/></telecom></contact><contact><name value="Nigeria Primary Healthcare Development Agency."/><telecom><system value="email"/><value value="ig@nphcda.gov.ng"/><use value="work"/></telecom></contact><description value="Type of session for immunization. Could be in a fixed facility, outreach or mobile."/><jurisdiction><coding><system value="urn:iso:std:iso:3166"/><code value="NG"/><display value="Nigeria"/></coding></jurisdiction><hierarchyMeaning value="is-a"/><content value="complete"/><count value="3"/><concept><code value="fixed"/><display value="Fixed session"/><definition value="An immunization session conducted at a static health facility or designated fixed site where routine immunization services are regularly available."/><designation><use><system value="http://terminology.hl7.org/CodeSystem/designation-usage"/><code value="display"/></use><value value="Fixed session"/></designation></concept><concept><code value="outreach"/><display value="Outreach session"/><definition value="An immunization session conducted outside of fixed sites, typically within a 5-10 km radius of a health facility, aimed at increasing access for underserved populations."/><designation><use><system value="http://terminology.hl7.org/CodeSystem/designation-usage"/><code value="display"/></use><value value="Outreach session"/></designation></concept><concept><code value="mobile"/><display value="Mobile session"/><definition value="An immunization session delivered by a mobile team traveling to hard-to-reach or remote areas beyond the normal outreach distance, often using vehicles or other transport."/><designation><use><system value="http://terminology.hl7.org/CodeSystem/designation-usage"/><code value="display"/></use><value value="Mobile session"/></designation></concept></CodeSystem>