<?xml version="1.0" encoding="UTF-8"?><CodeSystem xmlns="http://hl7.org/fhir"><id value="nigeria-facility-type"/><text><status value="generated"/><div xmlns="http://www.w3.org/1999/xhtml"><p class="res-header-id"><b>Generated Narrative: CodeSystem nigeria-facility-type</b></p><a name="nigeria-facility-type"> </a><a name="hcnigeria-facility-type"> </a><p>This  code system <code>https://nphcda.gov.ng/immunizationIG/CodeSystem/nigeria-facility-type</code> defines the following codes in a Is-A hierarchy:</p><table class="codes"><tr><td style="white-space:nowrap"><b>Code</b></td><td><b>Display</b></td><td><b>Definition</b></td></tr><tr><td style="white-space:nowrap">clinic<a name="nigeria-facility-type-clinic"> </a></td><td>Clinic</td><td>The Health facility is a primary health facility</td></tr><tr><td style="white-space:nowrap">hospital<a name="nigeria-facility-type-hospital"> </a></td><td>Hospital</td><td>The Health facility is a Secondary health facilities and General Hospitals</td></tr><tr><td style="white-space:nowrap">health-post<a name="nigeria-facility-type-health-post"> </a></td><td>Health Post</td><td>The Health facility is a primary health facility in category of dispensories</td></tr><tr><td style="white-space:nowrap">chc<a name="nigeria-facility-type-chc"> </a></td><td>Comprehensive Health Centers</td><td>The Health facility is a comprehensive primary health center owned by the government</td></tr><tr><td style="white-space:nowrap">tertiary<a name="nigeria-facility-type-tertiary"> </a></td><td>Tertiary facility</td><td>These are Higher level facilities and referal centers)</td></tr></table></div></text><url value="https://nphcda.gov.ng/immunizationIG/CodeSystem/nigeria-facility-type"/><version value="0.4.0"/><name value="NGFacilityTypeCS"/><title value="NG-Imm Facility Type CS"/><status value="active"/><date value="2025-07-03T11:54:34+01:00"/><publisher value="https://nphcda.gov.ng"/><contact><name value="https://nphcda.gov.ng"/><telecom><system value="url"/><value value="https://nphcda.gov.ng"/></telecom></contact><contact><name value="Nigeria Primary Healthcare Development Agency."/><telecom><system value="email"/><value value="ig@nphcda.gov.ng"/><use value="work"/></telecom></contact><description value="A standardized classification system used to describe the type or level of health facility within a healthcare delivery system, based on the scope of services provided, staffing, infrastructure, and administrative role."/><jurisdiction><coding><system value="urn:iso:std:iso:3166"/><code value="NG"/><display value="Nigeria"/></coding></jurisdiction><hierarchyMeaning value="is-a"/><content value="complete"/><count value="5"/><concept><code value="clinic"/><display value="Clinic"/><definition value="The Health facility is a primary health facility"/><designation><use><system value="http://terminology.hl7.org/CodeSystem/designation-usage"/><code value="display"/></use><value value="Clinic"/></designation></concept><concept><code value="hospital"/><display value="Hospital"/><definition value="The Health facility is a Secondary health facilities and General Hospitals"/><designation><use><system value="http://terminology.hl7.org/CodeSystem/designation-usage"/><code value="display"/></use><value value="Hospital"/></designation></concept><concept><code value="health-post"/><display value="Health Post"/><definition value="The Health facility is a primary health facility in category of dispensories"/><designation><use><system value="http://terminology.hl7.org/CodeSystem/designation-usage"/><code value="display"/></use><value value="Health Post"/></designation></concept><concept><code value="chc"/><display value="Comprehensive Health Centers"/><definition value="The Health facility is a comprehensive primary health center owned by the government"/><designation><use><system value="http://terminology.hl7.org/CodeSystem/designation-usage"/><code value="display"/></use><value value="Comprehensive Health Centers"/></designation></concept><concept><code value="tertiary"/><display value="Tertiary facility"/><definition value="These are Higher level facilities and referal centers)"/><designation><use><system value="http://terminology.hl7.org/CodeSystem/designation-usage"/><code value="display"/></use><value value="Tertiary facility"/></designation></concept></CodeSystem>