<?xml version="1.0" encoding="UTF-8"?><CodeSystem xmlns="http://hl7.org/fhir"><id value="nigeria-states"/><text><status value="generated"/><div xmlns="http://www.w3.org/1999/xhtml"><p class="res-header-id"><b>Generated Narrative: CodeSystem nigeria-states</b></p><a name="nigeria-states"> </a><a name="hcnigeria-states"> </a><p>This case-sensitive code system <code>https://nphcda.gov.ng/immunizationIG/CodeSystem/nigeria-states</code> defines the following codes in a Grouped By hierarchy:</p><table class="codes"><tr><td style="white-space:nowrap"><b>Code</b></td><td><b>Display</b></td></tr><tr><td style="white-space:nowrap">AB<a name="nigeria-states-AB"> </a></td><td>Abia</td></tr><tr><td style="white-space:nowrap">AD<a name="nigeria-states-AD"> </a></td><td>Adamawa</td></tr><tr><td style="white-space:nowrap">AK<a name="nigeria-states-AK"> </a></td><td>Akwa Ibom</td></tr><tr><td style="white-space:nowrap">AN<a name="nigeria-states-AN"> </a></td><td>Anambra</td></tr><tr><td style="white-space:nowrap">BA<a name="nigeria-states-BA"> </a></td><td>Bauchi</td></tr><tr><td style="white-space:nowrap">BY<a name="nigeria-states-BY"> </a></td><td>Bayelsa</td></tr><tr><td style="white-space:nowrap">BE<a name="nigeria-states-BE"> </a></td><td>Benue</td></tr><tr><td style="white-space:nowrap">BO<a name="nigeria-states-BO"> </a></td><td>Borno</td></tr><tr><td style="white-space:nowrap">CR<a name="nigeria-states-CR"> </a></td><td>Cross River</td></tr><tr><td style="white-space:nowrap">DE<a name="nigeria-states-DE"> </a></td><td>Delta</td></tr><tr><td style="white-space:nowrap">EB<a name="nigeria-states-EB"> </a></td><td>Ebonyi</td></tr><tr><td style="white-space:nowrap">ED<a name="nigeria-states-ED"> </a></td><td>Edo</td></tr><tr><td style="white-space:nowrap">EK<a name="nigeria-states-EK"> </a></td><td>Ekiti</td></tr><tr><td style="white-space:nowrap">EN<a name="nigeria-states-EN"> </a></td><td>Enugu</td></tr><tr><td style="white-space:nowrap">GO<a name="nigeria-states-GO"> </a></td><td>Gombe</td></tr><tr><td style="white-space:nowrap">IM<a name="nigeria-states-IM"> </a></td><td>Imo</td></tr><tr><td style="white-space:nowrap">JI<a name="nigeria-states-JI"> </a></td><td>Jigawa</td></tr><tr><td style="white-space:nowrap">KD<a name="nigeria-states-KD"> </a></td><td>Kaduna</td></tr><tr><td style="white-space:nowrap">KN<a name="nigeria-states-KN"> </a></td><td>Kano</td></tr><tr><td style="white-space:nowrap">KT<a name="nigeria-states-KT"> </a></td><td>Katsina</td></tr><tr><td style="white-space:nowrap">KB<a name="nigeria-states-KB"> </a></td><td>Kebbi</td></tr><tr><td style="white-space:nowrap">KO<a name="nigeria-states-KO"> </a></td><td>Kogi</td></tr><tr><td style="white-space:nowrap">KW<a name="nigeria-states-KW"> </a></td><td>Kwara</td></tr><tr><td style="white-space:nowrap">LA<a name="nigeria-states-LA"> </a></td><td>Lagos</td></tr><tr><td style="white-space:nowrap">NA<a name="nigeria-states-NA"> </a></td><td>Nasarawa</td></tr><tr><td style="white-space:nowrap">NI<a name="nigeria-states-NI"> </a></td><td>Niger</td></tr><tr><td style="white-space:nowrap">OG<a name="nigeria-states-OG"> </a></td><td>Ogun</td></tr><tr><td style="white-space:nowrap">ON<a name="nigeria-states-ON"> </a></td><td>Ondo</td></tr><tr><td style="white-space:nowrap">OS<a name="nigeria-states-OS"> </a></td><td>Osun</td></tr><tr><td style="white-space:nowrap">OY<a name="nigeria-states-OY"> </a></td><td>Oyo</td></tr><tr><td style="white-space:nowrap">PL<a name="nigeria-states-PL"> </a></td><td>Plateau</td></tr><tr><td style="white-space:nowrap">RI<a name="nigeria-states-RI"> </a></td><td>Rivers</td></tr><tr><td style="white-space:nowrap">SO<a name="nigeria-states-SO"> </a></td><td>Sokoto</td></tr><tr><td style="white-space:nowrap">TA<a name="nigeria-states-TA"> </a></td><td>Taraba</td></tr><tr><td style="white-space:nowrap">YO<a name="nigeria-states-YO"> </a></td><td>Yobe</td></tr><tr><td style="white-space:nowrap">ZA<a name="nigeria-states-ZA"> </a></td><td>Zamfara</td></tr><tr><td style="white-space:nowrap">FC<a name="nigeria-states-FC"> </a></td><td>Federal Capital Territory (FCT)</td></tr></table></div></text><url value="https://nphcda.gov.ng/immunizationIG/CodeSystem/nigeria-states"/><version value="0.5.0"/><name value="NGStatesCS"/><title value="NG-Imm States in Nigeria CS"/><status value="active"/><date value="2025-08-03T02:35:31+01:00"/><publisher value="https://nphcda.gov.ng"/><contact><name value="https://nphcda.gov.ng"/><telecom><system value="url"/><value value="https://nphcda.gov.ng"/></telecom></contact><contact><name value="Nigeria Primary Healthcare Development Agency."/><telecom><system value="email"/><value value="ig@nphcda.gov.ng"/><use value="work"/></telecom></contact><description value="This CodeSystem defines ward codes and names mapped to their respective States in Nigeria."/><jurisdiction><coding><system value="urn:iso:std:iso:3166"/><code value="NG"/><display value="Nigeria"/></coding></jurisdiction><caseSensitive value="true"/><hierarchyMeaning value="grouped-by"/><content value="complete"/><count value="37"/><concept><code value="AB"/><display value="Abia"/><designation><use><system value="http://terminology.hl7.org/CodeSystem/designation-usage"/><code value="display"/></use><value value="Abia"/></designation></concept><concept><code value="AD"/><display value="Adamawa"/><designation><use><system value="http://terminology.hl7.org/CodeSystem/designation-usage"/><code value="display"/></use><value value="Adamawa"/></designation></concept><concept><code value="AK"/><display value="Akwa Ibom"/><designation><use><system value="http://terminology.hl7.org/CodeSystem/designation-usage"/><code value="display"/></use><value value="Akwa Ibom"/></designation></concept><concept><code value="AN"/><display value="Anambra"/><designation><use><system value="http://terminology.hl7.org/CodeSystem/designation-usage"/><code value="display"/></use><value value="Anambra"/></designation></concept><concept><code value="BA"/><display value="Bauchi"/><designation><use><system value="http://terminology.hl7.org/CodeSystem/designation-usage"/><code value="display"/></use><value value="Bauchi"/></designation></concept><concept><code value="BY"/><display value="Bayelsa"/><designation><use><system value="http://terminology.hl7.org/CodeSystem/designation-usage"/><code value="display"/></use><value value="Bayelsa"/></designation></concept><concept><code value="BE"/><display value="Benue"/><designation><use><system value="http://terminology.hl7.org/CodeSystem/designation-usage"/><code value="display"/></use><value value="Benue"/></designation></concept><concept><code value="BO"/><display value="Borno"/><designation><use><system value="http://terminology.hl7.org/CodeSystem/designation-usage"/><code value="display"/></use><value value="Borno"/></designation></concept><concept><code value="CR"/><display value="Cross River"/><designation><use><system value="http://terminology.hl7.org/CodeSystem/designation-usage"/><code value="display"/></use><value value="Cross River"/></designation></concept><concept><code value="DE"/><display value="Delta"/><designation><use><system value="http://terminology.hl7.org/CodeSystem/designation-usage"/><code value="display"/></use><value value="Delta"/></designation></concept><concept><code value="EB"/><display value="Ebonyi"/><designation><use><system value="http://terminology.hl7.org/CodeSystem/designation-usage"/><code value="display"/></use><value value="Ebonyi"/></designation></concept><concept><code value="ED"/><display value="Edo"/><designation><use><system value="http://terminology.hl7.org/CodeSystem/designation-usage"/><code value="display"/></use><value value="Edo"/></designation></concept><concept><code value="EK"/><display value="Ekiti"/><designation><use><system value="http://terminology.hl7.org/CodeSystem/designation-usage"/><code value="display"/></use><value value="Ekiti"/></designation></concept><concept><code value="EN"/><display value="Enugu"/><designation><use><system value="http://terminology.hl7.org/CodeSystem/designation-usage"/><code value="display"/></use><value value="Enugu"/></designation></concept><concept><code value="GO"/><display value="Gombe"/><designation><use><system value="http://terminology.hl7.org/CodeSystem/designation-usage"/><code value="display"/></use><value value="Gombe"/></designation></concept><concept><code value="IM"/><display value="Imo"/><designation><use><system value="http://terminology.hl7.org/CodeSystem/designation-usage"/><code value="display"/></use><value value="Imo"/></designation></concept><concept><code value="JI"/><display value="Jigawa"/><designation><use><system value="http://terminology.hl7.org/CodeSystem/designation-usage"/><code value="display"/></use><value value="Jigawa"/></designation></concept><concept><code value="KD"/><display value="Kaduna"/><designation><use><system value="http://terminology.hl7.org/CodeSystem/designation-usage"/><code value="display"/></use><value value="Kaduna"/></designation></concept><concept><code value="KN"/><display value="Kano"/><designation><use><system value="http://terminology.hl7.org/CodeSystem/designation-usage"/><code value="display"/></use><value value="Kano"/></designation></concept><concept><code value="KT"/><display value="Katsina"/><designation><use><system value="http://terminology.hl7.org/CodeSystem/designation-usage"/><code value="display"/></use><value value="Katsina"/></designation></concept><concept><code value="KB"/><display value="Kebbi"/><designation><use><system value="http://terminology.hl7.org/CodeSystem/designation-usage"/><code value="display"/></use><value value="Kebbi"/></designation></concept><concept><code value="KO"/><display value="Kogi"/><designation><use><system value="http://terminology.hl7.org/CodeSystem/designation-usage"/><code value="display"/></use><value value="Kogi"/></designation></concept><concept><code value="KW"/><display value="Kwara"/><designation><use><system value="http://terminology.hl7.org/CodeSystem/designation-usage"/><code value="display"/></use><value value="Kwara"/></designation></concept><concept><code value="LA"/><display value="Lagos"/><designation><use><system value="http://terminology.hl7.org/CodeSystem/designation-usage"/><code value="display"/></use><value value="Lagos"/></designation></concept><concept><code value="NA"/><display value="Nasarawa"/><designation><use><system value="http://terminology.hl7.org/CodeSystem/designation-usage"/><code value="display"/></use><value value="Nasarawa"/></designation></concept><concept><code value="NI"/><display value="Niger"/><designation><use><system value="http://terminology.hl7.org/CodeSystem/designation-usage"/><code value="display"/></use><value value="Niger"/></designation></concept><concept><code value="OG"/><display value="Ogun"/><designation><use><system value="http://terminology.hl7.org/CodeSystem/designation-usage"/><code value="display"/></use><value value="Ogun"/></designation></concept><concept><code value="ON"/><display value="Ondo"/><designation><use><system value="http://terminology.hl7.org/CodeSystem/designation-usage"/><code value="display"/></use><value value="Ondo"/></designation></concept><concept><code value="OS"/><display value="Osun"/><designation><use><system value="http://terminology.hl7.org/CodeSystem/designation-usage"/><code value="display"/></use><value value="Osun"/></designation></concept><concept><code value="OY"/><display value="Oyo"/><designation><use><system value="http://terminology.hl7.org/CodeSystem/designation-usage"/><code value="display"/></use><value value="Oyo"/></designation></concept><concept><code value="PL"/><display value="Plateau"/><designation><use><system value="http://terminology.hl7.org/CodeSystem/designation-usage"/><code value="display"/></use><value value="Plateau"/></designation></concept><concept><code value="RI"/><display value="Rivers"/><designation><use><system value="http://terminology.hl7.org/CodeSystem/designation-usage"/><code value="display"/></use><value value="Rivers"/></designation></concept><concept><code value="SO"/><display value="Sokoto"/><designation><use><system value="http://terminology.hl7.org/CodeSystem/designation-usage"/><code value="display"/></use><value value="Sokoto"/></designation></concept><concept><code value="TA"/><display value="Taraba"/><designation><use><system value="http://terminology.hl7.org/CodeSystem/designation-usage"/><code value="display"/></use><value value="Taraba"/></designation></concept><concept><code value="YO"/><display value="Yobe"/><designation><use><system value="http://terminology.hl7.org/CodeSystem/designation-usage"/><code value="display"/></use><value value="Yobe"/></designation></concept><concept><code value="ZA"/><display value="Zamfara"/><designation><use><system value="http://terminology.hl7.org/CodeSystem/designation-usage"/><code value="display"/></use><value value="Zamfara"/></designation></concept><concept><code value="FC"/><display value="Federal Capital Territory (FCT)"/><designation><use><system value="http://terminology.hl7.org/CodeSystem/designation-usage"/><code value="display"/></use><value value="Federal Capital Territory (FCT)"/></designation></concept></CodeSystem>