<?xml version="1.0" encoding="UTF-8"?><CodeSystem xmlns="http://hl7.org/fhir"><id value="nigeria-immunization-contraindication"/><text><status value="generated"/><div xmlns="http://www.w3.org/1999/xhtml"><p class="res-header-id"><b>Generated Narrative: CodeSystem nigeria-immunization-contraindication</b></p><a name="nigeria-immunization-contraindication"> </a><a name="hcnigeria-immunization-contraindication"> </a><p>This  code system <code>https://nphcda.gov.ng/immunizationIG/CodeSystem/nigeria-immunization-contraindication</code> defines the following codes in a Is-A hierarchy:</p><table class="codes"><tr><td style="white-space:nowrap"><b>Code</b></td><td><b>Display</b></td><td><b>Definition</b></td></tr><tr><td style="white-space:nowrap">immuno<a name="nigeria-immunization-contraindication-immuno"> </a></td><td>Immunocompromised</td><td>The individual has a weakened immune system due to a medical condition (e.g., cancer, organ transplant, or immunosuppressive therapy), which contraindicates certain live vaccines.</td></tr><tr><td style="white-space:nowrap">severe-aefi<a name="nigeria-immunization-contraindication-severe-aefi"> </a></td><td>severe AEFI</td><td>The individual is currently experiencing a severe febrile or respiratory illness (REFI), which may necessitate deferral of immunization until recovery.</td></tr><tr><td style="white-space:nowrap">anaphylactic<a name="nigeria-immunization-contraindication-anaphylactic"> </a></td><td>Anaphylactic reactions</td><td>The individual has a documented history of a severe allergic (anaphylactic) reaction to a previous dose of a vaccine or any of its components, making re-administration contraindicated.</td></tr><tr><td style="white-space:nowrap">hiv<a name="nigeria-immunization-contraindication-hiv"> </a></td><td>HIV positive</td><td>The individual has symptomatic HIV infection, which may contraindicate live vaccines or require specific vaccine schedules based on immunological status.</td></tr></table></div></text><url value="https://nphcda.gov.ng/immunizationIG/CodeSystem/nigeria-immunization-contraindication"/><version value="0.5.0"/><name value="NGImmunizationContraindicationCS"/><title value="NG-Imm Vaccine contraindications CS"/><status value="active"/><date value="2025-07-17T18:57:38+01:00"/><publisher value="https://nphcda.gov.ng"/><contact><name value="https://nphcda.gov.ng"/><telecom><system value="url"/><value value="https://nphcda.gov.ng"/></telecom></contact><contact><name value="Nigeria Primary Healthcare Development Agency."/><telecom><system value="email"/><value value="ig@nphcda.gov.ng"/><use value="work"/></telecom></contact><description value="A set of standardized codes used to represent clinical conditions, diagnoses, or circumstances that serve as contraindications to the administration of one or more vaccines."/><jurisdiction><coding><system value="urn:iso:std:iso:3166"/><code value="NG"/><display value="Nigeria"/></coding></jurisdiction><hierarchyMeaning value="is-a"/><content value="complete"/><count value="4"/><concept><code value="immuno"/><display value="Immunocompromised"/><definition value="The individual has a weakened immune system due to a medical condition (e.g., cancer, organ transplant, or immunosuppressive therapy), which contraindicates certain live vaccines."/><designation><use><system value="http://terminology.hl7.org/CodeSystem/designation-usage"/><code value="display"/></use><value value="Immunocompromised"/></designation></concept><concept><code value="severe-aefi"/><display value="severe AEFI"/><definition value="The individual is currently experiencing a severe febrile or respiratory illness (REFI), which may necessitate deferral of immunization until recovery."/><designation><use><system value="http://terminology.hl7.org/CodeSystem/designation-usage"/><code value="display"/></use><value value="severe AEFI"/></designation></concept><concept><code value="anaphylactic"/><display value="Anaphylactic reactions"/><definition value="The individual has a documented history of a severe allergic (anaphylactic) reaction to a previous dose of a vaccine or any of its components, making re-administration contraindicated."/><designation><use><system value="http://terminology.hl7.org/CodeSystem/designation-usage"/><code value="display"/></use><value value="Anaphylactic reactions"/></designation></concept><concept><code value="hiv"/><display value="HIV positive"/><definition value="The individual has symptomatic HIV infection, which may contraindicate live vaccines or require specific vaccine schedules based on immunological status."/><designation><use><system value="http://terminology.hl7.org/CodeSystem/designation-usage"/><code value="display"/></use><value value="HIV positive"/></designation></concept></CodeSystem>