<?xml version="1.0" encoding="UTF-8"?><CodeSystem xmlns="http://hl7.org/fhir"><id value="nigeria-relationship"/><text><status value="generated"/><div xmlns="http://www.w3.org/1999/xhtml"><p class="res-header-id"><b>Generated Narrative: CodeSystem nigeria-relationship</b></p><a name="nigeria-relationship"> </a><a name="hcnigeria-relationship"> </a><p>This case-sensitive code system <code>https://nphcda.gov.ng/immunizationIG/CodeSystem/nigeria-relationship</code> defines the following codes in a Is-A hierarchy:</p><table class="codes"><tr><td style="white-space:nowrap"><b>Code</b></td><td><b>Display</b></td></tr><tr><td style="white-space:nowrap">BROTHER<a name="nigeria-relationship-BROTHER"> </a></td><td>Brother</td></tr><tr><td style="white-space:nowrap">SISTER<a name="nigeria-relationship-SISTER"> </a></td><td>Sister</td></tr><tr><td style="white-space:nowrap">SON<a name="nigeria-relationship-SON"> </a></td><td>Son</td></tr><tr><td style="white-space:nowrap">DAUGHTER<a name="nigeria-relationship-DAUGHTER"> </a></td><td>Daughter</td></tr><tr><td style="white-space:nowrap">MOTHER<a name="nigeria-relationship-MOTHER"> </a></td><td>Mother</td></tr><tr><td style="white-space:nowrap">FATHER<a name="nigeria-relationship-FATHER"> </a></td><td>Father</td></tr><tr><td style="white-space:nowrap">AUNT<a name="nigeria-relationship-AUNT"> </a></td><td>Aunt</td></tr><tr><td style="white-space:nowrap">COUNSN<a name="nigeria-relationship-COUNSN"> </a></td><td>Cousin</td></tr><tr><td style="white-space:nowrap">GRDSON<a name="nigeria-relationship-GRDSON"> </a></td><td>Grand Son</td></tr><tr><td style="white-space:nowrap">GRDDAU<a name="nigeria-relationship-GRDDAU"> </a></td><td>Grand Daughter</td></tr><tr><td style="white-space:nowrap">INLAW<a name="nigeria-relationship-INLAW"> </a></td><td>Inlaw</td></tr><tr><td style="white-space:nowrap">NEPHEW<a name="nigeria-relationship-NEPHEW"> </a></td><td>Nephew</td></tr><tr><td style="white-space:nowrap">NIECE<a name="nigeria-relationship-NIECE"> </a></td><td>Niece</td></tr><tr><td style="white-space:nowrap">UNCLE<a name="nigeria-relationship-UNCLE"> </a></td><td>Uncle</td></tr><tr><td style="white-space:nowrap">FRND<a name="nigeria-relationship-FRND"> </a></td><td>Friend</td></tr></table></div></text><url value="https://nphcda.gov.ng/immunizationIG/CodeSystem/nigeria-relationship"/><version value="0.5.0"/><name value="NGRelationshipsCS"/><title value="NG-Imm Relationships CS"/><status value="active"/><date value="2025-07-04T19:33:02+01:00"/><publisher value="https://nphcda.gov.ng"/><contact><name value="https://nphcda.gov.ng"/><telecom><system value="url"/><value value="https://nphcda.gov.ng"/></telecom></contact><contact><name value="Nigeria Primary Healthcare Development Agency."/><telecom><system value="email"/><value value="ig@nphcda.gov.ng"/><use value="work"/></telecom></contact><description value="This CodeSystem defines list of persons related to a patient, but who is not a direct target of care"/><jurisdiction><coding><system value="urn:iso:std:iso:3166"/><code value="NG"/><display value="Nigeria"/></coding></jurisdiction><caseSensitive value="true"/><hierarchyMeaning value="is-a"/><content value="complete"/><count value="15"/><concept><code value="BROTHER"/><display value="Brother"/><designation><use><system value="http://terminology.hl7.org/CodeSystem/designation-usage"/><code value="display"/></use><value value="Brother"/></designation><designation><use><system value="http://terminology.hl7.org/CodeSystem/designation-usage"/><code value="display"/></use><value value="Brother"/></designation></concept><concept><code value="SISTER"/><display value="Sister"/><designation><use><system value="http://terminology.hl7.org/CodeSystem/designation-usage"/><code value="display"/></use><value value="Sister"/></designation><designation><use><system value="http://terminology.hl7.org/CodeSystem/designation-usage"/><code value="display"/></use><value value="Sister"/></designation></concept><concept><code value="SON"/><display value="Son"/><designation><use><system value="http://terminology.hl7.org/CodeSystem/designation-usage"/><code value="display"/></use><value value="Son"/></designation><designation><use><system value="http://terminology.hl7.org/CodeSystem/designation-usage"/><code value="display"/></use><value value="Son"/></designation></concept><concept><code value="DAUGHTER"/><display value="Daughter"/><designation><use><system value="http://terminology.hl7.org/CodeSystem/designation-usage"/><code value="display"/></use><value value="Daughter"/></designation><designation><use><system value="http://terminology.hl7.org/CodeSystem/designation-usage"/><code value="display"/></use><value value="Daughter"/></designation></concept><concept><code value="MOTHER"/><display value="Mother"/><designation><use><system value="http://terminology.hl7.org/CodeSystem/designation-usage"/><code value="display"/></use><value value="Mother"/></designation><designation><use><system value="http://terminology.hl7.org/CodeSystem/designation-usage"/><code value="display"/></use><value value="Mother"/></designation></concept><concept><code value="FATHER"/><display value="Father"/><designation><use><system value="http://terminology.hl7.org/CodeSystem/designation-usage"/><code value="display"/></use><value value="Father"/></designation><designation><use><system value="http://terminology.hl7.org/CodeSystem/designation-usage"/><code value="display"/></use><value value="Father"/></designation></concept><concept><code value="AUNT"/><display value="Aunt"/><designation><use><system value="http://terminology.hl7.org/CodeSystem/designation-usage"/><code value="display"/></use><value value="Aunt"/></designation><designation><use><system value="http://terminology.hl7.org/CodeSystem/designation-usage"/><code value="display"/></use><value value="Aunt"/></designation></concept><concept><code value="COUNSN"/><display value="Cousin"/><designation><use><system value="http://terminology.hl7.org/CodeSystem/designation-usage"/><code value="display"/></use><value value="Cousin"/></designation><designation><use><system value="http://terminology.hl7.org/CodeSystem/designation-usage"/><code value="display"/></use><value value="Cousin"/></designation></concept><concept><code value="GRDSON"/><display value="Grand Son"/><designation><use><system value="http://terminology.hl7.org/CodeSystem/designation-usage"/><code value="display"/></use><value value="Grand Son"/></designation><designation><use><system value="http://terminology.hl7.org/CodeSystem/designation-usage"/><code value="display"/></use><value value="Grand Son"/></designation></concept><concept><code value="GRDDAU"/><display value="Grand Daughter"/><designation><use><system value="http://terminology.hl7.org/CodeSystem/designation-usage"/><code value="display"/></use><value value="Grand Daughter"/></designation><designation><use><system value="http://terminology.hl7.org/CodeSystem/designation-usage"/><code value="display"/></use><value value="Grand Daughter"/></designation></concept><concept><code value="INLAW"/><display value="Inlaw"/><designation><use><system value="http://terminology.hl7.org/CodeSystem/designation-usage"/><code value="display"/></use><value value="Inlaw"/></designation><designation><use><system value="http://terminology.hl7.org/CodeSystem/designation-usage"/><code value="display"/></use><value value="Inlaw"/></designation></concept><concept><code value="NEPHEW"/><display value="Nephew"/><designation><use><system value="http://terminology.hl7.org/CodeSystem/designation-usage"/><code value="display"/></use><value value="Nephew"/></designation><designation><use><system value="http://terminology.hl7.org/CodeSystem/designation-usage"/><code value="display"/></use><value value="Nephew"/></designation></concept><concept><code value="NIECE"/><display value="Niece"/><designation><use><system value="http://terminology.hl7.org/CodeSystem/designation-usage"/><code value="display"/></use><value value="Niece"/></designation><designation><use><system value="http://terminology.hl7.org/CodeSystem/designation-usage"/><code value="display"/></use><value value="Niece"/></designation></concept><concept><code value="UNCLE"/><display value="Uncle"/><designation><use><system value="http://terminology.hl7.org/CodeSystem/designation-usage"/><code value="display"/></use><value value="Uncle"/></designation><designation><use><system value="http://terminology.hl7.org/CodeSystem/designation-usage"/><code value="display"/></use><value value="Uncle"/></designation></concept><concept><code value="FRND"/><display value="Friend"/><designation><use><system value="http://terminology.hl7.org/CodeSystem/designation-usage"/><code value="display"/></use><value value="Friend"/></designation><designation><use><system value="http://terminology.hl7.org/CodeSystem/designation-usage"/><code value="display"/></use><value value="Friend"/></designation></concept></CodeSystem>