<?xml version="1.0" encoding="UTF-8"?><SearchParameter xmlns="http://hl7.org/fhir"><id value="NgImmBundleSearchByLastUpdated"/><text><status value="generated"/><div xmlns="http://www.w3.org/1999/xhtml"><p class="res-header-id"><b>Generated Narrative: SearchParameter NgImmBundleSearchByLastUpdated</b></p><a name="NgImmBundleSearchByLastUpdated"> </a><a name="hcNgImmBundleSearchByLastUpdated"> </a><h2>searchBundleByLastUpdated</h2><p>Parameter <code>_lastUpdated</code>:<code>date</code></p><div><p>Search for bundles that were last updated on or after a given date</p>
</div><table class="grid"><tr><td>Resource</td><td><a href="http://hl7.org/fhir/R4/bundle.html">Bundle</a></td></tr><tr><td>Expression</td><td><code>Bundle.meta.lastUpdated</code></td></tr><tr><td>Multiples</td><td><ul><li>multipleAnd: It's up to the server whether the parameter may repeat in order to specify multiple values that must all be true</li><li>multipleOr: It's up to the server whether the parameter can have multiple values (separated by comma) where at least one must be true</li></ul></td></tr></table></div></text><url value="https://nphcda.gov.ng/immunizationIG/SearchParameter/NgImmBundleSearchByLastUpdated"/><version value="0.5.0"/><name value="searchBundleByLastUpdated"/><status value="active"/><date value="2025-07-17T18:57:38+01:00"/><publisher value="https://nphcda.gov.ng"/><contact><name value="https://nphcda.gov.ng"/><telecom><system value="url"/><value value="https://nphcda.gov.ng"/></telecom></contact><contact><name value="Nigeria Primary Healthcare Development Agency."/><telecom><system value="email"/><value value="ig@nphcda.gov.ng"/><use value="work"/></telecom></contact><description value="Search for bundles that were last updated on or after a given date"/><jurisdiction><coding><system value="urn:iso:std:iso:3166"/><code value="NG"/><display value="Nigeria"/></coding></jurisdiction><code value="_lastUpdated"/><base value="Bundle"/><type value="date"/><expression value="Bundle.meta.lastUpdated"/></SearchParameter>