<?xml version="1.0" encoding="UTF-8"?><SearchParameter xmlns="http://hl7.org/fhir"><id value="SearchParameter-ngimm-immdate"/><text><status value="generated"/><div xmlns="http://www.w3.org/1999/xhtml"><p class="res-header-id"><b>Generated Narrative: SearchParameter SearchParameter-ngimm-immdate</b></p><a name="SearchParameter-ngimm-immdate"> </a><a name="hcSearchParameter-ngimm-immdate"> </a><h2>immdate</h2><p>Parameter <code>immdate</code>:<code>token</code></p><div><p>Search Immunization records by date of vaccination</p>
</div><table class="grid"><tr><td>Resource</td><td><a href="http://hl7.org/fhir/R4/immunization.html">Immunization</a></td></tr><tr><td>Expression</td><td><code>Immunization.date</code></td></tr><tr><td>Multiples</td><td><ul><li>multipleAnd: It's up to the server whether the parameter may repeat in order to specify multiple values that must all be true</li><li>multipleOr: It's up to the server whether the parameter can have multiple values (separated by comma) where at least one must be true</li></ul></td></tr></table></div></text><url value="https://nphcda.gov.ng/immunizationIG/SearchParameter/SearchParameter-ngimm-immdate"/><version value="0.4.0"/><name value="immdate"/><status value="active"/><date value="2025-07-03T11:54:34+01:00"/><publisher value="https://nphcda.gov.ng"/><contact><name value="https://nphcda.gov.ng"/><telecom><system value="url"/><value value="https://nphcda.gov.ng"/></telecom></contact><contact><name value="Nigeria Primary Healthcare Development Agency."/><telecom><system value="email"/><value value="ig@nphcda.gov.ng"/><use value="work"/></telecom></contact><description value="Search Immunization records by date of vaccination"/><jurisdiction><coding><system value="urn:iso:std:iso:3166"/><code value="NG"/><display value="Nigeria"/></coding></jurisdiction><code value="immdate"/><base value="Immunization"/><type value="token"/><expression value="Immunization.date"/></SearchParameter>