<?xml version="1.0" encoding="UTF-8"?><SearchParameter xmlns="http://hl7.org/fhir"><id value="NgImmBundleSearchByPatientIdentifier"/><text><status value="generated"/><div xmlns="http://www.w3.org/1999/xhtml"><p class="res-header-id"><b>Generated Narrative: SearchParameter NgImmBundleSearchByPatientIdentifier</b></p><a name="NgImmBundleSearchByPatientIdentifier"> </a><a name="hcNgImmBundleSearchByPatientIdentifier"> </a><h2>searchBundleByPatientIdentifier</h2><p>Parameter <code>patient.identifier</code>:<code>token</code></p><div><p>Search for a bundle containing a patient with a specific identifier</p>
</div><table class="grid"><tr><td>Resource</td><td><a href="http://hl7.org/fhir/R4/bundle.html">Bundle</a></td></tr><tr><td>Expression</td><td><code>Bundle.entry.resource.ofType(Patient).identifier</code></td></tr><tr><td>Processing Mode</td><td>Normal</td></tr><tr><td>Multiples</td><td><ul><li>multipleAnd: It's up to the server whether the parameter may repeat in order to specify multiple values that must all be true</li><li>multipleOr: It's up to the server whether the parameter can have multiple values (separated by comma) where at least one must be true</li></ul></td></tr></table></div></text><url value="https://nphcda.gov.ng/immunizationIG/SearchParameter/NgImmBundleSearchByPatientIdentifier"/><version value="0.4.0"/><name value="searchBundleByPatientIdentifier"/><status value="active"/><date value="2025-07-04T18:56:28+01:00"/><publisher value="https://nphcda.gov.ng"/><contact><name value="https://nphcda.gov.ng"/><telecom><system value="url"/><value value="https://nphcda.gov.ng"/></telecom></contact><contact><name value="Nigeria Primary Healthcare Development Agency."/><telecom><system value="email"/><value value="ig@nphcda.gov.ng"/><use value="work"/></telecom></contact><description value="Search for a bundle containing a patient with a specific identifier"/><jurisdiction><coding><system value="urn:iso:std:iso:3166"/><code value="NG"/><display value="Nigeria"/></coding></jurisdiction><code value="patient.identifier"/><base value="Bundle"/><type value="token"/><expression value="Bundle.entry.resource.ofType(Patient).identifier"/><xpathUsage value="normal"/></SearchParameter>