<?xml version="1.0" encoding="UTF-8"?><ValueSet xmlns="http://hl7.org/fhir"><id value="nigeria-relationship"/><text><status value="generated"/><div xmlns="http://www.w3.org/1999/xhtml"><p class="res-header-id"><b>Generated Narrative: ValueSet nigeria-relationship</b></p><a name="nigeria-relationship"> </a><a name="hcnigeria-relationship"> </a><ul><li>Include all codes defined in <a href="CodeSystem-nigeria-relationship.html"><code>https://nphcda.gov.ng/immunizationIG/CodeSystem/nigeria-relationship</code></a></li></ul></div></text><url value="http://nphcda.gov.ng/ig/fhir/ValueSet/ng-relationship"/><version value="0.4.0"/><name value="NGRelationshipsVS"/><title value="NG-Imm Relationships VS"/><status value="active"/><date value="2025-07-03T13:36:09+01:00"/><publisher value="https://nphcda.gov.ng"/><contact><name value="https://nphcda.gov.ng"/><telecom><system value="url"/><value value="https://nphcda.gov.ng"/></telecom></contact><contact><name value="Nigeria Primary Healthcare Development Agency."/><telecom><system value="email"/><value value="ig@nphcda.gov.ng"/><use value="work"/></telecom></contact><description value="list of persons related to a patient, but who is not a direct target of care."/><jurisdiction><coding><system value="urn:iso:std:iso:3166"/><code value="NG"/><display value="Nigeria"/></coding></jurisdiction><compose><include><system value="https://nphcda.gov.ng/immunizationIG/CodeSystem/nigeria-relationship"/></include></compose></ValueSet>