<?xml version="1.0" encoding="UTF-8"?><ValueSet xmlns="http://hl7.org/fhir"><id value="nigeria-gender"/><text><status value="generated"/><div xmlns="http://www.w3.org/1999/xhtml"><p class="res-header-id"><b>Generated Narrative: ValueSet nigeria-gender</b></p><a name="nigeria-gender"> </a><a name="hcnigeria-gender"> </a><ul><li>Include all codes defined in <a href="CodeSystem-nigeria-gender.html"><code>https://nphcda.gov.ng/immunizationIG/CodeSystem/nigeria-gender</code></a></li></ul></div></text><url value="https://nphcda.gov.ng/immunizationIG/ValueSet/nigeria-gender"/><version value="0.5.0"/><name value="NGGenderVS"/><title value="NG-Imm Gender or Sex VS"/><status value="draft"/><date value="2025-08-03T02:50:50+01:00"/><publisher value="https://nphcda.gov.ng"/><contact><name value="https://nphcda.gov.ng"/><telecom><system value="url"/><value value="https://nphcda.gov.ng"/></telecom></contact><contact><name value="Nigeria Primary Healthcare Development Agency."/><telecom><system value="email"/><value value="ig@nphcda.gov.ng"/><use value="work"/></telecom></contact><description value="Subset of HL7 administrative-gender limited to 'male' and 'female'."/><jurisdiction><coding><system value="urn:iso:std:iso:3166"/><code value="NG"/><display value="Nigeria"/></coding></jurisdiction><compose><include><system value="https://nphcda.gov.ng/immunizationIG/CodeSystem/nigeria-gender"/></include></compose></ValueSet>