<?xml version="1.0" encoding="UTF-8"?><ValueSet xmlns="http://hl7.org/fhir"><id value="nigeria-vaccine-library"/><text><status value="generated"/><div xmlns="http://www.w3.org/1999/xhtml"><p class="res-header-id"><b>Generated Narrative: ValueSet nigeria-vaccine-library</b></p><a name="nigeria-vaccine-library"> </a><a name="hcnigeria-vaccine-library"> </a><ul><li>Include all codes defined in <a href="CodeSystem-nigeria-vaccine-library.html"><code>https://nphcda.gov.ng/immunizationIG/CodeSystem/nigeria-vaccine-library</code></a></li></ul></div></text><url value="https://nphcda.gov.ng/immunizationIG/ValueSet/nigeria-vaccine-library"/><version value="0.4.0"/><name value="NGVaccineLibraryVS"/><title value="NG-Imm VaccineLibrary VS"/><status value="active"/><date value="2025-07-04T16:58:52+01:00"/><publisher value="https://nphcda.gov.ng"/><contact><name value="https://nphcda.gov.ng"/><telecom><system value="url"/><value value="https://nphcda.gov.ng"/></telecom></contact><contact><name value="Nigeria Primary Healthcare Development Agency."/><telecom><system value="email"/><value value="ig@nphcda.gov.ng"/><use value="work"/></telecom></contact><description value="A curated list of vaccines recognized under Nigeria's national immunization program"/><jurisdiction><coding><system value="urn:iso:std:iso:3166"/><code value="NG"/><display value="Nigeria"/></coding></jurisdiction><compose><include><system value="https://nphcda.gov.ng/immunizationIG/CodeSystem/nigeria-vaccine-library"/></include></compose></ValueSet>