<?xml version="1.0" encoding="UTF-8"?><ValueSet xmlns="http://hl7.org/fhir"><id value="nigeria-clinical-status"/><text><status value="generated"/><div xmlns="http://www.w3.org/1999/xhtml"><p class="res-header-id"><b>Generated Narrative: ValueSet nigeria-clinical-status</b></p><a name="nigeria-clinical-status"> </a><a name="hcnigeria-clinical-status"> </a><ul><li>Include all codes defined in <a href="CodeSystem-nigeria-clinical-status.html"><code>https://nphcda.gov.ng/immunizationIG/CodeSystem/nigeria-clinical-status</code></a></li></ul></div></text><url value="https://nphcda.gov.ng/immunizationIG/ValueSet/nigeria-clinical-status"/><version value="0.5.0"/><name value="NGClinicalStatusVS"/><title value="NG-Imm Clinical Status VS"/><status value="active"/><date value="2025-08-03T02:35:31+01:00"/><publisher value="https://nphcda.gov.ng"/><contact><name value="https://nphcda.gov.ng"/><telecom><system value="url"/><value value="https://nphcda.gov.ng"/></telecom></contact><contact><name value="Nigeria Primary Healthcare Development Agency."/><telecom><system value="email"/><value value="ig@nphcda.gov.ng"/><use value="work"/></telecom></contact><description value="The outcome of the reaction"/><jurisdiction><coding><system value="urn:iso:std:iso:3166"/><code value="NG"/><display value="Nigeria"/></coding></jurisdiction><compose><include><system value="https://nphcda.gov.ng/immunizationIG/CodeSystem/nigeria-clinical-status"/></include></compose></ValueSet>