<?xml version="1.0" encoding="UTF-8"?><ValueSet xmlns="http://hl7.org/fhir"><id value="nigeria-vaccine-route"/><text><status value="generated"/><div xmlns="http://www.w3.org/1999/xhtml"><p class="res-header-id"><b>Generated Narrative: ValueSet nigeria-vaccine-route</b></p><a name="nigeria-vaccine-route"> </a><a name="hcnigeria-vaccine-route"> </a><ul><li>Include all codes defined in <code>http://hl7.org/fhir/ValueSet/immunization-route</code></li></ul></div></text><url value="http://hl7.org/fhir/ValueSet/immunization-route"/><version value="0.4.0"/><name value="NGImmunizationRouteVS"/><title value="NG-Imm Vaccine Route VS"/><status value="active"/><date value="2025-06-30T08:07:26+01:00"/><publisher value="https://nphcda.gov.ng"/><contact><name value="https://nphcda.gov.ng"/><telecom><system value="url"/><value value="https://nphcda.gov.ng"/></telecom></contact><contact><name value="Nigeria Primary Healthcare Development Agency."/><telecom><system value="email"/><value value="ig@nphcda.gov.ng"/><use value="work"/></telecom></contact><description value="Vaccine Route"/><jurisdiction><coding><system value="urn:iso:std:iso:3166"/><code value="NG"/><display value="Nigeria"/></coding></jurisdiction><compose><include><system value="http://hl7.org/fhir/ValueSet/immunization-route"/></include></compose></ValueSet>