{
  "resourceType" : "CapabilityStatement",
  "id" : "NgImmCapabilityStatementServer",
  "text" : {
    "status" : "extensions",
    "div" : "<div xmlns=\"http://www.w3.org/1999/xhtml\"><p class=\"res-header-id\"><b>Generated Narrative: CapabilityStatement NgImmCapabilityStatementServer</b></p><a name=\"NgImmCapabilityStatementServer\"> </a><a name=\"hcNgImmCapabilityStatementServer\"> </a><h2 id=\"title\">NG-Imm Server CapabilityStatement</h2><ul><li>Implementation Guide Version: 0.5.0 </li><li>FHIR Version: 4.0.1 </li><li>Supported Formats: <code>xml</code></li><li>Supported Patch Formats: </li><li>Published on: 2025-08-03 </li><li>Published by: https://nphcda.gov.ng </li></ul><blockquote class=\"impl-note\"><p><strong>Note to Implementers: FHIR Capabilities</strong></p><p>Any FHIR capability may be 'allowed' by the system unless explicitly marked as 'SHALL NOT'. A few items are marked as MAY in the Implementation Guide to highlight their potential relevance to the use case.</p></blockquote><h2 id=\"rest\">FHIR RESTful Capabilities</h2><div class=\"panel panel-default\"><div class=\"panel-heading\"><h3 id=\"mode1\" class=\"panel-title\">Mode: <code>server</code></h3></div><div class=\"panel-body\"><div><p>The server supports RESTful create, read, update, and search for immunization-related records using the Nigeria Immunization Implementation Guide (NG-IMM).</p>\n</div><div class=\"lead\"><em>Summary of System-wide Interactions</em></div></div></div><h3 id=\"resourcesCap1\">Capabilities by Resource/Profile</h3><h4 id=\"resourcesSummary1\">Summary</h4><p>The summary table lists the resources that are part of this configuration, and for each resource it lists:</p><ul><li>The relevant profiles (if any)</li><li>The interactions supported by each resource (<b><span class=\"bg-info\">R</span></b>ead, <b><span class=\"bg-info\">S</span></b>earch, <b><span class=\"bg-info\">U</span></b>pdate, and <b><span class=\"bg-info\">C</span></b>reate, are always shown, while <b><span class=\"bg-info\">VR</span></b>ead, <b><span class=\"bg-info\">P</span></b>atch, <b><span class=\"bg-info\">D</span></b>elete, <b><span class=\"bg-info\">H</span></b>istory on <b><span class=\"bg-info\">I</span></b>nstance, or <b><span class=\"bg-info\">H</span></b>istory on <b><span class=\"bg-info\">T</span></b>ype are only present if at least one of the resources has support for them.</li><li><span>The required, recommended, and some optional search parameters (if any). </span></li><li>The linked resources enabled for <code>_include</code></li><li>The other resources enabled for <code>_revinclude</code></li><li>The operations on the resource (if any)</li></ul><div class=\"table-responsive\"><table class=\"table table-condensed table-hover\"><thead><tr><th><b>Resource Type</b></th><th><b>Profile</b></th><th class=\"text-center\"><b title=\"GET a resource (read interaction)\">R</b></th><th class=\"text-center\"><b title=\"GET all set of resources of the type (search interaction)\">S</b></th><th class=\"text-center\"><b title=\"PUT a new resource version (update interaction)\">U</b></th><th class=\"text-center\"><b title=\"PATCH a new resource version (patch interaction)\">P</b></th><th class=\"text-center\"><b title=\"POST a new resource (create interaction)\">C</b></th><th><b title=\"Required and recommended search parameters\">Searches</b></th><th><code><b>_include</b></code></th><th><code><b>_revinclude</b></code></th><th><b>Operations</b></th></tr></thead><tbody><tr><td><a href=\"#Patient1-1\">Patient</a></td><td><a href=\"StructureDefinition-NgImmPatient.html\">https://nphcda.gov.ng/immunizationIG/StructureDefinition/NgImmPatient</a></td><td class=\"text-center\">y</td><td class=\"text-center\">y</td><td class=\"text-center\">y</td><td class=\"text-center\">y</td><td class=\"text-center\">y</td><td>identifier, firstname, lastname, birthdate, gender, state</td><td/><td/><td><code>$submit</code>, <code>$export</code>, <code>$validate</code></td></tr><tr><td><a href=\"#Immunization1-2\">Immunization</a></td><td><a href=\"StructureDefinition-NgImmImmunization.html\">https://nphcda.gov.ng/immunizationIG/StructureDefinition/NgImmImmunization</a></td><td class=\"text-center\">y</td><td class=\"text-center\">y</td><td class=\"text-center\">y</td><td class=\"text-center\">y</td><td class=\"text-center\">y</td><td>patient, status, vaccine-code, date</td><td/><td/><td><code>$submit</code>, <code>$export</code>, <code>$validate</code></td></tr><tr><td><a href=\"#Bundle1-3\">Bundle</a></td><td><a href=\"StructureDefinition-NgImmBundle.html\">https://nphcda.gov.ng/immunizationIG/StructureDefinition/NgImmBundle</a></td><td class=\"text-center\">y</td><td class=\"text-center\">y</td><td class=\"text-center\">y</td><td class=\"text-center\"/><td class=\"text-center\">y</td><td>type, timestamp, identifier</td><td/><td/><td><code>$submit</code>, <code>$export</code>, <code>$validate</code></td></tr><tr><td><a href=\"#Provenance1-4\">Provenance</a></td><td>\u00a0</td><td class=\"text-center\">y</td><td class=\"text-center\">y</td><td class=\"text-center\"/><td class=\"text-center\"/><td class=\"text-center\">y</td><td>target</td><td/><td/><td/></tr></tbody></table></div><hr/><div class=\"panel panel-default\"><div class=\"panel-heading\"><h4 id=\"Patient1-1\" class=\"panel-title\"><span style=\"float: right;\">Resource Conformance: supported </span>Patient</h4></div><div class=\"panel-body\"><div class=\"container\"><div class=\"row\"><div class=\"col-lg-6\"><span class=\"lead\">Base System Profile</span><br/><a href=\"StructureDefinition-NgImmPatient.html\">NG-Imm Patient</a></div><div class=\"col-lg-3\"><span class=\"lead\">Profile Conformance</span><br/><b>SHALL</b></div><div class=\"col-lg-3\"><span class=\"lead\">Reference Policy</span><br/></div></div><p/><div class=\"row\"><div class=\"col-lg-6\"><span class=\"lead\">Interaction summary</span><br/><ul><li>Supports <code>read</code>, <code>search-type</code>, <code>create</code>, <code>update</code>, <code>patch</code>.</li></ul></div></div><p/><div class=\"row\"><div class=\"col-12\"><span class=\"lead\">Documentation</span><blockquote><div><p>The <code>NgImmPatient</code> profile is used for managing client demographic data.</p>\n<ul>\n<li><strong>POST</strong>: Creates a new patient record.</li>\n<li><strong>PUT</strong>: Replaces an existing patient record.</li>\n<li><strong>PATCH</strong>: Updates specific fields.</li>\n</ul>\n<p>Clients MUST include a corresponding <code>Provenance</code> resource with updates for audit and traceability.</p>\n</div></blockquote></div></div><div class=\"row\"><div class=\"col-lg-7\"><span class=\"lead\">Search Parameters</span><table class=\"table table-condensed table-hover\"><thead><tr><th>Conformance</th><th>Parameter</th><th>Type</th><th>Documentation</th></tr></thead><tbody><tr><td><b>SHALL</b></td><td>identifier</td><td><code>token</code></td><td><div/></td></tr><tr><td><b>SHALL</b></td><td>firstname</td><td><code>string</code></td><td><div/></td></tr><tr><td><b>SHALL</b></td><td>lastname</td><td><code>string</code></td><td><div/></td></tr><tr><td><b>SHALL</b></td><td>birthdate</td><td><code>date</code></td><td><div/></td></tr><tr><td><b>SHALL</b></td><td>gender</td><td><code>token</code></td><td><div/></td></tr><tr><td><b>SHALL</b></td><td>state</td><td><code>token</code></td><td><div/></td></tr></tbody></table></div><div class=\"col-lg-5\">\u00a0</div></div><div class=\"row\"><div class=\"col-12\"><span class=\"lead\">Extended Operations</span><table class=\"table table-condensed table-hover\"><thead><tr><th>Conformance</th><th>Operation</th><th>Documentation</th></tr></thead><tbody><tr><td><b>SHALL</b></td><td>$submit</td><td><div/></td></tr><tr><td><b>SHALL</b></td><td>$export</td><td><div/></td></tr><tr><td><b>SHALL</b></td><td>$validate</td><td><div/></td></tr></tbody></table></div></div></div></div></div><div class=\"panel panel-default\"><div class=\"panel-heading\"><h4 id=\"Immunization1-2\" class=\"panel-title\"><span style=\"float: right;\">Resource Conformance: supported </span>Immunization</h4></div><div class=\"panel-body\"><div class=\"container\"><div class=\"row\"><div class=\"col-lg-6\"><span class=\"lead\">Base System Profile</span><br/><a href=\"StructureDefinition-NgImmImmunization.html\">NG-Imm Immunization</a></div><div class=\"col-lg-3\"><span class=\"lead\">Profile Conformance</span><br/><b>SHALL</b></div><div class=\"col-lg-3\"><span class=\"lead\">Reference Policy</span><br/></div></div><p/><div class=\"row\"><div class=\"col-lg-6\"><span class=\"lead\">Interaction summary</span><br/><ul><li>Supports <code>read</code>, <code>search-type</code>, <code>create</code>, <code>update</code>, <code>patch</code>.</li></ul></div></div><p/><div class=\"row\"><div class=\"col-12\"><span class=\"lead\">Documentation</span><blockquote><div><p>The <code>NgImmImmunization</code> profile is used to record administered vaccine doses.</p>\n<ul>\n<li><strong>POST</strong>: Submits a new immunization event.</li>\n<li><strong>PUT</strong>: Replaces an existing record, e.g. to correct a mistake.</li>\n<li><strong>PATCH</strong>: Updates specific fields such as status or encounter.</li>\n</ul>\n<p>Provenance SHOULD be included for automated or third-party updates.</p>\n</div></blockquote></div></div><div class=\"row\"><div class=\"col-lg-7\"><span class=\"lead\">Search Parameters</span><table class=\"table table-condensed table-hover\"><thead><tr><th>Conformance</th><th>Parameter</th><th>Type</th><th>Documentation</th></tr></thead><tbody><tr><td><b>SHALL</b></td><td>patient</td><td><code>reference</code></td><td><div/></td></tr><tr><td><b>SHALL</b></td><td>status</td><td><code>token</code></td><td><div/></td></tr><tr><td><b>SHALL</b></td><td>vaccine-code</td><td><code>token</code></td><td><div/></td></tr><tr><td><b>SHALL</b></td><td>date</td><td><code>date</code></td><td><div/></td></tr></tbody></table></div><div class=\"col-lg-5\">\u00a0</div></div><div class=\"row\"><div class=\"col-12\"><span class=\"lead\">Extended Operations</span><table class=\"table table-condensed table-hover\"><thead><tr><th>Conformance</th><th>Operation</th><th>Documentation</th></tr></thead><tbody><tr><td><b>SHALL</b></td><td>$submit</td><td><div/></td></tr><tr><td><b>SHALL</b></td><td>$export</td><td><div/></td></tr><tr><td><b>SHALL</b></td><td>$validate</td><td><div/></td></tr></tbody></table></div></div></div></div></div><div class=\"panel panel-default\"><div class=\"panel-heading\"><h4 id=\"Bundle1-3\" class=\"panel-title\"><span style=\"float: right;\">Resource Conformance: supported </span>Bundle</h4></div><div class=\"panel-body\"><div class=\"container\"><div class=\"row\"><div class=\"col-lg-6\"><span class=\"lead\">Base System Profile</span><br/><a href=\"StructureDefinition-NgImmBundle.html\">Nigeria Immunization Bundle</a></div><div class=\"col-lg-3\"><span class=\"lead\">Profile Conformance</span><br/><b>SHALL</b></div><div class=\"col-lg-3\"><span class=\"lead\">Reference Policy</span><br/></div></div><p/><div class=\"row\"><div class=\"col-lg-6\"><span class=\"lead\">Interaction summary</span><br/><ul><li>Supports <code>read</code>, <code>search-type</code>, <code>create</code>, <code>update</code>.</li></ul></div></div><p/><div class=\"row\"><div class=\"col-12\"><span class=\"lead\">Documentation</span><blockquote><div><p>The <code>NgImmBundle</code> profile is used to group Patient, Immunization, and related resources into a single package.</p>\n<ul>\n<li><strong>POST</strong>: Submits a new Bundle (e.g. during mobile sync).</li>\n<li><strong>PUT</strong>: Replaces the entire bundle for corrected batch uploads.</li>\n</ul>\n<p>PATCH is not supported on Bundles.</p>\n</div></blockquote></div></div><div class=\"row\"><div class=\"col-lg-7\"><span class=\"lead\">Search Parameters</span><table class=\"table table-condensed table-hover\"><thead><tr><th>Conformance</th><th>Parameter</th><th>Type</th><th>Documentation</th></tr></thead><tbody><tr><td><b>SHALL</b></td><td>type</td><td><code>token</code></td><td><div/></td></tr><tr><td><b>SHALL</b></td><td>timestamp</td><td><code>date</code></td><td><div/></td></tr><tr><td><b>SHALL</b></td><td>identifier</td><td><code>token</code></td><td><div/></td></tr></tbody></table></div><div class=\"col-lg-5\">\u00a0</div></div><div class=\"row\"><div class=\"col-12\"><span class=\"lead\">Extended Operations</span><table class=\"table table-condensed table-hover\"><thead><tr><th>Conformance</th><th>Operation</th><th>Documentation</th></tr></thead><tbody><tr><td><b>SHALL</b></td><td>$submit</td><td><div/></td></tr><tr><td><b>SHALL</b></td><td>$export</td><td><div/></td></tr><tr><td><b>SHALL</b></td><td>$validate</td><td><div/></td></tr></tbody></table></div></div></div></div></div><div class=\"panel panel-default\"><div class=\"panel-heading\"><h4 id=\"Provenance1-4\" class=\"panel-title\"><span style=\"float: right;\">Resource Conformance: supported </span>Provenance</h4></div><div class=\"panel-body\"><div class=\"container\"><div class=\"row\"><div class=\"col-lg-4\"><span class=\"lead\">Core FHIR Resource</span><br/><a href=\"http://hl7.org/fhir/R4/provenance.html\">Provenance</a></div><div class=\"col-lg-4\"><span class=\"lead\">Reference Policy</span><br/></div><div class=\"col-lg-4\"><span class=\"lead\">Interaction summary</span><br/><ul><li>Supports <code>create</code>, <code>read</code>, <code>search-type</code>.</li></ul></div></div><p/><p/><div class=\"row\"><div class=\"col-12\"><span class=\"lead\">Documentation</span><blockquote><div><p>Used to track and audit updates made to Patient or Immunization resources. Clients are expected to include this when submitting PUT or PATCH requests for sensitive records.</p>\n</div></blockquote></div></div><div class=\"row\"><div class=\"col-lg-7\"><span class=\"lead\">Search Parameters</span><table class=\"table table-condensed table-hover\"><thead><tr><th>Conformance</th><th>Parameter</th><th>Type</th><th>Documentation</th></tr></thead><tbody><tr><td><b>SHALL</b></td><td><a href=\"http://hl7.org/fhir/R4/provenance.html#search\">target</a></td><td><code>reference</code></td><td><div/></td></tr></tbody></table></div><div class=\"col-lg-5\">\u00a0</div></div></div></div></div><h3 id=\"operationsCap1\">Operations</h3><h4 id=\"operationsSummary1\">Use</h4></div>"
  },
  "url" : "https://nphcda.gov.ng/immunizationIG/CapabilityStatement/NgImmCapabilityStatementServer",
  "version" : "0.5.0",
  "title" : "NG-Imm Server CapabilityStatement",
  "status" : "active",
  "date" : "2025-08-03",
  "publisher" : "https://nphcda.gov.ng",
  "contact" : [{
    "name" : "https://nphcda.gov.ng",
    "telecom" : [{
      "system" : "url",
      "value" : "https://nphcda.gov.ng"
    }]
  },
  {
    "name" : "Nigeria Primary Healthcare Development Agency.",
    "telecom" : [{
      "system" : "email",
      "value" : "ig@nphcda.gov.ng",
      "use" : "work"
    }]
  }],
  "description" : "This CapabilityStatement describes the expected behavior of FHIR servers implementing Nigeria’s Immunization Implementation Guide (NG-IMM).\n\nIt includes full RESTful support for key profiles (`NgImmPatient`, `NgImmImmunization`, and `NgImmBundle`) and logical model transformations. The server also supports data submission, export, and validation via custom operations, as well as tracking updates through `Provenance`.\n\n#### Use of HTTP Methods:\n- **POST**: Used to create a new resource. The server assigns the resource ID.\n- **PUT**: Used to fully replace an existing resource identified by a known ID.\n- **PATCH**: Used for partial updates to existing resources.\n\n#### Provenance:\nClients MUST include a `Provenance` resource when performing GET, PUT, or PATCH on Server Resources (`NgImmPatient`, `NgImmImmunization`, and `NgImmBundle`) to ensure traceability and support audit trails.",
  "jurisdiction" : [{
    "coding" : [{
      "system" : "urn:iso:std:iso:3166",
      "code" : "NG",
      "display" : "Nigeria"
    }]
  }],
  "kind" : "requirements",
  "implementation" : {
    "description" : "NG-IMM Immunization Server Implementation",
    "url" : "https://nphcda.gov.ng/IG"
  },
  "fhirVersion" : "4.0.1",
  "format" : ["xml"],
  "rest" : [{
    "mode" : "server",
    "documentation" : "The server supports RESTful create, read, update, and search for immunization-related records using the Nigeria Immunization Implementation Guide (NG-IMM).",
    "resource" : [{
      "type" : "Patient",
      "profile" : "https://nphcda.gov.ng/immunizationIG/StructureDefinition/NgImmPatient",
      "documentation" : "The `NgImmPatient` profile is used for managing client demographic data.\n\n- **POST**: Creates a new patient record.\n- **PUT**: Replaces an existing patient record.\n- **PATCH**: Updates specific fields.\n\nClients MUST include a corresponding `Provenance` resource with updates for audit and traceability.",
      "interaction" : [{
        "code" : "read"
      },
      {
        "code" : "search-type"
      },
      {
        "code" : "create"
      },
      {
        "code" : "update"
      },
      {
        "code" : "patch"
      }],
      "searchParam" : [{
        "name" : "identifier",
        "definition" : "SearchParameter/Patient-identifier",
        "type" : "token"
      },
      {
        "name" : "firstname",
        "definition" : "SearchParameter/Patient-firstname",
        "type" : "string"
      },
      {
        "name" : "lastname",
        "definition" : "SearchParameter/Patient-lastname",
        "type" : "string"
      },
      {
        "name" : "birthdate",
        "definition" : "SearchParameter/Patient-birthdate",
        "type" : "date"
      },
      {
        "name" : "gender",
        "definition" : "SearchParameter/Patient-gender",
        "type" : "token"
      },
      {
        "name" : "state",
        "definition" : "SearchParameter/Patient-state",
        "type" : "token"
      }],
      "operation" : [{
        "name" : "submit",
        "definition" : "OperationDefinition/submit-ngimm-patient"
      },
      {
        "name" : "export",
        "definition" : "OperationDefinition/export-ngimm-patient"
      },
      {
        "name" : "validate",
        "definition" : "OperationDefinition/validate-ngimm-patient"
      }]
    },
    {
      "type" : "Immunization",
      "profile" : "https://nphcda.gov.ng/immunizationIG/StructureDefinition/NgImmImmunization",
      "documentation" : "The `NgImmImmunization` profile is used to record administered vaccine doses.\n\n- **POST**: Submits a new immunization event.\n- **PUT**: Replaces an existing record, e.g. to correct a mistake.\n- **PATCH**: Updates specific fields such as status or encounter.\n\nProvenance SHOULD be included for automated or third-party updates.",
      "interaction" : [{
        "code" : "read"
      },
      {
        "code" : "search-type"
      },
      {
        "code" : "create"
      },
      {
        "code" : "update"
      },
      {
        "code" : "patch"
      }],
      "searchParam" : [{
        "name" : "patient",
        "definition" : "SearchParameter/Immunization-patient",
        "type" : "reference"
      },
      {
        "name" : "status",
        "definition" : "SearchParameter/Immunization-status",
        "type" : "token"
      },
      {
        "name" : "vaccine-code",
        "definition" : "SearchParameter/Immunization-vaccine-code",
        "type" : "token"
      },
      {
        "name" : "date",
        "definition" : "SearchParameter/Immunization-date",
        "type" : "date"
      }],
      "operation" : [{
        "name" : "submit",
        "definition" : "OperationDefinition/submit-ngimm-immunization"
      },
      {
        "name" : "export",
        "definition" : "OperationDefinition/export-ngimm-immunization"
      },
      {
        "name" : "validate",
        "definition" : "OperationDefinition/validate-ngimm-immunization"
      }]
    },
    {
      "type" : "Bundle",
      "profile" : "https://nphcda.gov.ng/immunizationIG/StructureDefinition/NgImmBundle",
      "documentation" : "The `NgImmBundle` profile is used to group Patient, Immunization, and related resources into a single package.\n\n- **POST**: Submits a new Bundle (e.g. during mobile sync).\n- **PUT**: Replaces the entire bundle for corrected batch uploads.\n\nPATCH is not supported on Bundles.",
      "interaction" : [{
        "code" : "read"
      },
      {
        "code" : "search-type"
      },
      {
        "code" : "create"
      },
      {
        "code" : "update"
      }],
      "searchParam" : [{
        "name" : "type",
        "definition" : "SearchParameter/Bundle-type",
        "type" : "token"
      },
      {
        "name" : "timestamp",
        "definition" : "SearchParameter/Bundle-timestamp",
        "type" : "date"
      },
      {
        "name" : "identifier",
        "definition" : "SearchParameter/Bundle-identifier",
        "type" : "token"
      }],
      "operation" : [{
        "name" : "submit",
        "definition" : "OperationDefinition/submit-ngimm-bundle"
      },
      {
        "name" : "export",
        "definition" : "OperationDefinition/export-ngimm-bundle"
      },
      {
        "name" : "validate",
        "definition" : "OperationDefinition/validate-ngimm-bundle"
      }]
    },
    {
      "type" : "Provenance",
      "documentation" : "Used to track and audit updates made to Patient or Immunization resources. Clients are expected to include this when submitting PUT or PATCH requests for sensitive records.",
      "interaction" : [{
        "code" : "create"
      },
      {
        "code" : "read"
      },
      {
        "code" : "search-type"
      }],
      "searchParam" : [{
        "name" : "target",
        "definition" : "http://hl7.org/fhir/SearchParameter/Provenance-target",
        "type" : "reference"
      }]
    }],
    "operation" : [{
      "name" : "transformRegisterClientModelToNgImmPatient",
      "definition" : "OperationDefinition/transform-ngimm-patient"
    },
    {
      "name" : "transformAdministerVaccineToImmunization",
      "definition" : "OperationDefinition/transform-administervaccine-to-immunization"
    },
    {
      "name" : "transformAdministerVaccineToAllergy",
      "definition" : "OperationDefinition/transform-administervaccine-to-allergyintolerance"
    },
    {
      "name" : "getMetadata",
      "definition" : "http://hl7.org/fhir/OperationDefinition/CapabilityStatement"
    }]
  }]
}