<?xml version="1.0" encoding="UTF-8"?>

<CodeSystem xmlns="http://hl7.org/fhir">
  <id value="nigeria-location-owner-cs"/>
  <text>
    <status value="generated"/><div xmlns="http://www.w3.org/1999/xhtml"><p class="res-header-id"><b>Generated Narrative: CodeSystem nigeria-location-owner-cs</b></p><a name="nigeria-location-owner-cs"> </a><a name="hcnigeria-location-owner-cs"> </a><p>This  code system <code>https://nphcda.gov.ng/immunizationIG/CodeSystem/nigeria-location-owner-cs</code> defines the following codes:</p><table class="codes"><tr><td style="white-space:nowrap"><b>Code</b></td><td><b>Display</b></td></tr><tr><td style="white-space:nowrap">public<a name="nigeria-location-owner-cs-public"> </a></td><td>Public Health Institution Location</td></tr><tr><td style="white-space:nowrap">private<a name="nigeria-location-owner-cs-private"> </a></td><td>Private Health Institution Location</td></tr><tr><td style="white-space:nowrap">faith-based<a name="nigeria-location-owner-cs-faith-based"> </a></td><td>Faith-based Institution Locations such as churches, musques, and traditional homes</td></tr></table></div>
  </text>
  <url value="https://nphcda.gov.ng/immunizationIG/CodeSystem/nigeria-location-owner-cs"/>
  <version value="0.5.0"/>
  <name value="NGOrganizationOwnerCS"/>
  <title value="NG-Imm Location Owner CS"/>
  <status value="draft"/>
  <date value="2025-07-17T18:57:38+01:00"/>
  <publisher value="https://nphcda.gov.ng"/>
  <contact>
    <name value="https://nphcda.gov.ng"/>
    <telecom>
      <system value="url"/>
      <value value="https://nphcda.gov.ng"/>
    </telecom>
  </contact>
  <contact>
    <name value="Nigeria Primary Healthcare Development Agency."/>
    <telecom>
      <system value="email"/>
      <value value="ig@nphcda.gov.ng"/>
      <use value="work"/>
    </telecom>
  </contact>
  <description value="This CodeSystem defines Immunization Location Owner."/>
  <jurisdiction>
    <coding>
      <system value="urn:iso:std:iso:3166"/>
      <code value="NG"/>
      <display value="Nigeria"/>
    </coding>
  </jurisdiction>
  <content value="complete"/>
  <count value="3"/>
  <concept>
    <code value="public"/>
    <display value="Public Health Institution Location"/>
  </concept>
  <concept>
    <code value="private"/>
    <display value="Private Health Institution Location"/>
  </concept>
  <concept>
    <code value="faith-based"/>
    <display value="Faith-based Institution Locations such as churches, musques, and traditional homes"/>
  </concept>
</CodeSystem>