{
  "resourceType" : "ImplementationGuide",
  "id" : "fhir.nigeriaImmunizationIG",
  "text" : {
    "status" : "generated",
    "div" : "<div xmlns=\"http://www.w3.org/1999/xhtml\"><p class=\"res-header-id\"><b>Generated Narrative: ImplementationGuide fhir.nigeriaImmunizationIG</b></p><a name=\"fhir.nigeriaImmunizationIG\"> </a><a name=\"hcfhir.nigeriaImmunizationIG\"> </a><h2>NigeriaimmunizationFHIRIG</h2><p>The official URL for this implementation guide is: </p><pre>https://nphcda.gov.ng/immunizationIG/ImplementationGuide/fhir.nigeriaImmunizationIG</pre><div><p>Nigeria Immunization FHIR IG</p>\n</div></div>"
  },
  "url" : "https://nphcda.gov.ng/immunizationIG/ImplementationGuide/fhir.nigeriaImmunizationIG",
  "version" : "0.4.0",
  "name" : "NigeriaimmunizationFHIRIG",
  "title" : "Nigeria Immunization FHIR IG",
  "status" : "draft",
  "date" : "2025-06-23T13:45:54+01:00",
  "publisher" : "https://nphcda.gov.ng",
  "contact" : [{
    "name" : "https://nphcda.gov.ng",
    "telecom" : [{
      "system" : "url",
      "value" : "https://nphcda.gov.ng"
    }]
  },
  {
    "name" : "Nigeria Primary Healthcare Development Agency.",
    "telecom" : [{
      "system" : "email",
      "value" : "ig@nphcda.gov.ng",
      "use" : "work"
    }]
  }],
  "description" : "Nigeria Immunization FHIR IG",
  "jurisdiction" : [{
    "coding" : [{
      "system" : "urn:iso:std:iso:3166",
      "code" : "NG",
      "display" : "Nigeria"
    }]
  }],
  "packageId" : "fhir.nigeriaImmunizationIG",
  "license" : "CC0-1.0",
  "fhirVersion" : ["4.0.1"],
  "dependsOn" : [{
    "id" : "hl7tx",
    "extension" : [{
      "url" : "http://hl7.org/fhir/tools/StructureDefinition/implementationguide-dependency-comment",
      "valueMarkdown" : "Automatically added as a dependency - all IGs depend on HL7 Terminology"
    }],
    "uri" : "http://terminology.hl7.org/ImplementationGuide/hl7.terminology",
    "packageId" : "hl7.terminology.r4",
    "version" : "6.4.0"
  },
  {
    "id" : "hl7ext",
    "extension" : [{
      "url" : "http://hl7.org/fhir/tools/StructureDefinition/implementationguide-dependency-comment",
      "valueMarkdown" : "Automatically added as a dependency - all IGs depend on the HL7 Extension Pack"
    }],
    "uri" : "http://hl7.org/fhir/extensions/ImplementationGuide/hl7.fhir.uv.extensions",
    "packageId" : "hl7.fhir.uv.extensions.r4",
    "version" : "5.2.0"
  }],
  "definition" : {
    "extension" : [{
      "extension" : [{
        "url" : "code",
        "valueString" : "copyrightyear"
      },
      {
        "url" : "value",
        "valueString" : "2025+"
      }],
      "url" : "http://hl7.org/fhir/tools/StructureDefinition/ig-parameter"
    },
    {
      "extension" : [{
        "url" : "code",
        "valueString" : "releaselabel"
      },
      {
        "url" : "value",
        "valueString" : "ci-build"
      }],
      "url" : "http://hl7.org/fhir/tools/StructureDefinition/ig-parameter"
    },
    {
      "extension" : [{
        "url" : "code",
        "valueString" : "autoload-resources"
      },
      {
        "url" : "value",
        "valueString" : "true"
      }],
      "url" : "http://hl7.org/fhir/tools/StructureDefinition/ig-parameter"
    },
    {
      "extension" : [{
        "url" : "code",
        "valueString" : "path-liquid"
      },
      {
        "url" : "value",
        "valueString" : "template/liquid"
      }],
      "url" : "http://hl7.org/fhir/tools/StructureDefinition/ig-parameter"
    },
    {
      "extension" : [{
        "url" : "code",
        "valueString" : "path-liquid"
      },
      {
        "url" : "value",
        "valueString" : "input/liquid"
      }],
      "url" : "http://hl7.org/fhir/tools/StructureDefinition/ig-parameter"
    },
    {
      "extension" : [{
        "url" : "code",
        "valueString" : "path-qa"
      },
      {
        "url" : "value",
        "valueString" : "temp/qa"
      }],
      "url" : "http://hl7.org/fhir/tools/StructureDefinition/ig-parameter"
    },
    {
      "extension" : [{
        "url" : "code",
        "valueString" : "path-temp"
      },
      {
        "url" : "value",
        "valueString" : "temp/pages"
      }],
      "url" : "http://hl7.org/fhir/tools/StructureDefinition/ig-parameter"
    },
    {
      "extension" : [{
        "url" : "code",
        "valueString" : "path-output"
      },
      {
        "url" : "value",
        "valueString" : "output"
      }],
      "url" : "http://hl7.org/fhir/tools/StructureDefinition/ig-parameter"
    },
    {
      "extension" : [{
        "url" : "code",
        "valueString" : "path-suppressed-warnings"
      },
      {
        "url" : "value",
        "valueString" : "input/ignoreWarnings.txt"
      }],
      "url" : "http://hl7.org/fhir/tools/StructureDefinition/ig-parameter"
    },
    {
      "extension" : [{
        "url" : "code",
        "valueString" : "path-history"
      },
      {
        "url" : "value",
        "valueString" : "https://nphcda.gov.ng/immunizationIG/history.html"
      }],
      "url" : "http://hl7.org/fhir/tools/StructureDefinition/ig-parameter"
    },
    {
      "extension" : [{
        "url" : "code",
        "valueString" : "template-html"
      },
      {
        "url" : "value",
        "valueString" : "template-page.html"
      }],
      "url" : "http://hl7.org/fhir/tools/StructureDefinition/ig-parameter"
    },
    {
      "extension" : [{
        "url" : "code",
        "valueString" : "template-md"
      },
      {
        "url" : "value",
        "valueString" : "template-page-md.html"
      }],
      "url" : "http://hl7.org/fhir/tools/StructureDefinition/ig-parameter"
    },
    {
      "extension" : [{
        "url" : "code",
        "valueString" : "apply-contact"
      },
      {
        "url" : "value",
        "valueString" : "true"
      }],
      "url" : "http://hl7.org/fhir/tools/StructureDefinition/ig-parameter"
    },
    {
      "extension" : [{
        "url" : "code",
        "valueString" : "apply-context"
      },
      {
        "url" : "value",
        "valueString" : "true"
      }],
      "url" : "http://hl7.org/fhir/tools/StructureDefinition/ig-parameter"
    },
    {
      "extension" : [{
        "url" : "code",
        "valueString" : "apply-copyright"
      },
      {
        "url" : "value",
        "valueString" : "true"
      }],
      "url" : "http://hl7.org/fhir/tools/StructureDefinition/ig-parameter"
    },
    {
      "extension" : [{
        "url" : "code",
        "valueString" : "apply-jurisdiction"
      },
      {
        "url" : "value",
        "valueString" : "true"
      }],
      "url" : "http://hl7.org/fhir/tools/StructureDefinition/ig-parameter"
    },
    {
      "extension" : [{
        "url" : "code",
        "valueString" : "apply-license"
      },
      {
        "url" : "value",
        "valueString" : "true"
      }],
      "url" : "http://hl7.org/fhir/tools/StructureDefinition/ig-parameter"
    },
    {
      "extension" : [{
        "url" : "code",
        "valueString" : "apply-publisher"
      },
      {
        "url" : "value",
        "valueString" : "true"
      }],
      "url" : "http://hl7.org/fhir/tools/StructureDefinition/ig-parameter"
    },
    {
      "extension" : [{
        "url" : "code",
        "valueString" : "apply-version"
      },
      {
        "url" : "value",
        "valueString" : "true"
      }],
      "url" : "http://hl7.org/fhir/tools/StructureDefinition/ig-parameter"
    },
    {
      "extension" : [{
        "url" : "code",
        "valueString" : "apply-wg"
      },
      {
        "url" : "value",
        "valueString" : "true"
      }],
      "url" : "http://hl7.org/fhir/tools/StructureDefinition/ig-parameter"
    },
    {
      "extension" : [{
        "url" : "code",
        "valueString" : "active-tables"
      },
      {
        "url" : "value",
        "valueString" : "true"
      }],
      "url" : "http://hl7.org/fhir/tools/StructureDefinition/ig-parameter"
    },
    {
      "extension" : [{
        "url" : "code",
        "valueString" : "fmm-definition"
      },
      {
        "url" : "value",
        "valueString" : "http://hl7.org/fhir/versions.html#maturity"
      }],
      "url" : "http://hl7.org/fhir/tools/StructureDefinition/ig-parameter"
    },
    {
      "extension" : [{
        "url" : "code",
        "valueString" : "propagate-status"
      },
      {
        "url" : "value",
        "valueString" : "true"
      }],
      "url" : "http://hl7.org/fhir/tools/StructureDefinition/ig-parameter"
    },
    {
      "extension" : [{
        "url" : "code",
        "valueString" : "excludelogbinaryformat"
      },
      {
        "url" : "value",
        "valueString" : "true"
      }],
      "url" : "http://hl7.org/fhir/tools/StructureDefinition/ig-parameter"
    },
    {
      "extension" : [{
        "url" : "code",
        "valueString" : "tabbed-snapshots"
      },
      {
        "url" : "value",
        "valueString" : "true"
      }],
      "url" : "http://hl7.org/fhir/tools/StructureDefinition/ig-parameter"
    },
    {
      "url" : "http://hl7.org/fhir/tools/StructureDefinition/ig-internal-dependency",
      "valueCode" : "hl7.fhir.uv.tools.r4#0.5.0"
    },
    {
      "extension" : [{
        "url" : "code",
        "valueCode" : "copyrightyear"
      },
      {
        "url" : "value",
        "valueString" : "2025+"
      }],
      "url" : "http://hl7.org/fhir/tools/StructureDefinition/ig-parameter"
    },
    {
      "extension" : [{
        "url" : "code",
        "valueCode" : "releaselabel"
      },
      {
        "url" : "value",
        "valueString" : "ci-build"
      }],
      "url" : "http://hl7.org/fhir/tools/StructureDefinition/ig-parameter"
    },
    {
      "extension" : [{
        "url" : "code",
        "valueCode" : "autoload-resources"
      },
      {
        "url" : "value",
        "valueString" : "true"
      }],
      "url" : "http://hl7.org/fhir/tools/StructureDefinition/ig-parameter"
    },
    {
      "extension" : [{
        "url" : "code",
        "valueCode" : "path-liquid"
      },
      {
        "url" : "value",
        "valueString" : "template/liquid"
      }],
      "url" : "http://hl7.org/fhir/tools/StructureDefinition/ig-parameter"
    },
    {
      "extension" : [{
        "url" : "code",
        "valueCode" : "path-liquid"
      },
      {
        "url" : "value",
        "valueString" : "input/liquid"
      }],
      "url" : "http://hl7.org/fhir/tools/StructureDefinition/ig-parameter"
    },
    {
      "extension" : [{
        "url" : "code",
        "valueCode" : "path-qa"
      },
      {
        "url" : "value",
        "valueString" : "temp/qa"
      }],
      "url" : "http://hl7.org/fhir/tools/StructureDefinition/ig-parameter"
    },
    {
      "extension" : [{
        "url" : "code",
        "valueCode" : "path-temp"
      },
      {
        "url" : "value",
        "valueString" : "temp/pages"
      }],
      "url" : "http://hl7.org/fhir/tools/StructureDefinition/ig-parameter"
    },
    {
      "extension" : [{
        "url" : "code",
        "valueCode" : "path-output"
      },
      {
        "url" : "value",
        "valueString" : "output"
      }],
      "url" : "http://hl7.org/fhir/tools/StructureDefinition/ig-parameter"
    },
    {
      "extension" : [{
        "url" : "code",
        "valueCode" : "path-suppressed-warnings"
      },
      {
        "url" : "value",
        "valueString" : "input/ignoreWarnings.txt"
      }],
      "url" : "http://hl7.org/fhir/tools/StructureDefinition/ig-parameter"
    },
    {
      "extension" : [{
        "url" : "code",
        "valueCode" : "path-history"
      },
      {
        "url" : "value",
        "valueString" : "https://nphcda.gov.ng/immunizationIG/history.html"
      }],
      "url" : "http://hl7.org/fhir/tools/StructureDefinition/ig-parameter"
    },
    {
      "extension" : [{
        "url" : "code",
        "valueCode" : "template-html"
      },
      {
        "url" : "value",
        "valueString" : "template-page.html"
      }],
      "url" : "http://hl7.org/fhir/tools/StructureDefinition/ig-parameter"
    },
    {
      "extension" : [{
        "url" : "code",
        "valueCode" : "template-md"
      },
      {
        "url" : "value",
        "valueString" : "template-page-md.html"
      }],
      "url" : "http://hl7.org/fhir/tools/StructureDefinition/ig-parameter"
    },
    {
      "extension" : [{
        "url" : "code",
        "valueCode" : "apply-contact"
      },
      {
        "url" : "value",
        "valueString" : "true"
      }],
      "url" : "http://hl7.org/fhir/tools/StructureDefinition/ig-parameter"
    },
    {
      "extension" : [{
        "url" : "code",
        "valueCode" : "apply-context"
      },
      {
        "url" : "value",
        "valueString" : "true"
      }],
      "url" : "http://hl7.org/fhir/tools/StructureDefinition/ig-parameter"
    },
    {
      "extension" : [{
        "url" : "code",
        "valueCode" : "apply-copyright"
      },
      {
        "url" : "value",
        "valueString" : "true"
      }],
      "url" : "http://hl7.org/fhir/tools/StructureDefinition/ig-parameter"
    },
    {
      "extension" : [{
        "url" : "code",
        "valueCode" : "apply-jurisdiction"
      },
      {
        "url" : "value",
        "valueString" : "true"
      }],
      "url" : "http://hl7.org/fhir/tools/StructureDefinition/ig-parameter"
    },
    {
      "extension" : [{
        "url" : "code",
        "valueCode" : "apply-license"
      },
      {
        "url" : "value",
        "valueString" : "true"
      }],
      "url" : "http://hl7.org/fhir/tools/StructureDefinition/ig-parameter"
    },
    {
      "extension" : [{
        "url" : "code",
        "valueCode" : "apply-publisher"
      },
      {
        "url" : "value",
        "valueString" : "true"
      }],
      "url" : "http://hl7.org/fhir/tools/StructureDefinition/ig-parameter"
    },
    {
      "extension" : [{
        "url" : "code",
        "valueCode" : "apply-version"
      },
      {
        "url" : "value",
        "valueString" : "true"
      }],
      "url" : "http://hl7.org/fhir/tools/StructureDefinition/ig-parameter"
    },
    {
      "extension" : [{
        "url" : "code",
        "valueCode" : "apply-wg"
      },
      {
        "url" : "value",
        "valueString" : "true"
      }],
      "url" : "http://hl7.org/fhir/tools/StructureDefinition/ig-parameter"
    },
    {
      "extension" : [{
        "url" : "code",
        "valueCode" : "active-tables"
      },
      {
        "url" : "value",
        "valueString" : "true"
      }],
      "url" : "http://hl7.org/fhir/tools/StructureDefinition/ig-parameter"
    },
    {
      "extension" : [{
        "url" : "code",
        "valueCode" : "fmm-definition"
      },
      {
        "url" : "value",
        "valueString" : "http://hl7.org/fhir/versions.html#maturity"
      }],
      "url" : "http://hl7.org/fhir/tools/StructureDefinition/ig-parameter"
    },
    {
      "extension" : [{
        "url" : "code",
        "valueCode" : "propagate-status"
      },
      {
        "url" : "value",
        "valueString" : "true"
      }],
      "url" : "http://hl7.org/fhir/tools/StructureDefinition/ig-parameter"
    },
    {
      "extension" : [{
        "url" : "code",
        "valueCode" : "excludelogbinaryformat"
      },
      {
        "url" : "value",
        "valueString" : "true"
      }],
      "url" : "http://hl7.org/fhir/tools/StructureDefinition/ig-parameter"
    },
    {
      "extension" : [{
        "url" : "code",
        "valueCode" : "tabbed-snapshots"
      },
      {
        "url" : "value",
        "valueString" : "true"
      }],
      "url" : "http://hl7.org/fhir/tools/StructureDefinition/ig-parameter"
    }],
    "resource" : [{
      "extension" : [{
        "url" : "http://hl7.org/fhir/tools/StructureDefinition/resource-information",
        "valueString" : "CodeSystem"
      }],
      "reference" : {
        "reference" : "CodeSystem/nigeria-immunization-contraindication"
      },
      "name" : " NG Vaccine contraindications",
      "description" : "A set of standardized codes used to represent clinical conditions, diagnoses, or circumstances that serve as contraindications to the administration of one or more vaccines.",
      "exampleBoolean" : false
    },
    {
      "extension" : [{
        "url" : "http://hl7.org/fhir/tools/StructureDefinition/resource-information",
        "valueString" : "StructureDefinition:logical"
      }],
      "reference" : {
        "reference" : "StructureDefinition/register-facility-model"
      },
      "name" : "A - Register Facility [information only]",
      "description" : "IMMZ.A - A logical model representing a health facility being registered in the immunization system.",
      "exampleBoolean" : false
    },
    {
      "extension" : [{
        "url" : "http://hl7.org/fhir/tools/StructureDefinition/resource-information",
        "valueString" : "ValueSet"
      }],
      "reference" : {
        "reference" : "ValueSet/nigeria-lgas"
      },
      "name" : "Administrative LGAs",
      "description" : "The administrative Local Government Aread where a person or a facility is.",
      "exampleBoolean" : false
    },
    {
      "extension" : [{
        "url" : "http://hl7.org/fhir/tools/StructureDefinition/resource-information",
        "valueString" : "ValueSet"
      }],
      "reference" : {
        "reference" : "ValueSet/nigeria-verifiction-status"
      },
      "name" : "AEFI Verification Status",
      "description" : "AEFI Verification Status",
      "exampleBoolean" : false
    },
    {
      "extension" : [{
        "url" : "http://hl7.org/fhir/tools/StructureDefinition/implementationguide-resource-format",
        "valueCode" : "application/fhir+json"
      },
      {
        "url" : "http://hl7.org/fhir/tools/StructureDefinition/resource-information",
        "valueString" : "Binary"
      }],
      "reference" : {
        "reference" : "Binary/AEFI-Case-Report-202503"
      },
      "name" : "AEFI-Case-Report-202503",
      "exampleCanonical" : "https://nphcda.gov.ng/immunizationIG/StructureDefinition/IMMZGGenerateReport"
    },
    {
      "extension" : [{
        "url" : "http://hl7.org/fhir/tools/StructureDefinition/resource-information",
        "valueString" : "ValueSet"
      }],
      "reference" : {
        "reference" : "ValueSet/nigeria-allergy-severity"
      },
      "name" : "Allergy Severity",
      "description" : "Vaccine reaction Severity",
      "exampleBoolean" : false
    },
    {
      "extension" : [{
        "url" : "http://hl7.org/fhir/tools/StructureDefinition/resource-information",
        "valueString" : "StructureDefinition:logical"
      }],
      "reference" : {
        "reference" : "StructureDefinition/register-client-model"
      },
      "name" : "C5 - Register Client [information only]",
      "description" : "IMMZ.C5 - A logical model representing a client being registered in the immunization system.",
      "exampleBoolean" : false
    },
    {
      "extension" : [{
        "url" : "http://hl7.org/fhir/tools/StructureDefinition/resource-information",
        "valueString" : "StructureDefinition:logical"
      }],
      "reference" : {
        "reference" : "StructureDefinition/UpdateClientHistory"
      },
      "name" : "C6 - Update Client History [information only]",
      "description" : "IMMZ.C6 - A logical model for tracking client immunization history updates.",
      "exampleBoolean" : false
    },
    {
      "extension" : [{
        "url" : "http://hl7.org/fhir/tools/StructureDefinition/resource-information",
        "valueString" : "StructureDefinition:extension"
      }],
      "reference" : {
        "reference" : "StructureDefinition/age-in-months"
      },
      "name" : "Client Age in Months",
      "description" : "Age of the Immunization Client recorded in months",
      "exampleBoolean" : false
    },
    {
      "extension" : [{
        "url" : "http://hl7.org/fhir/tools/StructureDefinition/resource-information",
        "valueString" : "StructureDefinition:extension"
      }],
      "reference" : {
        "reference" : "StructureDefinition/age-in-weeks"
      },
      "name" : "Client Age in Weeks",
      "description" : "Age of the Immunization Client recorded in weeks",
      "exampleBoolean" : false
    },
    {
      "extension" : [{
        "url" : "http://hl7.org/fhir/tools/StructureDefinition/resource-information",
        "valueString" : "StructureDefinition:extension"
      }],
      "reference" : {
        "reference" : "StructureDefinition/age-in-years"
      },
      "name" : "Client Age in Years",
      "description" : "Age of the Immunization Client recorded in years",
      "exampleBoolean" : false
    },
    {
      "extension" : [{
        "url" : "http://hl7.org/fhir/tools/StructureDefinition/resource-information",
        "valueString" : "ValueSet"
      }],
      "reference" : {
        "reference" : "ValueSet/nigeria-hiv-status"
      },
      "name" : "Client HIV Status",
      "description" : "Client HIV Status",
      "exampleBoolean" : false
    },
    {
      "extension" : [{
        "url" : "http://hl7.org/fhir/tools/StructureDefinition/resource-information",
        "valueString" : "ValueSet"
      }],
      "reference" : {
        "reference" : "ValueSet/nigeria-pregnancy-status"
      },
      "name" : "Client Preganancy Status",
      "description" : "Client Pregnancy Status",
      "exampleBoolean" : false
    },
    {
      "extension" : [{
        "url" : "http://hl7.org/fhir/tools/StructureDefinition/resource-information",
        "valueString" : "StructureDefinition:extension"
      }],
      "reference" : {
        "reference" : "StructureDefinition/hiv-status"
      },
      "name" : "Client's HIV status",
      "description" : "The HIV status (positive, negative, or unknown) of the Immunization Client",
      "exampleBoolean" : false
    },
    {
      "extension" : [{
        "url" : "http://hl7.org/fhir/tools/StructureDefinition/resource-information",
        "valueString" : "StructureDefinition:extension"
      }],
      "reference" : {
        "reference" : "StructureDefinition/pregnancy-status"
      },
      "name" : "Client's Pregnancy status",
      "description" : "The Pregnancy status (pregnant or not-pregnant) of the Immunization Client",
      "exampleBoolean" : false
    },
    {
      "extension" : [{
        "url" : "http://hl7.org/fhir/tools/StructureDefinition/resource-information",
        "valueString" : "StructureDefinition:extension"
      }],
      "reference" : {
        "reference" : "StructureDefinition/contraindications"
      },
      "name" : "Contraindications",
      "description" : "Indicates specific situations in which it is not recommended to administer certain vaccines (e.g severe AEFI, History of Anaphylactic reactions, Symptomatic HIV infection)",
      "exampleBoolean" : false
    },
    {
      "extension" : [{
        "url" : "http://hl7.org/fhir/tools/StructureDefinition/resource-information",
        "valueString" : "StructureDefinition:logical"
      }],
      "reference" : {
        "reference" : "StructureDefinition/AdministerVaccine"
      },
      "name" : "D - Administer Vaccine [information only]",
      "description" : "IMMZ.D - A logical model for capturing vaccine administration details",
      "exampleBoolean" : false
    },
    {
      "extension" : [{
        "url" : "http://hl7.org/fhir/tools/StructureDefinition/resource-information",
        "valueString" : "StructureDefinition:extension"
      }],
      "reference" : {
        "reference" : "StructureDefinition/date-client-created"
      },
      "name" : "Date client record was created",
      "description" : "Date the client record was first created",
      "exampleBoolean" : false
    },
    {
      "extension" : [{
        "url" : "http://hl7.org/fhir/tools/StructureDefinition/resource-information",
        "valueString" : "StructureDefinition:extension"
      }],
      "reference" : {
        "reference" : "StructureDefinition/signature"
      },
      "name" : "Digital Signature",
      "description" : "A digital or electronic signature capturing who signed, when, type, and signature data.",
      "exampleBoolean" : false
    },
    {
      "extension" : [{
        "url" : "http://hl7.org/fhir/tools/StructureDefinition/resource-information",
        "valueString" : "StructureDefinition:logical"
      }],
      "reference" : {
        "reference" : "StructureDefinition/manage-aefi"
      },
      "name" : "E - Manage & Report AEFI [information only]",
      "description" : "IMMZ.E - A logical model for recording and managing AEFI treatment.",
      "exampleBoolean" : false
    },
    {
      "extension" : [{
        "url" : "http://hl7.org/fhir/tools/StructureDefinition/resource-information",
        "valueString" : "Immunization"
      }],
      "reference" : {
        "reference" : "Immunization/ExampleNgImmImmunizationCompleted"
      },
      "name" : "Example Completed BCG Immunization for Newborn",
      "description" : "An example of a completed BCG immunization event",
      "exampleCanonical" : "https://nphcda.gov.ng/immunizationIG/StructureDefinition/NgImmImmunization"
    },
    {
      "extension" : [{
        "url" : "http://hl7.org/fhir/tools/StructureDefinition/resource-information",
        "valueString" : "Patient"
      }],
      "reference" : {
        "reference" : "Patient/FullExampleNgImmPatient"
      },
      "name" : "Example Full Nigeria Immunization Patient",
      "description" : "A Nigeria Immunization Patient instance with all required and optional fields populated",
      "exampleCanonical" : "https://nphcda.gov.ng/immunizationIG/StructureDefinition/NgImmPatient"
    },
    {
      "extension" : [{
        "url" : "http://hl7.org/fhir/tools/StructureDefinition/resource-information",
        "valueString" : "Patient"
      }],
      "reference" : {
        "reference" : "Patient/ExampleNgImmPatient"
      },
      "name" : "Example Nigeria Immunization Patient",
      "description" : "A sample patient conforming to the Nigeria Immunization Patient profile",
      "exampleCanonical" : "https://nphcda.gov.ng/immunizationIG/StructureDefinition/NgImmPatient"
    },
    {
      "extension" : [{
        "url" : "http://hl7.org/fhir/tools/StructureDefinition/implementationguide-resource-format",
        "valueCode" : "application/fhir+json"
      },
      {
        "url" : "http://hl7.org/fhir/tools/StructureDefinition/resource-information",
        "valueString" : "Binary"
      }],
      "reference" : {
        "reference" : "Binary/example-register-client"
      },
      "name" : "Example Register Client",
      "description" : "Example instance of a client being registered in the IMMZ system.",
      "exampleCanonical" : "https://nphcda.gov.ng/immunizationIG/StructureDefinition/register-client-model"
    },
    {
      "extension" : [{
        "url" : "http://hl7.org/fhir/tools/StructureDefinition/resource-information",
        "valueString" : "RelatedPerson"
      }],
      "reference" : {
        "reference" : "RelatedPerson/Child1"
      },
      "name" : "Example Sibling - Mother's Other Child",
      "description" : "An example of a mother's other child as a RelatedPerson resource.",
      "exampleCanonical" : "https://nphcda.gov.ng/immunizationIG/StructureDefinition/mother-other-children"
    },
    {
      "extension" : [{
        "url" : "http://hl7.org/fhir/tools/StructureDefinition/resource-information",
        "valueString" : "Patient"
      }],
      "reference" : {
        "reference" : "Patient/ExampleNgPatientAdminWard"
      },
      "name" : "ExampleNgPatientAdminWard",
      "exampleCanonical" : "https://nphcda.gov.ng/immunizationIG/StructureDefinition/NgImmPatient"
    },
    {
      "extension" : [{
        "url" : "http://hl7.org/fhir/tools/StructureDefinition/resource-information",
        "valueString" : "AllergyIntolerance"
      }],
      "reference" : {
        "reference" : "AllergyIntolerance/FullExampleNgAllergyIntolerance"
      },
      "name" : "FullExampleNgAllergyIntolerance",
      "exampleCanonical" : "https://nphcda.gov.ng/immunizationIG/StructureDefinition/allergy-intolerance-profile"
    },
    {
      "extension" : [{
        "url" : "http://hl7.org/fhir/tools/StructureDefinition/resource-information",
        "valueString" : "StructureDefinition:logical"
      }],
      "reference" : {
        "reference" : "StructureDefinition/DefaulterTracking"
      },
      "name" : "G - Defaulter Tracking [information only]",
      "description" : "IMMZ.G - A logical model for tracking immunization defaulters.",
      "exampleBoolean" : false
    },
    {
      "extension" : [{
        "url" : "http://hl7.org/fhir/tools/StructureDefinition/resource-information",
        "valueString" : "ValueSet"
      }],
      "reference" : {
        "reference" : "ValueSet/nigeria-gender"
      },
      "name" : "Gender or Sex",
      "description" : "The administrative gender of a person.",
      "exampleBoolean" : false
    },
    {
      "extension" : [{
        "url" : "http://hl7.org/fhir/tools/StructureDefinition/resource-information",
        "valueString" : "StructureDefinition:logical"
      }],
      "reference" : {
        "reference" : "StructureDefinition/IMMZGGenerateReport"
      },
      "name" : "H - Generate Report [information only]",
      "description" : "IMMZ.H - Data elements for the IMMZ.G Report Generation Data Dictionary.",
      "exampleBoolean" : false
    },
    {
      "extension" : [{
        "url" : "http://hl7.org/fhir/tools/StructureDefinition/resource-information",
        "valueString" : "ValueSet"
      }],
      "reference" : {
        "reference" : "ValueSet/nigeria-facility-types"
      },
      "name" : "Health Facility Type",
      "description" : " .",
      "exampleBoolean" : false
    },
    {
      "extension" : [{
        "url" : "http://hl7.org/fhir/tools/StructureDefinition/implementationguide-resource-format",
        "valueCode" : "application/fhir+json"
      },
      {
        "url" : "http://hl7.org/fhir/tools/StructureDefinition/resource-information",
        "valueString" : "Binary"
      }],
      "reference" : {
        "reference" : "Binary/manage-aefi-example"
      },
      "name" : "manage-aefi-example",
      "exampleCanonical" : "https://nphcda.gov.ng/immunizationIG/StructureDefinition/manage-aefi"
    },
    {
      "extension" : [{
        "url" : "http://hl7.org/fhir/tools/StructureDefinition/resource-information",
        "valueString" : "MeasureReport"
      }],
      "reference" : {
        "reference" : "MeasureReport/ExampleNgImmMeasureReport"
      },
      "name" : "Monthly Immunization Coverage Summary - BCG",
      "description" : "An example of a summary MeasureReport generated for BCG coverage at a facility",
      "exampleCanonical" : "https://nphcda.gov.ng/immunizationIG/StructureDefinition/measure-report-profile"
    },
    {
      "extension" : [{
        "url" : "http://hl7.org/fhir/tools/StructureDefinition/resource-information",
        "valueString" : "StructureDefinition:extension"
      }],
      "reference" : {
        "reference" : "StructureDefinition/next-dose-date"
      },
      "name" : "Next Dose Date",
      "description" : "The recommended due date for the next vaccine dose in the schedule.",
      "exampleBoolean" : false
    },
    {
      "extension" : [{
        "url" : "http://hl7.org/fhir/tools/StructureDefinition/resource-information",
        "valueString" : "CodeSystem"
      }],
      "reference" : {
        "reference" : "CodeSystem/nigeria-wards"
      },
      "name" : "NG Administrative Wards",
      "description" : "This CodeSystem defines ward codes and names mapped to their respective Local Government Areas (LGAs) in Nigeria.",
      "exampleBoolean" : false
    },
    {
      "extension" : [{
        "url" : "http://hl7.org/fhir/tools/StructureDefinition/resource-information",
        "valueString" : "CodeSystem"
      }],
      "reference" : {
        "reference" : "CodeSystem/nigeria-clinical-status"
      },
      "name" : "NG Adverse Event Clinical Status",
      "description" : "A classification system that represents the current clinical status of an individual who experienced an Adverse Event Following Immunization (AEFI), based on medical observation, investigation, or follow-up assessment.",
      "exampleBoolean" : false
    },
    {
      "extension" : [{
        "url" : "http://hl7.org/fhir/tools/StructureDefinition/resource-information",
        "valueString" : "CodeSystem"
      }],
      "reference" : {
        "reference" : "CodeSystem/nigeria-hiv-status"
      },
      "name" : "NG Client HIV status",
      "description" : "This CodeSystem defines list of options for HIV status of a Client",
      "exampleBoolean" : false
    },
    {
      "extension" : [{
        "url" : "http://hl7.org/fhir/tools/StructureDefinition/resource-information",
        "valueString" : "CodeSystem"
      }],
      "reference" : {
        "reference" : "CodeSystem/nigeria-pregnancy-status"
      },
      "name" : "NG Client Pregnancy status",
      "description" : "This CodeSystem defines list of options for Pregnancy status of a Client",
      "exampleBoolean" : false
    },
    {
      "extension" : [{
        "url" : "http://hl7.org/fhir/tools/StructureDefinition/resource-information",
        "valueString" : "Organization"
      }],
      "reference" : {
        "reference" : "Organization/organization-example"
      },
      "name" : "NG Example Organization",
      "exampleCanonical" : "https://nphcda.gov.ng/immunizationIG/StructureDefinition/ng-imm-organization"
    },
    {
      "extension" : [{
        "url" : "http://hl7.org/fhir/tools/StructureDefinition/resource-information",
        "valueString" : "CodeSystem"
      }],
      "reference" : {
        "reference" : "CodeSystem/nigeria-facility-type"
      },
      "name" : "NG Facility Type",
      "description" : "A standardized classification system used to describe the type or level of health facility within a healthcare delivery system, based on the scope of services provided, staffing, infrastructure, and administrative role.",
      "exampleBoolean" : false
    },
    {
      "extension" : [{
        "url" : "http://hl7.org/fhir/tools/StructureDefinition/resource-information",
        "valueString" : "CodeSystem"
      }],
      "reference" : {
        "reference" : "CodeSystem/nigeria-gender"
      },
      "name" : "NG Gender or Sex",
      "description" : "Codes for the administrative gender or sex of a person, used in demographic and administrative contexts.",
      "exampleBoolean" : false
    },
    {
      "extension" : [{
        "url" : "http://hl7.org/fhir/tools/StructureDefinition/resource-information",
        "valueString" : "CodeSystem"
      }],
      "reference" : {
        "reference" : "CodeSystem/nigeria-immunization-session-type"
      },
      "name" : "NG Immunization Session types",
      "description" : "A standardized classification of vaccine types administered for the prevention of specific diseases, identified by the antigen or disease target (e.g., BCG, HepB, OPV, Pentavalent, MR).",
      "exampleBoolean" : false
    },
    {
      "extension" : [{
        "url" : "http://hl7.org/fhir/tools/StructureDefinition/resource-information",
        "valueString" : "CodeSystem"
      }],
      "reference" : {
        "reference" : "CodeSystem/nigeria-lgas"
      },
      "name" : "NG LGAs in Nigeria",
      "description" : "This CodeSystem defines LGA codes and names mapped to their respective States in Nigeria.",
      "exampleBoolean" : false
    },
    {
      "extension" : [{
        "url" : "http://hl7.org/fhir/tools/StructureDefinition/resource-information",
        "valueString" : "CodeSystem"
      }],
      "reference" : {
        "reference" : "CodeSystem/nigeria-allergy-severity"
      },
      "name" : "NG Reaction Severity",
      "description" : "This CodeSystem captures the assessed severity of an allergic reaction following immunization.",
      "exampleBoolean" : false
    },
    {
      "extension" : [{
        "url" : "http://hl7.org/fhir/tools/StructureDefinition/resource-information",
        "valueString" : "CodeSystem"
      }],
      "reference" : {
        "reference" : "CodeSystem/nigeria-sibling-health-status"
      },
      "name" : "NG Sibling Health Status",
      "description" : "This CodeSystem defines list of relationships that a part of this IG",
      "exampleBoolean" : false
    },
    {
      "extension" : [{
        "url" : "http://hl7.org/fhir/tools/StructureDefinition/resource-information",
        "valueString" : "CodeSystem"
      }],
      "reference" : {
        "reference" : "CodeSystem/nigeria-states"
      },
      "name" : "NG States in Nigeria",
      "description" : "This CodeSystem defines ward codes and names mapped to their respective States in Nigeria.",
      "exampleBoolean" : false
    },
    {
      "extension" : [{
        "url" : "http://hl7.org/fhir/tools/StructureDefinition/resource-information",
        "valueString" : "CodeSystem"
      }],
      "reference" : {
        "reference" : "CodeSystem/NGStockReportCS"
      },
      "name" : "NG Stock Management Data Elements",
      "description" : "CodeSystem for Stock Management Data Elements",
      "exampleBoolean" : false
    },
    {
      "extension" : [{
        "url" : "http://hl7.org/fhir/tools/StructureDefinition/resource-information",
        "valueString" : "CodeSystem"
      }],
      "reference" : {
        "reference" : "CodeSystem/nigeria-vaccine-library"
      },
      "name" : "NG Vaccine Library with SNOMED CT codes",
      "description" : "CodeSystem for IMMZ.Z Vaccine Library Data Elements supported by this IG using SNOMED CT codes",
      "exampleBoolean" : false
    },
    {
      "extension" : [{
        "url" : "http://hl7.org/fhir/tools/StructureDefinition/resource-information",
        "valueString" : "CodeSystem"
      }],
      "reference" : {
        "reference" : "CodeSystem/nigeria-immunization-site"
      },
      "name" : "NG Vaccine Site",
      "description" : "This CodeSystem captures the specific anatomical location on the patient’s body where a vaccine was administered.",
      "exampleBoolean" : false
    },
    {
      "extension" : [{
        "url" : "http://hl7.org/fhir/tools/StructureDefinition/resource-information",
        "valueString" : "StructureDefinition:resource"
      }],
      "reference" : {
        "reference" : "StructureDefinition/allergy-intolerance-profile"
      },
      "name" : "NgImmAllergyIntolerance",
      "description" : "Nigeria Immunization Allergy Intolerance Profile",
      "exampleBoolean" : false
    },
    {
      "extension" : [{
        "url" : "http://hl7.org/fhir/tools/StructureDefinition/resource-information",
        "valueString" : "StructureDefinition:resource"
      }],
      "reference" : {
        "reference" : "StructureDefinition/NgImmImmunization"
      },
      "name" : "NgImmImmunization",
      "description" : "Nigerian Profile for Immunization resource.",
      "exampleBoolean" : false
    },
    {
      "extension" : [{
        "url" : "http://hl7.org/fhir/tools/StructureDefinition/resource-information",
        "valueString" : "StructureDefinition:resource"
      }],
      "reference" : {
        "reference" : "StructureDefinition/measure-report-profile"
      },
      "name" : "NgImmMeasureReport",
      "description" : "Nigeria Immunization Measure Report Profile",
      "exampleBoolean" : false
    },
    {
      "extension" : [{
        "url" : "http://hl7.org/fhir/tools/StructureDefinition/resource-information",
        "valueString" : "StructureDefinition:resource"
      }],
      "reference" : {
        "reference" : "StructureDefinition/ng-imm-organization"
      },
      "name" : "NgImmOrganization",
      "description" : "An organization profile representing healthcare facilities responsible for immunization services or other types of organizations.",
      "exampleBoolean" : false
    },
    {
      "extension" : [{
        "url" : "http://hl7.org/fhir/tools/StructureDefinition/resource-information",
        "valueString" : "StructureDefinition:resource"
      }],
      "reference" : {
        "reference" : "StructureDefinition/NgImmPatient"
      },
      "name" : "NgImmPatient",
      "description" : "Nigeria Immunization Patient Profile",
      "exampleBoolean" : false
    },
    {
      "extension" : [{
        "url" : "http://hl7.org/fhir/tools/StructureDefinition/resource-information",
        "valueString" : "StructureDefinition:resource"
      }],
      "reference" : {
        "reference" : "StructureDefinition/NgImmPractitioner"
      },
      "name" : "NgImmPractitioner",
      "description" : "Profile for a Nigerian Practitioner",
      "exampleBoolean" : false
    },
    {
      "extension" : [{
        "url" : "http://hl7.org/fhir/tools/StructureDefinition/resource-information",
        "valueString" : "Practitioner"
      }],
      "reference" : {
        "reference" : "Practitioner/ng-practitioner-example"
      },
      "name" : "NgImmPractitionerExample",
      "description" : "An example of a Nigerian Routine Immunization Officer",
      "exampleCanonical" : "https://nphcda.gov.ng/immunizationIG/StructureDefinition/NgImmPractitioner"
    },
    {
      "extension" : [{
        "url" : "http://hl7.org/fhir/tools/StructureDefinition/resource-information",
        "valueString" : "StructureDefinition:resource"
      }],
      "reference" : {
        "reference" : "StructureDefinition/mother-other-children"
      },
      "name" : "NgImmSiblingRelatedPerson",
      "description" : "Sibling that Represents the mother's other children as RelatedPersons.",
      "exampleBoolean" : false
    },
    {
      "extension" : [{
        "url" : "http://hl7.org/fhir/tools/StructureDefinition/resource-information",
        "valueString" : "StructureDefinition:extension"
      }],
      "reference" : {
        "reference" : "StructureDefinition/nigeria-administrative-ward"
      },
      "name" : "Nigeria Administrative Wards ",
      "description" : "Captures the administrative ward within a geographic address",
      "exampleBoolean" : false
    },
    {
      "extension" : [{
        "url" : "http://hl7.org/fhir/tools/StructureDefinition/resource-information",
        "valueString" : "CapabilityStatement"
      }],
      "reference" : {
        "reference" : "CapabilityStatement/NgImmCapabilityStatementClient"
      },
      "name" : "Nigeria Immunization Client CapabilityStatement",
      "description" : "Describes expected behavior of clients consuming immunization services using the Nigerian profiles.",
      "exampleBoolean" : false
    },
    {
      "extension" : [{
        "url" : "http://hl7.org/fhir/tools/StructureDefinition/resource-information",
        "valueString" : "StructureDefinition:resource"
      }],
      "reference" : {
        "reference" : "StructureDefinition/ngimm-measure"
      },
      "name" : "Nigeria Immunization Measure Definition",
      "description" : "A profile on the Measure resource used to define immunization indicators within Nigeria's routine immunization program.",
      "exampleBoolean" : false
    },
    {
      "extension" : [{
        "url" : "http://hl7.org/fhir/tools/StructureDefinition/resource-information",
        "valueString" : "CapabilityStatement"
      }],
      "reference" : {
        "reference" : "CapabilityStatement/NgImmCapabilityStatementServer"
      },
      "name" : "Nigeria Immunization Server CapabilityStatement",
      "description" : "Describes the expected behavior of systems serving immunization data based on the NgImmPatient and NgImmImmunization profiles.",
      "exampleBoolean" : false
    },
    {
      "extension" : [{
        "url" : "http://hl7.org/fhir/tools/StructureDefinition/resource-information",
        "valueString" : "StructureDefinition:extension"
      }],
      "reference" : {
        "reference" : "StructureDefinition/primary-vaccine-status"
      },
      "name" : "Primary Vaccine Status",
      "description" : "Indicates whether the immunization patient has completed the full primary vaccine series",
      "exampleBoolean" : false
    },
    {
      "extension" : [{
        "url" : "http://hl7.org/fhir/tools/StructureDefinition/resource-information",
        "valueString" : "ValueSet"
      }],
      "reference" : {
        "reference" : "ValueSet/nigeria-primary-vaccine-status"
      },
      "name" : "Primary vaccine Status",
      "description" : "Primary Vaccine Status",
      "exampleBoolean" : false
    },
    {
      "extension" : [{
        "url" : "http://hl7.org/fhir/tools/StructureDefinition/resource-information",
        "valueString" : "ValueSet"
      }],
      "reference" : {
        "reference" : "ValueSet/nigeria-clinical-status"
      },
      "name" : "Reaction outcome",
      "description" : "Reaction outcome clinical Status",
      "exampleBoolean" : false
    },
    {
      "extension" : [{
        "url" : "http://hl7.org/fhir/tools/StructureDefinition/resource-information",
        "valueString" : "ValueSet"
      }],
      "reference" : {
        "reference" : "ValueSet/nigeria-Immunization-status-reason"
      },
      "name" : "Reason for missed Vaccination",
      "description" : "Reason for a Client missing the last or other vaccinations",
      "exampleBoolean" : false
    },
    {
      "extension" : [{
        "url" : "http://hl7.org/fhir/tools/StructureDefinition/resource-information",
        "valueString" : "StructureDefinition:extension"
      }],
      "reference" : {
        "reference" : "StructureDefinition/allergy-reference-dose-number"
      },
      "name" : "Reference Dose Number",
      "description" : "Reference immunization dose number for this AllergyIntolerance.",
      "exampleBoolean" : false
    },
    {
      "extension" : [{
        "url" : "http://hl7.org/fhir/tools/StructureDefinition/resource-information",
        "valueString" : "StructureDefinition:extension"
      }],
      "reference" : {
        "reference" : "StructureDefinition/allergy-reference-dose-series"
      },
      "name" : "Reference Dose Series",
      "description" : "Dose series number from the referenced Immunization.protocolApplied.doseNumber.",
      "exampleBoolean" : false
    },
    {
      "extension" : [{
        "url" : "http://hl7.org/fhir/tools/StructureDefinition/resource-information",
        "valueString" : "ValueSet"
      }],
      "reference" : {
        "reference" : "ValueSet/nigeria-relationship"
      },
      "name" : "Relationships",
      "description" : "The administrative ward where a person or a facility is.",
      "exampleBoolean" : false
    },
    {
      "extension" : [{
        "url" : "http://hl7.org/fhir/tools/StructureDefinition/implementationguide-resource-format",
        "valueCode" : "application/fhir+json"
      },
      {
        "url" : "http://hl7.org/fhir/tools/StructureDefinition/resource-information",
        "valueString" : "Binary"
      }],
      "reference" : {
        "reference" : "Binary/RoutineImmunizationReport"
      },
      "name" : "Routine Immunization Report - Facility A",
      "description" : "A routine monthly immunization report summarizing vaccine stock and usage for Facility A.",
      "exampleCanonical" : "https://nphcda.gov.ng/immunizationIG/StructureDefinition/IMMZGGenerateReport"
    },
    {
      "extension" : [{
        "url" : "http://hl7.org/fhir/tools/StructureDefinition/resource-information",
        "valueString" : "Immunization"
      }],
      "reference" : {
        "reference" : "Immunization/ExampleNgImmImmunizationNotDone"
      },
      "name" : "Scheduled Pentavalent Immunization Not Done Due to Fever",
      "description" : "An example where immunization was not done due to contraindication (fever)",
      "exampleCanonical" : "https://nphcda.gov.ng/immunizationIG/StructureDefinition/NgImmImmunization"
    },
    {
      "extension" : [{
        "url" : "http://hl7.org/fhir/tools/StructureDefinition/resource-information",
        "valueString" : "SearchParameter"
      }],
      "reference" : {
        "reference" : "SearchParameter/SearchParameter-ngimm-birthdate"
      },
      "name" : "Search by Patient birth date",
      "description" : "Search by patient birth date",
      "exampleBoolean" : false
    },
    {
      "extension" : [{
        "url" : "http://hl7.org/fhir/tools/StructureDefinition/resource-information",
        "valueString" : "SearchParameter"
      }],
      "reference" : {
        "reference" : "SearchParameter/SearchParameter-ngimm-firstname"
      },
      "name" : "Search by Patient firstname",
      "description" : "Search by patient firstname",
      "exampleBoolean" : false
    },
    {
      "extension" : [{
        "url" : "http://hl7.org/fhir/tools/StructureDefinition/resource-information",
        "valueString" : "SearchParameter"
      }],
      "reference" : {
        "reference" : "SearchParameter/SearchParameter-ngimm-gender"
      },
      "name" : "Search by Patient gender",
      "description" : "Search by patient gender",
      "exampleBoolean" : false
    },
    {
      "extension" : [{
        "url" : "http://hl7.org/fhir/tools/StructureDefinition/resource-information",
        "valueString" : "SearchParameter"
      }],
      "reference" : {
        "reference" : "SearchParameter/SearchParameter-ngimm-identifier"
      },
      "name" : "Search by Patient Identifier",
      "description" : "Search by patient identifier",
      "exampleBoolean" : false
    },
    {
      "extension" : [{
        "url" : "http://hl7.org/fhir/tools/StructureDefinition/resource-information",
        "valueString" : "SearchParameter"
      }],
      "reference" : {
        "reference" : "SearchParameter/SearchParameter-ngimm-lastname"
      },
      "name" : "Search by Patient lastname",
      "description" : "Search by patient lastname",
      "exampleBoolean" : false
    },
    {
      "extension" : [{
        "url" : "http://hl7.org/fhir/tools/StructureDefinition/resource-information",
        "valueString" : "SearchParameter"
      }],
      "reference" : {
        "reference" : "SearchParameter/SearchParameter-ngimm-lga"
      },
      "name" : "Search by Patient lga of residence",
      "description" : "Search by patient LGA of residence",
      "exampleBoolean" : false
    },
    {
      "extension" : [{
        "url" : "http://hl7.org/fhir/tools/StructureDefinition/resource-information",
        "valueString" : "SearchParameter"
      }],
      "reference" : {
        "reference" : "SearchParameter/SearchParameter-ngimm-createddate"
      },
      "name" : "Search by Patient's date of creation",
      "description" : "Search by patient's date of creation",
      "exampleBoolean" : false
    },
    {
      "extension" : [{
        "url" : "http://hl7.org/fhir/tools/StructureDefinition/resource-information",
        "valueString" : "SearchParameter"
      }],
      "reference" : {
        "reference" : "SearchParameter/SearchParameter-ngimm-state"
      },
      "name" : "Search by Patient's state of residence",
      "description" : "Search by patient's State of residence",
      "exampleBoolean" : false
    },
    {
      "extension" : [{
        "url" : "http://hl7.org/fhir/tools/StructureDefinition/resource-information",
        "valueString" : "SearchParameter"
      }],
      "reference" : {
        "reference" : "SearchParameter/SearchParameter-ngimm-immdate"
      },
      "name" : "Search Immunization records by date of vaccination",
      "description" : "Search Immunization records by date of vaccination",
      "exampleBoolean" : false
    },
    {
      "extension" : [{
        "url" : "http://hl7.org/fhir/tools/StructureDefinition/resource-information",
        "valueString" : "SearchParameter"
      }],
      "reference" : {
        "reference" : "SearchParameter/SearchParameter-ngimm-immpatient"
      },
      "name" : "Search Immunization records by patient",
      "description" : "Search Immunization records by patient",
      "exampleBoolean" : false
    },
    {
      "extension" : [{
        "url" : "http://hl7.org/fhir/tools/StructureDefinition/resource-information",
        "valueString" : "SearchParameter"
      }],
      "reference" : {
        "reference" : "SearchParameter/SearchParameter-ngimm-immstatus"
      },
      "name" : "Search Immunization records by status of immunization",
      "description" : "Search Immunization records by status (eg. completed, or not done)",
      "exampleBoolean" : false
    },
    {
      "extension" : [{
        "url" : "http://hl7.org/fhir/tools/StructureDefinition/resource-information",
        "valueString" : "SearchParameter"
      }],
      "reference" : {
        "reference" : "SearchParameter/SearchParameter-ngimm-immvaccinecode"
      },
      "name" : "Search Immunization records by vaccine code",
      "description" : "Search Immunization records by vaccination code",
      "exampleBoolean" : false
    },
    {
      "extension" : [{
        "url" : "http://hl7.org/fhir/tools/StructureDefinition/resource-information",
        "valueString" : "StructureDefinition:extension"
      }],
      "reference" : {
        "reference" : "StructureDefinition/session-type"
      },
      "name" : "Session Type",
      "description" : "Type of session for immunization (e.g., fixed-site clinic, outreach session, campaign site).",
      "exampleBoolean" : false
    },
    {
      "extension" : [{
        "url" : "http://hl7.org/fhir/tools/StructureDefinition/resource-information",
        "valueString" : "ValueSet"
      }],
      "reference" : {
        "reference" : "ValueSet/nigeria-session-type"
      },
      "name" : "Session type",
      "description" : "Session type",
      "exampleBoolean" : false
    },
    {
      "extension" : [{
        "url" : "http://hl7.org/fhir/tools/StructureDefinition/resource-information",
        "valueString" : "ValueSet"
      }],
      "reference" : {
        "reference" : "ValueSet/nigeria-sibling-health-status"
      },
      "name" : "Sibling Health Status",
      "description" : "Sibling Health Status",
      "exampleBoolean" : false
    },
    {
      "extension" : [{
        "url" : "http://hl7.org/fhir/tools/StructureDefinition/resource-information",
        "valueString" : "StructureDefinition:extension"
      }],
      "reference" : {
        "reference" : "StructureDefinition/sibling-health-status"
      },
      "name" : "Sibling's health status",
      "description" : "The health status of the Client's sibling",
      "exampleBoolean" : false
    },
    {
      "extension" : [{
        "url" : "http://hl7.org/fhir/tools/StructureDefinition/resource-information",
        "valueString" : "ValueSet"
      }],
      "reference" : {
        "reference" : "ValueSet/nigeria-states"
      },
      "name" : "States",
      "description" : "The administrative ward where a person or a facility is.",
      "exampleBoolean" : false
    },
    {
      "extension" : [{
        "url" : "http://hl7.org/fhir/tools/StructureDefinition/implementationguide-resource-format",
        "valueCode" : "application/fhir+json"
      },
      {
        "url" : "http://hl7.org/fhir/tools/StructureDefinition/resource-information",
        "valueString" : "Binary"
      }],
      "reference" : {
        "reference" : "Binary/update-client-history-example"
      },
      "name" : "update-client-history-example",
      "exampleCanonical" : "https://nphcda.gov.ng/immunizationIG/StructureDefinition/UpdateClientHistory"
    },
    {
      "extension" : [{
        "url" : "http://hl7.org/fhir/tools/StructureDefinition/resource-information",
        "valueString" : "ValueSet"
      }],
      "reference" : {
        "reference" : "ValueSet/nigeria-vaccine-contraindication"
      },
      "name" : "Vaccine Contraindication",
      "description" : "Vaccine Contraindication",
      "exampleBoolean" : false
    },
    {
      "extension" : [{
        "url" : "http://hl7.org/fhir/tools/StructureDefinition/resource-information",
        "valueString" : "ValueSet"
      }],
      "reference" : {
        "reference" : "ValueSet/nigeria-vaccine-route"
      },
      "name" : "Vaccine Route",
      "description" : "Vaccine Route",
      "exampleBoolean" : false
    },
    {
      "extension" : [{
        "url" : "http://hl7.org/fhir/tools/StructureDefinition/resource-information",
        "valueString" : "ValueSet"
      }],
      "reference" : {
        "reference" : "ValueSet/nigeria-vaccine-site"
      },
      "name" : "Vaccine Site",
      "description" : "Vaccine Site",
      "exampleBoolean" : false
    },
    {
      "extension" : [{
        "url" : "http://hl7.org/fhir/tools/StructureDefinition/implementationguide-resource-format",
        "valueCode" : "application/fhir+json"
      },
      {
        "url" : "http://hl7.org/fhir/tools/StructureDefinition/resource-information",
        "valueString" : "Binary"
      }],
      "reference" : {
        "reference" : "Binary/Vaccine-Stock-Report-202503"
      },
      "name" : "Vaccine-Stock-Report-202503",
      "exampleCanonical" : "https://nphcda.gov.ng/immunizationIG/StructureDefinition/IMMZGGenerateReport"
    },
    {
      "extension" : [{
        "url" : "http://hl7.org/fhir/tools/StructureDefinition/resource-information",
        "valueString" : "ValueSet"
      }],
      "reference" : {
        "reference" : "ValueSet/nigeria-vaccine-library"
      },
      "name" : "Vaccines",
      "description" : " .",
      "exampleBoolean" : false
    },
    {
      "extension" : [{
        "url" : "http://hl7.org/fhir/tools/StructureDefinition/resource-information",
        "valueString" : "ValueSet"
      }],
      "reference" : {
        "reference" : "ValueSet/nigeria-wards"
      },
      "name" : "Wards",
      "description" : "The administrative Ward (within an LGA) where a person or a facility is.",
      "exampleBoolean" : false
    },
    {
      "extension" : [{
        "url" : "http://hl7.org/fhir/tools/StructureDefinition/resource-information",
        "valueString" : "StructureDefinition:extension"
      }],
      "reference" : {
        "reference" : "StructureDefinition/birth-weight"
      },
      "name" : "Weight at birth",
      "description" : "Weight  of the Immunization Client at birth",
      "exampleBoolean" : false
    }],
    "page" : {
      "extension" : [{
        "url" : "http://hl7.org/fhir/tools/StructureDefinition/ig-page-name",
        "valueUrl" : "toc.html"
      }],
      "nameUrl" : "toc.html",
      "title" : "Table of Contents",
      "generation" : "html",
      "page" : [{
        "extension" : [{
          "url" : "http://hl7.org/fhir/tools/StructureDefinition/ig-page-name",
          "valueUrl" : "index.html"
        }],
        "nameUrl" : "index.html",
        "title" : "Home",
        "generation" : "markdown"
      },
      {
        "extension" : [{
          "url" : "http://hl7.org/fhir/tools/StructureDefinition/ig-page-name",
          "valueUrl" : "business-requirements.html"
        }],
        "nameUrl" : "business-requirements.html",
        "title" : "Business Requirements (DAKs)-(L2)",
        "generation" : "markdown"
      },
      {
        "extension" : [{
          "url" : "http://hl7.org/fhir/tools/StructureDefinition/ig-page-name",
          "valueUrl" : "generic-personas.html"
        }],
        "nameUrl" : "generic-personas.html",
        "title" : "Generic Personas",
        "generation" : "markdown"
      },
      {
        "extension" : [{
          "url" : "http://hl7.org/fhir/tools/StructureDefinition/ig-page-name",
          "valueUrl" : "user-scenarios.html"
        }],
        "nameUrl" : "user-scenarios.html",
        "title" : "User Scenarios",
        "generation" : "markdown"
      },
      {
        "extension" : [{
          "url" : "http://hl7.org/fhir/tools/StructureDefinition/ig-page-name",
          "valueUrl" : "business-processes.html"
        }],
        "nameUrl" : "business-processes.html",
        "title" : "Business Processes",
        "generation" : "markdown"
      },
      {
        "extension" : [{
          "url" : "http://hl7.org/fhir/tools/StructureDefinition/ig-page-name",
          "valueUrl" : "decision-support-logic.html"
        }],
        "nameUrl" : "decision-support-logic.html",
        "title" : "Decision Support Logic [TO BE TESTED and REFINED]",
        "generation" : "markdown"
      },
      {
        "extension" : [{
          "url" : "http://hl7.org/fhir/tools/StructureDefinition/ig-page-name",
          "valueUrl" : "functional-requirements.html"
        }],
        "nameUrl" : "functional-requirements.html",
        "title" : "Functional Requirements",
        "generation" : "markdown"
      },
      {
        "extension" : [{
          "url" : "http://hl7.org/fhir/tools/StructureDefinition/ig-page-name",
          "valueUrl" : "non-functional-requirements.html"
        }],
        "nameUrl" : "non-functional-requirements.html",
        "title" : "Non-Functional Requirements",
        "generation" : "markdown"
      },
      {
        "extension" : [{
          "url" : "http://hl7.org/fhir/tools/StructureDefinition/ig-page-name",
          "valueUrl" : "search-operation.html"
        }],
        "nameUrl" : "search-operation.html",
        "title" : "Search and Operation",
        "generation" : "markdown"
      }]
    },
    "parameter" : [{
      "code" : "path-resource",
      "value" : "input/capabilities"
    },
    {
      "code" : "path-resource",
      "value" : "input/examples"
    },
    {
      "code" : "path-resource",
      "value" : "input/extensions"
    },
    {
      "code" : "path-resource",
      "value" : "input/models"
    },
    {
      "code" : "path-resource",
      "value" : "input/operations"
    },
    {
      "code" : "path-resource",
      "value" : "input/profiles"
    },
    {
      "code" : "path-resource",
      "value" : "input/resources"
    },
    {
      "code" : "path-resource",
      "value" : "input/vocabulary"
    },
    {
      "code" : "path-resource",
      "value" : "input/maps"
    },
    {
      "code" : "path-resource",
      "value" : "input/testing"
    },
    {
      "code" : "path-resource",
      "value" : "input/history"
    },
    {
      "code" : "path-resource",
      "value" : "fsh-generated/resources"
    },
    {
      "code" : "path-pages",
      "value" : "template/config"
    },
    {
      "code" : "path-pages",
      "value" : "input/images"
    },
    {
      "code" : "path-tx-cache",
      "value" : "input-cache/txcache"
    }]
  }
}