{
  "resourceType" : "ImplementationGuide",
  "id" : "fhir.nigeriaImmunizationIG",
  "text" : {
    "status" : "generated",
    "div" : "<div xmlns=\"http://www.w3.org/1999/xhtml\"><p class=\"res-header-id\"><b>Generated Narrative: ImplementationGuide fhir.nigeriaImmunizationIG</b></p><a name=\"fhir.nigeriaImmunizationIG\"> </a><a name=\"hcfhir.nigeriaImmunizationIG\"> </a><h2>NigeriaimmunizationFHIRIG</h2><p>The official URL for this implementation guide is: </p><pre>https://nphcda.gov.ng/immunizationIG/ImplementationGuide/fhir.nigeriaImmunizationIG</pre><div><p>Nigeria Immunization FHIR IG</p>\n</div></div>"
  },
  "url" : "https://nphcda.gov.ng/immunizationIG/ImplementationGuide/fhir.nigeriaImmunizationIG",
  "version" : "0.5.0",
  "name" : "NigeriaimmunizationFHIRIG",
  "title" : "Nigeria Immunization FHIR IG",
  "status" : "draft",
  "date" : "2025-08-03T02:35:31+01:00",
  "publisher" : "https://nphcda.gov.ng",
  "contact" : [{
    "name" : "https://nphcda.gov.ng",
    "telecom" : [{
      "system" : "url",
      "value" : "https://nphcda.gov.ng"
    }]
  },
  {
    "name" : "Nigeria Primary Healthcare Development Agency.",
    "telecom" : [{
      "system" : "email",
      "value" : "ig@nphcda.gov.ng",
      "use" : "work"
    }]
  }],
  "description" : "Nigeria Immunization FHIR IG",
  "jurisdiction" : [{
    "coding" : [{
      "system" : "urn:iso:std:iso:3166",
      "code" : "NG",
      "display" : "Nigeria"
    }]
  }],
  "packageId" : "fhir.nigeriaImmunizationIG",
  "license" : "CC0-1.0",
  "fhirVersion" : ["4.0.1"],
  "dependsOn" : [{
    "id" : "hl7tx",
    "extension" : [{
      "url" : "http://hl7.org/fhir/tools/StructureDefinition/implementationguide-dependency-comment",
      "valueMarkdown" : "Automatically added as a dependency - all IGs depend on HL7 Terminology"
    }],
    "uri" : "http://terminology.hl7.org/ImplementationGuide/hl7.terminology",
    "packageId" : "hl7.terminology.r4",
    "version" : "6.5.0"
  },
  {
    "id" : "hl7ext",
    "extension" : [{
      "url" : "http://hl7.org/fhir/tools/StructureDefinition/implementationguide-dependency-comment",
      "valueMarkdown" : "Automatically added as a dependency - all IGs depend on the HL7 Extension Pack"
    }],
    "uri" : "http://hl7.org/fhir/extensions/ImplementationGuide/hl7.fhir.uv.extensions",
    "packageId" : "hl7.fhir.uv.extensions.r4",
    "version" : "5.3.0-ballot-tc1"
  }],
  "definition" : {
    "extension" : [{
      "extension" : [{
        "url" : "code",
        "valueString" : "copyrightyear"
      },
      {
        "url" : "value",
        "valueString" : "2025+"
      }],
      "url" : "http://hl7.org/fhir/tools/StructureDefinition/ig-parameter"
    },
    {
      "extension" : [{
        "url" : "code",
        "valueString" : "releaselabel"
      },
      {
        "url" : "value",
        "valueString" : "draft"
      }],
      "url" : "http://hl7.org/fhir/tools/StructureDefinition/ig-parameter"
    },
    {
      "extension" : [{
        "url" : "code",
        "valueString" : "autoload-resources"
      },
      {
        "url" : "value",
        "valueString" : "true"
      }],
      "url" : "http://hl7.org/fhir/tools/StructureDefinition/ig-parameter"
    },
    {
      "extension" : [{
        "url" : "code",
        "valueString" : "path-liquid"
      },
      {
        "url" : "value",
        "valueString" : "template/liquid"
      }],
      "url" : "http://hl7.org/fhir/tools/StructureDefinition/ig-parameter"
    },
    {
      "extension" : [{
        "url" : "code",
        "valueString" : "path-liquid"
      },
      {
        "url" : "value",
        "valueString" : "input/liquid"
      }],
      "url" : "http://hl7.org/fhir/tools/StructureDefinition/ig-parameter"
    },
    {
      "extension" : [{
        "url" : "code",
        "valueString" : "path-qa"
      },
      {
        "url" : "value",
        "valueString" : "temp/qa"
      }],
      "url" : "http://hl7.org/fhir/tools/StructureDefinition/ig-parameter"
    },
    {
      "extension" : [{
        "url" : "code",
        "valueString" : "path-temp"
      },
      {
        "url" : "value",
        "valueString" : "temp/pages"
      }],
      "url" : "http://hl7.org/fhir/tools/StructureDefinition/ig-parameter"
    },
    {
      "extension" : [{
        "url" : "code",
        "valueString" : "path-output"
      },
      {
        "url" : "value",
        "valueString" : "output"
      }],
      "url" : "http://hl7.org/fhir/tools/StructureDefinition/ig-parameter"
    },
    {
      "extension" : [{
        "url" : "code",
        "valueString" : "path-suppressed-warnings"
      },
      {
        "url" : "value",
        "valueString" : "input/ignoreWarnings.txt"
      }],
      "url" : "http://hl7.org/fhir/tools/StructureDefinition/ig-parameter"
    },
    {
      "extension" : [{
        "url" : "code",
        "valueString" : "path-history"
      },
      {
        "url" : "value",
        "valueString" : "https://nphcda.gov.ng/immunizationIG/history.html"
      }],
      "url" : "http://hl7.org/fhir/tools/StructureDefinition/ig-parameter"
    },
    {
      "extension" : [{
        "url" : "code",
        "valueString" : "template-html"
      },
      {
        "url" : "value",
        "valueString" : "template-page.html"
      }],
      "url" : "http://hl7.org/fhir/tools/StructureDefinition/ig-parameter"
    },
    {
      "extension" : [{
        "url" : "code",
        "valueString" : "template-md"
      },
      {
        "url" : "value",
        "valueString" : "template-page-md.html"
      }],
      "url" : "http://hl7.org/fhir/tools/StructureDefinition/ig-parameter"
    },
    {
      "extension" : [{
        "url" : "code",
        "valueString" : "apply-contact"
      },
      {
        "url" : "value",
        "valueString" : "true"
      }],
      "url" : "http://hl7.org/fhir/tools/StructureDefinition/ig-parameter"
    },
    {
      "extension" : [{
        "url" : "code",
        "valueString" : "apply-context"
      },
      {
        "url" : "value",
        "valueString" : "true"
      }],
      "url" : "http://hl7.org/fhir/tools/StructureDefinition/ig-parameter"
    },
    {
      "extension" : [{
        "url" : "code",
        "valueString" : "apply-copyright"
      },
      {
        "url" : "value",
        "valueString" : "true"
      }],
      "url" : "http://hl7.org/fhir/tools/StructureDefinition/ig-parameter"
    },
    {
      "extension" : [{
        "url" : "code",
        "valueString" : "apply-jurisdiction"
      },
      {
        "url" : "value",
        "valueString" : "true"
      }],
      "url" : "http://hl7.org/fhir/tools/StructureDefinition/ig-parameter"
    },
    {
      "extension" : [{
        "url" : "code",
        "valueString" : "apply-license"
      },
      {
        "url" : "value",
        "valueString" : "true"
      }],
      "url" : "http://hl7.org/fhir/tools/StructureDefinition/ig-parameter"
    },
    {
      "extension" : [{
        "url" : "code",
        "valueString" : "apply-publisher"
      },
      {
        "url" : "value",
        "valueString" : "true"
      }],
      "url" : "http://hl7.org/fhir/tools/StructureDefinition/ig-parameter"
    },
    {
      "extension" : [{
        "url" : "code",
        "valueString" : "apply-version"
      },
      {
        "url" : "value",
        "valueString" : "true"
      }],
      "url" : "http://hl7.org/fhir/tools/StructureDefinition/ig-parameter"
    },
    {
      "extension" : [{
        "url" : "code",
        "valueString" : "apply-wg"
      },
      {
        "url" : "value",
        "valueString" : "true"
      }],
      "url" : "http://hl7.org/fhir/tools/StructureDefinition/ig-parameter"
    },
    {
      "extension" : [{
        "url" : "code",
        "valueString" : "active-tables"
      },
      {
        "url" : "value",
        "valueString" : "true"
      }],
      "url" : "http://hl7.org/fhir/tools/StructureDefinition/ig-parameter"
    },
    {
      "extension" : [{
        "url" : "code",
        "valueString" : "fmm-definition"
      },
      {
        "url" : "value",
        "valueString" : "http://hl7.org/fhir/versions.html#maturity"
      }],
      "url" : "http://hl7.org/fhir/tools/StructureDefinition/ig-parameter"
    },
    {
      "extension" : [{
        "url" : "code",
        "valueString" : "propagate-status"
      },
      {
        "url" : "value",
        "valueString" : "true"
      }],
      "url" : "http://hl7.org/fhir/tools/StructureDefinition/ig-parameter"
    },
    {
      "extension" : [{
        "url" : "code",
        "valueString" : "excludelogbinaryformat"
      },
      {
        "url" : "value",
        "valueString" : "true"
      }],
      "url" : "http://hl7.org/fhir/tools/StructureDefinition/ig-parameter"
    },
    {
      "extension" : [{
        "url" : "code",
        "valueString" : "tabbed-snapshots"
      },
      {
        "url" : "value",
        "valueString" : "true"
      }],
      "url" : "http://hl7.org/fhir/tools/StructureDefinition/ig-parameter"
    },
    {
      "url" : "http://hl7.org/fhir/tools/StructureDefinition/ig-internal-dependency",
      "valueCode" : "hl7.fhir.uv.tools.r4#0.7.1"
    },
    {
      "extension" : [{
        "url" : "code",
        "valueCode" : "copyrightyear"
      },
      {
        "url" : "value",
        "valueString" : "2025+"
      }],
      "url" : "http://hl7.org/fhir/tools/StructureDefinition/ig-parameter"
    },
    {
      "extension" : [{
        "url" : "code",
        "valueCode" : "releaselabel"
      },
      {
        "url" : "value",
        "valueString" : "draft"
      }],
      "url" : "http://hl7.org/fhir/tools/StructureDefinition/ig-parameter"
    },
    {
      "extension" : [{
        "url" : "code",
        "valueCode" : "autoload-resources"
      },
      {
        "url" : "value",
        "valueString" : "true"
      }],
      "url" : "http://hl7.org/fhir/tools/StructureDefinition/ig-parameter"
    },
    {
      "extension" : [{
        "url" : "code",
        "valueCode" : "path-liquid"
      },
      {
        "url" : "value",
        "valueString" : "template/liquid"
      }],
      "url" : "http://hl7.org/fhir/tools/StructureDefinition/ig-parameter"
    },
    {
      "extension" : [{
        "url" : "code",
        "valueCode" : "path-liquid"
      },
      {
        "url" : "value",
        "valueString" : "input/liquid"
      }],
      "url" : "http://hl7.org/fhir/tools/StructureDefinition/ig-parameter"
    },
    {
      "extension" : [{
        "url" : "code",
        "valueCode" : "path-qa"
      },
      {
        "url" : "value",
        "valueString" : "temp/qa"
      }],
      "url" : "http://hl7.org/fhir/tools/StructureDefinition/ig-parameter"
    },
    {
      "extension" : [{
        "url" : "code",
        "valueCode" : "path-temp"
      },
      {
        "url" : "value",
        "valueString" : "temp/pages"
      }],
      "url" : "http://hl7.org/fhir/tools/StructureDefinition/ig-parameter"
    },
    {
      "extension" : [{
        "url" : "code",
        "valueCode" : "path-output"
      },
      {
        "url" : "value",
        "valueString" : "output"
      }],
      "url" : "http://hl7.org/fhir/tools/StructureDefinition/ig-parameter"
    },
    {
      "extension" : [{
        "url" : "code",
        "valueCode" : "path-suppressed-warnings"
      },
      {
        "url" : "value",
        "valueString" : "input/ignoreWarnings.txt"
      }],
      "url" : "http://hl7.org/fhir/tools/StructureDefinition/ig-parameter"
    },
    {
      "extension" : [{
        "url" : "code",
        "valueCode" : "path-history"
      },
      {
        "url" : "value",
        "valueString" : "https://nphcda.gov.ng/immunizationIG/history.html"
      }],
      "url" : "http://hl7.org/fhir/tools/StructureDefinition/ig-parameter"
    },
    {
      "extension" : [{
        "url" : "code",
        "valueCode" : "template-html"
      },
      {
        "url" : "value",
        "valueString" : "template-page.html"
      }],
      "url" : "http://hl7.org/fhir/tools/StructureDefinition/ig-parameter"
    },
    {
      "extension" : [{
        "url" : "code",
        "valueCode" : "template-md"
      },
      {
        "url" : "value",
        "valueString" : "template-page-md.html"
      }],
      "url" : "http://hl7.org/fhir/tools/StructureDefinition/ig-parameter"
    },
    {
      "extension" : [{
        "url" : "code",
        "valueCode" : "apply-contact"
      },
      {
        "url" : "value",
        "valueString" : "true"
      }],
      "url" : "http://hl7.org/fhir/tools/StructureDefinition/ig-parameter"
    },
    {
      "extension" : [{
        "url" : "code",
        "valueCode" : "apply-context"
      },
      {
        "url" : "value",
        "valueString" : "true"
      }],
      "url" : "http://hl7.org/fhir/tools/StructureDefinition/ig-parameter"
    },
    {
      "extension" : [{
        "url" : "code",
        "valueCode" : "apply-copyright"
      },
      {
        "url" : "value",
        "valueString" : "true"
      }],
      "url" : "http://hl7.org/fhir/tools/StructureDefinition/ig-parameter"
    },
    {
      "extension" : [{
        "url" : "code",
        "valueCode" : "apply-jurisdiction"
      },
      {
        "url" : "value",
        "valueString" : "true"
      }],
      "url" : "http://hl7.org/fhir/tools/StructureDefinition/ig-parameter"
    },
    {
      "extension" : [{
        "url" : "code",
        "valueCode" : "apply-license"
      },
      {
        "url" : "value",
        "valueString" : "true"
      }],
      "url" : "http://hl7.org/fhir/tools/StructureDefinition/ig-parameter"
    },
    {
      "extension" : [{
        "url" : "code",
        "valueCode" : "apply-publisher"
      },
      {
        "url" : "value",
        "valueString" : "true"
      }],
      "url" : "http://hl7.org/fhir/tools/StructureDefinition/ig-parameter"
    },
    {
      "extension" : [{
        "url" : "code",
        "valueCode" : "apply-version"
      },
      {
        "url" : "value",
        "valueString" : "true"
      }],
      "url" : "http://hl7.org/fhir/tools/StructureDefinition/ig-parameter"
    },
    {
      "extension" : [{
        "url" : "code",
        "valueCode" : "apply-wg"
      },
      {
        "url" : "value",
        "valueString" : "true"
      }],
      "url" : "http://hl7.org/fhir/tools/StructureDefinition/ig-parameter"
    },
    {
      "extension" : [{
        "url" : "code",
        "valueCode" : "active-tables"
      },
      {
        "url" : "value",
        "valueString" : "true"
      }],
      "url" : "http://hl7.org/fhir/tools/StructureDefinition/ig-parameter"
    },
    {
      "extension" : [{
        "url" : "code",
        "valueCode" : "fmm-definition"
      },
      {
        "url" : "value",
        "valueString" : "http://hl7.org/fhir/versions.html#maturity"
      }],
      "url" : "http://hl7.org/fhir/tools/StructureDefinition/ig-parameter"
    },
    {
      "extension" : [{
        "url" : "code",
        "valueCode" : "propagate-status"
      },
      {
        "url" : "value",
        "valueString" : "true"
      }],
      "url" : "http://hl7.org/fhir/tools/StructureDefinition/ig-parameter"
    },
    {
      "extension" : [{
        "url" : "code",
        "valueCode" : "excludelogbinaryformat"
      },
      {
        "url" : "value",
        "valueString" : "true"
      }],
      "url" : "http://hl7.org/fhir/tools/StructureDefinition/ig-parameter"
    },
    {
      "extension" : [{
        "url" : "code",
        "valueCode" : "tabbed-snapshots"
      },
      {
        "url" : "value",
        "valueString" : "true"
      }],
      "url" : "http://hl7.org/fhir/tools/StructureDefinition/ig-parameter"
    }],
    "resource" : [{
      "extension" : [{
        "url" : "http://hl7.org/fhir/tools/StructureDefinition/resource-information",
        "valueString" : "StructureDefinition:extension"
      }],
      "reference" : {
        "reference" : "StructureDefinition/nigeria-administrative-ward"
      },
      "name" : "NG-Imm Administrative Wards ",
      "description" : "Captures the administrative ward within a geographic address",
      "exampleBoolean" : false
    },
    {
      "extension" : [{
        "url" : "http://hl7.org/fhir/tools/StructureDefinition/resource-information",
        "valueString" : "CodeSystem"
      }],
      "reference" : {
        "reference" : "CodeSystem/nigeria-wards"
      },
      "name" : "NG-Imm Administrative Wards CS",
      "description" : "This CodeSystem defines ward codes and names mapped to their respective Local Government Areas (LGAs) in Nigeria.",
      "exampleBoolean" : false
    },
    {
      "extension" : [{
        "url" : "http://hl7.org/fhir/tools/StructureDefinition/resource-information",
        "valueString" : "CodeSystem"
      }],
      "reference" : {
        "reference" : "CodeSystem/nigeria-clinical-status"
      },
      "name" : "NG-Imm Adverse Event Clinical Status CS",
      "description" : "A classification system that represents the current clinical status of an individual who experienced an Adverse Event Following Immunization (AEFI), based on medical observation, investigation, or follow-up assessment.",
      "exampleBoolean" : false
    },
    {
      "extension" : [{
        "url" : "http://hl7.org/fhir/tools/StructureDefinition/resource-information",
        "valueString" : "StructureDefinition:extension"
      }],
      "reference" : {
        "reference" : "StructureDefinition/allergy-reference-dose-number"
      },
      "name" : "NG-Imm Allergy Dose Number",
      "description" : "Reference immunization dose number for this AllergyIntolerance.",
      "exampleBoolean" : false
    },
    {
      "extension" : [{
        "url" : "http://hl7.org/fhir/tools/StructureDefinition/resource-information",
        "valueString" : "StructureDefinition:resource"
      }],
      "reference" : {
        "reference" : "StructureDefinition/allergy-intolerance-profile"
      },
      "name" : "NG-Imm AllergyIntolerance",
      "description" : "Nigeria Immunization Allergy Intolerance Profile",
      "exampleBoolean" : false
    },
    {
      "extension" : [{
        "url" : "http://hl7.org/fhir/tools/StructureDefinition/resource-information",
        "valueString" : "StructureDefinition:extension"
      }],
      "reference" : {
        "reference" : "StructureDefinition/age-in-months"
      },
      "name" : "NG-Imm Client Age in Months",
      "description" : "Age of the Immunization Client recorded in months",
      "exampleBoolean" : false
    },
    {
      "extension" : [{
        "url" : "http://hl7.org/fhir/tools/StructureDefinition/resource-information",
        "valueString" : "StructureDefinition:extension"
      }],
      "reference" : {
        "reference" : "StructureDefinition/age-in-weeks"
      },
      "name" : "NG-Imm Client Age in Weeks",
      "description" : "Age of the Immunization Client recorded in weeks",
      "exampleBoolean" : false
    },
    {
      "extension" : [{
        "url" : "http://hl7.org/fhir/tools/StructureDefinition/resource-information",
        "valueString" : "StructureDefinition:extension"
      }],
      "reference" : {
        "reference" : "StructureDefinition/age-in-years"
      },
      "name" : "NG-Imm Client Age in Years",
      "description" : "Age of the Immunization Client recorded in years",
      "exampleBoolean" : false
    },
    {
      "extension" : [{
        "url" : "http://hl7.org/fhir/tools/StructureDefinition/resource-information",
        "valueString" : "CapabilityStatement"
      }],
      "reference" : {
        "reference" : "CapabilityStatement/NgImmCapabilityStatementClient"
      },
      "name" : "NG-Imm Client CapabilityStatement",
      "description" : "This CapabilityStatement defines the expected behavior of client systems that interact with NG-IMM FHIR servers in Nigeria’s immunization ecosystem.\n\nClients must support standard RESTful interactions with NG-IMM-compliant FHIR APIs and use appropriate operations to submit, export, and validate structured data. \nThey are also expected to initiate transformation of logical models (e.g. RegisterClientModel, AdministerVaccine) into formal FHIR resources using `$transform`.\n\n### Use of HTTP Methods:\n- **POST**: Used by clients to create new Patient, Immunization, or Bundle resources.\n- **PUT**: Used to fully replace an existing resource with updated data.\n- **PATCH**: Used to update only specific elements of a resource.",
      "exampleBoolean" : false
    },
    {
      "extension" : [{
        "url" : "http://hl7.org/fhir/tools/StructureDefinition/resource-information",
        "valueString" : "CodeSystem"
      }],
      "reference" : {
        "reference" : "CodeSystem/nigeria-hiv-status"
      },
      "name" : "NG-Imm Client HIV status CS",
      "description" : "This CodeSystem defines list of options for HIV status of a Client",
      "exampleBoolean" : false
    },
    {
      "extension" : [{
        "url" : "http://hl7.org/fhir/tools/StructureDefinition/resource-information",
        "valueString" : "ValueSet"
      }],
      "reference" : {
        "reference" : "ValueSet/nigeria-hiv-status"
      },
      "name" : "NG-Imm Client HIV Status VS",
      "description" : "Client HIV Status",
      "exampleBoolean" : false
    },
    {
      "extension" : [{
        "url" : "http://hl7.org/fhir/tools/StructureDefinition/resource-information",
        "valueString" : "ValueSet"
      }],
      "reference" : {
        "reference" : "ValueSet/nigeria-pregnancy-status"
      },
      "name" : "NG-Imm Client Preganancy Status VS",
      "description" : "Client Pregnancy Status",
      "exampleBoolean" : false
    },
    {
      "extension" : [{
        "url" : "http://hl7.org/fhir/tools/StructureDefinition/resource-information",
        "valueString" : "CodeSystem"
      }],
      "reference" : {
        "reference" : "CodeSystem/nigeria-pregnancy-status"
      },
      "name" : "NG-Imm Client Pregnancy status CS",
      "description" : "This CodeSystem defines list of options for Pregnancy status of a Client",
      "exampleBoolean" : false
    },
    {
      "extension" : [{
        "url" : "http://hl7.org/fhir/tools/StructureDefinition/resource-information",
        "valueString" : "StructureDefinition:extension"
      }],
      "reference" : {
        "reference" : "StructureDefinition/hiv-status"
      },
      "name" : "NG-Imm Client's HIV status",
      "description" : "The HIV status (positive, negative, or unknown) of the Immunization Client",
      "exampleBoolean" : false
    },
    {
      "extension" : [{
        "url" : "http://hl7.org/fhir/tools/StructureDefinition/resource-information",
        "valueString" : "StructureDefinition:extension"
      }],
      "reference" : {
        "reference" : "StructureDefinition/pregnancy-status"
      },
      "name" : "NG-Imm Client's Pregnancy status",
      "description" : "The Pregnancy status (pregnant or not-pregnant) of the Immunization Client",
      "exampleBoolean" : false
    },
    {
      "extension" : [{
        "url" : "http://hl7.org/fhir/tools/StructureDefinition/resource-information",
        "valueString" : "ValueSet"
      }],
      "reference" : {
        "reference" : "ValueSet/nigeria-clinical-status"
      },
      "name" : "NG-Imm Clinical Status VS",
      "description" : "The outcome of the reaction",
      "exampleBoolean" : false
    },
    {
      "extension" : [{
        "url" : "http://hl7.org/fhir/tools/StructureDefinition/resource-information",
        "valueString" : "StructureDefinition:extension"
      }],
      "reference" : {
        "reference" : "StructureDefinition/signature"
      },
      "name" : "NG-Imm Digital Signature",
      "description" : "A digital or electronic signature capturing who signed, when, type, and signature data.",
      "exampleBoolean" : false
    },
    {
      "extension" : [{
        "url" : "http://hl7.org/fhir/tools/StructureDefinition/resource-information",
        "valueString" : "StructureDefinition:extension"
      }],
      "reference" : {
        "reference" : "StructureDefinition/allergy-reference-dose-series"
      },
      "name" : "NG-Imm Dose Series",
      "description" : "Dose series number from the referenced Immunization.protocolApplied.doseNumber.",
      "exampleBoolean" : false
    },
    {
      "extension" : [{
        "url" : "http://hl7.org/fhir/tools/StructureDefinition/resource-information",
        "valueString" : "StructureDefinition:resource"
      }],
      "reference" : {
        "reference" : "StructureDefinition/ng-imm-encounter"
      },
      "name" : "NG-Imm Encounter",
      "description" : "A profile for encounters in the Nigerian  Immunization guide, used to document immunization visits and related healthcare interactions.",
      "exampleBoolean" : false
    },
    {
      "extension" : [{
        "url" : "http://hl7.org/fhir/tools/StructureDefinition/implementationguide-resource-format",
        "valueCode" : "application/fhir+json"
      },
      {
        "url" : "http://hl7.org/fhir/tools/StructureDefinition/resource-information",
        "valueString" : "Binary"
      }],
      "reference" : {
        "reference" : "Binary/AEFI-Case-Report-202503"
      },
      "name" : "NG-Imm Example AEFI case report",
      "description" : "An example case of Adverse Event Following Immunization Report",
      "exampleCanonical" : "https://nphcda.gov.ng/immunizationIG/StructureDefinition/IMMZGGenerateReport"
    },
    {
      "extension" : [{
        "url" : "http://hl7.org/fhir/tools/StructureDefinition/resource-information",
        "valueString" : "AllergyIntolerance"
      }],
      "reference" : {
        "reference" : "AllergyIntolerance/FullExampleNgAllergyIntolerance"
      },
      "name" : "NG-Imm Example AllergyIntolerance",
      "description" : "A fictional example of a an allergy resulting from Immunization.",
      "exampleCanonical" : "https://nphcda.gov.ng/immunizationIG/StructureDefinition/allergy-intolerance-profile"
    },
    {
      "extension" : [{
        "url" : "http://hl7.org/fhir/tools/StructureDefinition/resource-information",
        "valueString" : "Immunization"
      }],
      "reference" : {
        "reference" : "Immunization/ExampleNgImmImmunizationCompleted"
      },
      "name" : "NG-Imm Example BCG Immunization",
      "description" : "An example of a completed BCG immunization event",
      "exampleCanonical" : "https://nphcda.gov.ng/immunizationIG/StructureDefinition/NgImmImmunization"
    },
    {
      "extension" : [{
        "url" : "http://hl7.org/fhir/tools/StructureDefinition/resource-information",
        "valueString" : "Patient"
      }],
      "reference" : {
        "reference" : "Patient/FullExampleNgImmPatient"
      },
      "name" : "NG-Imm Example Full Immunization Patient",
      "description" : "A Nigeria Immunization Patient instance with all required and optional fields populated",
      "exampleCanonical" : "https://nphcda.gov.ng/immunizationIG/StructureDefinition/NgImmPatient"
    },
    {
      "extension" : [{
        "url" : "http://hl7.org/fhir/tools/StructureDefinition/resource-information",
        "valueString" : "MeasureReport"
      }],
      "reference" : {
        "reference" : "MeasureReport/ExampleNgImmMeasureReport"
      },
      "name" : "NG-Imm Example MeasureReport Monthly Immunization Coverage",
      "description" : "An example of a summary MeasureReport generated for BCG coverage at a facility",
      "exampleCanonical" : "https://nphcda.gov.ng/immunizationIG/StructureDefinition/measure-report-profile"
    },
    {
      "extension" : [{
        "url" : "http://hl7.org/fhir/tools/StructureDefinition/resource-information",
        "valueString" : "Organization"
      }],
      "reference" : {
        "reference" : "Organization/NgImmExampleOrganization"
      },
      "name" : "NG-Imm Example Organization",
      "description" : "Represents a health facility in Kogi State providing immunization services for use in Bundle",
      "exampleCanonical" : "https://nphcda.gov.ng/immunizationIG/StructureDefinition/ng-imm-organization"
    },
    {
      "extension" : [{
        "url" : "http://hl7.org/fhir/tools/StructureDefinition/resource-information",
        "valueString" : "Organization"
      }],
      "reference" : {
        "reference" : "Organization/organization-example"
      },
      "name" : "NG-Imm Example Organization",
      "description" : "A fictional example of a typical organization.",
      "exampleCanonical" : "https://nphcda.gov.ng/immunizationIG/StructureDefinition/ng-imm-organization"
    },
    {
      "extension" : [{
        "url" : "http://hl7.org/fhir/tools/StructureDefinition/resource-information",
        "valueString" : "Patient"
      }],
      "reference" : {
        "reference" : "Patient/ExampleNgImmPatient"
      },
      "name" : "NG-Imm Example Patient",
      "description" : "A sample patient conforming to the Nigeria Immunization Patient profile",
      "exampleCanonical" : "https://nphcda.gov.ng/immunizationIG/StructureDefinition/NgImmPatient"
    },
    {
      "extension" : [{
        "url" : "http://hl7.org/fhir/tools/StructureDefinition/resource-information",
        "valueString" : "Patient"
      }],
      "reference" : {
        "reference" : "Patient/ExampleNgPatientAdminWard"
      },
      "name" : "NG-Imm Example Patient with Ward data",
      "description" : "A fictional example of a patient with information on administrative ward",
      "exampleCanonical" : "https://nphcda.gov.ng/immunizationIG/StructureDefinition/NgImmPatient"
    },
    {
      "extension" : [{
        "url" : "http://hl7.org/fhir/tools/StructureDefinition/resource-information",
        "valueString" : "Practitioner"
      }],
      "reference" : {
        "reference" : "Practitioner/ng-practitioner-example"
      },
      "name" : "NG-Imm Example Practitioner",
      "description" : "An example of a Nigerian Routine Immunization Officer",
      "exampleCanonical" : "https://nphcda.gov.ng/immunizationIG/StructureDefinition/NgImmPractitioner"
    },
    {
      "extension" : [{
        "url" : "http://hl7.org/fhir/tools/StructureDefinition/resource-information",
        "valueString" : "RelatedPerson"
      }],
      "reference" : {
        "reference" : "RelatedPerson/Sister2"
      },
      "name" : "NG-Imm Example Sibling",
      "description" : "An example of a mother's other child as a RelatedPerson resource.",
      "exampleCanonical" : "https://nphcda.gov.ng/immunizationIG/StructureDefinition/mother-other-children"
    },
    {
      "extension" : [{
        "url" : "http://hl7.org/fhir/tools/StructureDefinition/resource-information",
        "valueString" : "RelatedPerson"
      }],
      "reference" : {
        "reference" : "RelatedPerson/Child1"
      },
      "name" : "NG-Imm Example Sibling - Mother's Other Child",
      "description" : "An example of a mother's other child as a RelatedPerson resource.",
      "exampleCanonical" : "https://nphcda.gov.ng/immunizationIG/StructureDefinition/mother-other-children"
    },
    {
      "extension" : [{
        "url" : "http://hl7.org/fhir/tools/StructureDefinition/implementationguide-resource-format",
        "valueCode" : "application/fhir+json"
      },
      {
        "url" : "http://hl7.org/fhir/tools/StructureDefinition/resource-information",
        "valueString" : "Binary"
      }],
      "reference" : {
        "reference" : "Binary/Vaccine-Stock-Report-202503"
      },
      "name" : "NG-Imm Example Stock report",
      "description" : "An example Stock management report",
      "exampleCanonical" : "https://nphcda.gov.ng/immunizationIG/StructureDefinition/IMMZGGenerateReport"
    },
    {
      "extension" : [{
        "url" : "http://hl7.org/fhir/tools/StructureDefinition/resource-information",
        "valueString" : "CodeSystem"
      }],
      "reference" : {
        "reference" : "CodeSystem/nigeria-facility-type"
      },
      "name" : "NG-Imm Facility Type CS",
      "description" : "A standardized classification system used to describe the type or level of health facility within a healthcare delivery system, based on the scope of services provided, staffing, infrastructure, and administrative role.",
      "exampleBoolean" : false
    },
    {
      "extension" : [{
        "url" : "http://hl7.org/fhir/tools/StructureDefinition/resource-information",
        "valueString" : "CodeSystem"
      }],
      "reference" : {
        "reference" : "CodeSystem/nigeria-gender"
      },
      "name" : "NG-Imm Gender CS",
      "description" : "The administrative gender of a person.",
      "exampleBoolean" : false
    },
    {
      "extension" : [{
        "url" : "http://hl7.org/fhir/tools/StructureDefinition/resource-information",
        "valueString" : "ValueSet"
      }],
      "reference" : {
        "reference" : "ValueSet/nigeria-gender"
      },
      "name" : "NG-Imm Gender or Sex VS",
      "description" : "Subset of HL7 administrative-gender limited to 'male' and 'female'.",
      "exampleBoolean" : false
    },
    {
      "extension" : [{
        "url" : "http://hl7.org/fhir/tools/StructureDefinition/resource-information",
        "valueString" : "ValueSet"
      }],
      "reference" : {
        "reference" : "ValueSet/nigeria-facility-types"
      },
      "name" : "NG-Imm HealthFacility Type VS",
      "description" : "Classification of Nigerian health facilities",
      "exampleBoolean" : false
    },
    {
      "extension" : [{
        "url" : "http://hl7.org/fhir/tools/StructureDefinition/resource-information",
        "valueString" : "StructureDefinition:resource"
      }],
      "reference" : {
        "reference" : "StructureDefinition/NgImmImmunization"
      },
      "name" : "NG-Imm Immunization",
      "description" : "Nigerian Profile for Immunization resource.",
      "exampleBoolean" : false
    },
    {
      "extension" : [{
        "url" : "http://hl7.org/fhir/tools/StructureDefinition/resource-information",
        "valueString" : "StructureDefinition:extension"
      }],
      "reference" : {
        "reference" : "StructureDefinition/contraindicated"
      },
      "name" : "NG-Imm Immunization Contraindicated",
      "description" : "Indicates whether the immunization was contraindicated",
      "exampleBoolean" : false
    },
    {
      "extension" : [{
        "url" : "http://hl7.org/fhir/tools/StructureDefinition/resource-information",
        "valueString" : "CodeSystem"
      }],
      "reference" : {
        "reference" : "CodeSystem/nigeria-immunization-session-type"
      },
      "name" : "NG-Imm Immunization Session types CS",
      "description" : "Type of session for immunization. Could be in a fixed facility, outreach or mobile.",
      "exampleBoolean" : false
    },
    {
      "extension" : [{
        "url" : "http://hl7.org/fhir/tools/StructureDefinition/resource-information",
        "valueString" : "ValueSet"
      }],
      "reference" : {
        "reference" : "ValueSet/nigeria-languages"
      },
      "name" : "NG-Imm Languages VS",
      "description" : "The Patient's preferred language for communication.",
      "exampleBoolean" : false
    },
    {
      "extension" : [{
        "url" : "http://hl7.org/fhir/tools/StructureDefinition/resource-information",
        "valueString" : "CodeSystem"
      }],
      "reference" : {
        "reference" : "CodeSystem/nigeria-lgas"
      },
      "name" : "NG-Imm LGAs in Nigeria CS",
      "description" : "This CodeSystem defines LGA codes and names mapped to their respective States in Nigeria.",
      "exampleBoolean" : false
    },
    {
      "extension" : [{
        "url" : "http://hl7.org/fhir/tools/StructureDefinition/resource-information",
        "valueString" : "ValueSet"
      }],
      "reference" : {
        "reference" : "ValueSet/nigeria-lgas"
      },
      "name" : "NG-Imm LGAs VS",
      "description" : "The administrative Local Government Areas where a person or a facility is.",
      "exampleBoolean" : false
    },
    {
      "extension" : [{
        "url" : "http://hl7.org/fhir/tools/StructureDefinition/resource-information",
        "valueString" : "StructureDefinition:resource"
      }],
      "reference" : {
        "reference" : "StructureDefinition/nigeria-location"
      },
      "name" : "NG-Imm Location",
      "description" : "A profile for immunization service locations, including health facilities, outreach sites, and mobile vaccination units.",
      "exampleBoolean" : false
    },
    {
      "extension" : [{
        "url" : "http://hl7.org/fhir/tools/StructureDefinition/resource-information",
        "valueString" : "ValueSet"
      }],
      "reference" : {
        "reference" : "ValueSet/nigeria-location-owner"
      },
      "name" : "NG-Imm Location Owner",
      "description" : "The owner of an Immunization location",
      "exampleBoolean" : false
    },
    {
      "extension" : [{
        "url" : "http://hl7.org/fhir/tools/StructureDefinition/resource-information",
        "valueString" : "CodeSystem"
      }],
      "reference" : {
        "reference" : "CodeSystem/nigeria-location-owner-cs"
      },
      "name" : "NG-Imm Location Owner CS",
      "description" : "This CodeSystem defines Immunization Location Owner.",
      "exampleBoolean" : false
    },
    {
      "extension" : [{
        "url" : "http://hl7.org/fhir/tools/StructureDefinition/resource-information",
        "valueString" : "StructureDefinition:resource"
      }],
      "reference" : {
        "reference" : "StructureDefinition/ngimm-measure"
      },
      "name" : "NG-Imm Measure",
      "description" : "A profile on the Measure resource used to define immunization indicators within Nigeria's routine immunization program.",
      "exampleBoolean" : false
    },
    {
      "extension" : [{
        "url" : "http://hl7.org/fhir/tools/StructureDefinition/resource-information",
        "valueString" : "StructureDefinition:resource"
      }],
      "reference" : {
        "reference" : "StructureDefinition/measure-report-profile"
      },
      "name" : "NG-Imm MeasureReport",
      "description" : "Nigeria Immunization Measure Report Profile",
      "exampleBoolean" : false
    },
    {
      "extension" : [{
        "url" : "http://hl7.org/fhir/tools/StructureDefinition/resource-information",
        "valueString" : "StructureDefinition:extension"
      }],
      "reference" : {
        "reference" : "StructureDefinition/next-dose-date"
      },
      "name" : "NG-Imm Next Dose Date",
      "description" : "The recommended due date for the next vaccine dose in the schedule.",
      "exampleBoolean" : false
    },
    {
      "extension" : [{
        "url" : "http://hl7.org/fhir/tools/StructureDefinition/resource-information",
        "valueString" : "StructureDefinition:resource"
      }],
      "reference" : {
        "reference" : "StructureDefinition/ng-imm-organization"
      },
      "name" : "NG-Imm Organization",
      "description" : "An organization profile representing healthcare facilities responsible for immunization services or other types of organizations.",
      "exampleBoolean" : false
    },
    {
      "extension" : [{
        "url" : "http://hl7.org/fhir/tools/StructureDefinition/resource-information",
        "valueString" : "StructureDefinition:extension"
      }],
      "reference" : {
        "reference" : "StructureDefinition/organozation-owner"
      },
      "name" : "NG-Imm owner of health institution",
      "description" : "An extension to define the owner of the health institution",
      "exampleBoolean" : false
    },
    {
      "extension" : [{
        "url" : "http://hl7.org/fhir/tools/StructureDefinition/resource-information",
        "valueString" : "StructureDefinition:resource"
      }],
      "reference" : {
        "reference" : "StructureDefinition/NgImmPatient"
      },
      "name" : "NG-Imm Patient",
      "description" : "Nigeria Immunization Patient Profile",
      "exampleBoolean" : false
    },
    {
      "extension" : [{
        "url" : "http://hl7.org/fhir/tools/StructureDefinition/resource-information",
        "valueString" : "StructureDefinition:resource"
      }],
      "reference" : {
        "reference" : "StructureDefinition/NgImmPractitioner"
      },
      "name" : "NG-Imm Practitioner",
      "description" : "Profile for a Nigerian Practitioner",
      "exampleBoolean" : false
    },
    {
      "extension" : [{
        "url" : "http://hl7.org/fhir/tools/StructureDefinition/resource-information",
        "valueString" : "StructureDefinition:resource"
      }],
      "reference" : {
        "reference" : "StructureDefinition/mother-other-children"
      },
      "name" : "NG-Imm RelatedPerson",
      "description" : "Sibling that represents the mother's other children as RelatedPersons.",
      "exampleBoolean" : false
    },
    {
      "extension" : [{
        "url" : "http://hl7.org/fhir/tools/StructureDefinition/resource-information",
        "valueString" : "CodeSystem"
      }],
      "reference" : {
        "reference" : "CodeSystem/nigeria-relationship"
      },
      "name" : "NG-Imm Relationships CS",
      "description" : "This CodeSystem defines list of persons related to a patient, but who is not a direct target of care",
      "exampleBoolean" : false
    },
    {
      "extension" : [{
        "url" : "http://hl7.org/fhir/tools/StructureDefinition/resource-information",
        "valueString" : "ValueSet"
      }],
      "reference" : {
        "reference" : "ValueSet/nigeria-relationship"
      },
      "name" : "NG-Imm Relationships VS",
      "description" : "list of persons related to a patient, but who is not a direct target of care.",
      "exampleBoolean" : false
    },
    {
      "extension" : [{
        "url" : "http://hl7.org/fhir/tools/StructureDefinition/implementationguide-resource-format",
        "valueCode" : "application/fhir+json"
      },
      {
        "url" : "http://hl7.org/fhir/tools/StructureDefinition/resource-information",
        "valueString" : "Binary"
      }],
      "reference" : {
        "reference" : "Binary/RoutineImmunizationReport"
      },
      "name" : "NG-Imm Routine Immunization Report - Facility A",
      "description" : "A routine monthly immunization report summarizing vaccine stock and usage for Facility A.",
      "exampleCanonical" : "https://nphcda.gov.ng/immunizationIG/StructureDefinition/IMMZGGenerateReport"
    },
    {
      "extension" : [{
        "url" : "http://hl7.org/fhir/tools/StructureDefinition/resource-information",
        "valueString" : "Immunization"
      }],
      "reference" : {
        "reference" : "Immunization/ExampleNgImmImmunizationNotDone"
      },
      "name" : "NG-Imm Scheduled Pentavalent Immunization Not Done Due to Fever",
      "description" : "An example where immunization was not done due to contraindication (fever)",
      "exampleCanonical" : "https://nphcda.gov.ng/immunizationIG/StructureDefinition/NgImmImmunization"
    },
    {
      "extension" : [{
        "url" : "http://hl7.org/fhir/tools/StructureDefinition/resource-information",
        "valueString" : "CapabilityStatement"
      }],
      "reference" : {
        "reference" : "CapabilityStatement/NgImmCapabilityStatementServer"
      },
      "name" : "NG-Imm Server CapabilityStatement",
      "description" : "This CapabilityStatement describes the expected behavior of FHIR servers implementing Nigeria’s Immunization Implementation Guide (NG-IMM).\n\nIt includes full RESTful support for key profiles (`NgImmPatient`, `NgImmImmunization`, and `NgImmBundle`) and logical model transformations. The server also supports data submission, export, and validation via custom operations, as well as tracking updates through `Provenance`.\n\n### Use of HTTP Methods:\n- **POST**: Used to create a new resource. The server assigns the resource ID.\n- **PUT**: Used to fully replace an existing resource identified by a known ID.\n- **PATCH**: Used for partial updates to existing resources.\n\n### Provenance:\nClients MUST include a `Provenance` resource when performing PUT or PATCH on `Patient` to ensure traceability and support audit trails.",
      "exampleBoolean" : false
    },
    {
      "extension" : [{
        "url" : "http://hl7.org/fhir/tools/StructureDefinition/resource-information",
        "valueString" : "StructureDefinition:extension"
      }],
      "reference" : {
        "reference" : "StructureDefinition/session-type"
      },
      "name" : "NG-Imm Session Type",
      "description" : "Type of session for immunization (e.g., fixed-site clinic, outreach session, campaign site).",
      "exampleBoolean" : false
    },
    {
      "extension" : [{
        "url" : "http://hl7.org/fhir/tools/StructureDefinition/resource-information",
        "valueString" : "ValueSet"
      }],
      "reference" : {
        "reference" : "ValueSet/nigeria-session-type"
      },
      "name" : "NG-Imm Session Type VS",
      "description" : "Type of session for immunization. Could be in a fixed facility, outreach or mobile.",
      "exampleBoolean" : false
    },
    {
      "extension" : [{
        "url" : "http://hl7.org/fhir/tools/StructureDefinition/resource-information",
        "valueString" : "CodeSystem"
      }],
      "reference" : {
        "reference" : "CodeSystem/nigeria-sibling-health-status"
      },
      "name" : "NG-Imm Sibling Health Status CS",
      "description" : "This CodeSystem defines the health of the client's sibling",
      "exampleBoolean" : false
    },
    {
      "extension" : [{
        "url" : "http://hl7.org/fhir/tools/StructureDefinition/resource-information",
        "valueString" : "ValueSet"
      }],
      "reference" : {
        "reference" : "ValueSet/nigeria-sibling-health-status"
      },
      "name" : "NG-Imm Sibling Health Status VS",
      "description" : "This CodeSystem defines the health of the client's sibling",
      "exampleBoolean" : false
    },
    {
      "extension" : [{
        "url" : "http://hl7.org/fhir/tools/StructureDefinition/resource-information",
        "valueString" : "StructureDefinition:extension"
      }],
      "reference" : {
        "reference" : "StructureDefinition/sibling-health-status"
      },
      "name" : "NG-Imm Sibling's health status",
      "description" : "The health status of the Client's sibling",
      "exampleBoolean" : false
    },
    {
      "extension" : [{
        "url" : "http://hl7.org/fhir/tools/StructureDefinition/resource-information",
        "valueString" : "CodeSystem"
      }],
      "reference" : {
        "reference" : "CodeSystem/nigeria-states"
      },
      "name" : "NG-Imm States in Nigeria CS",
      "description" : "This CodeSystem defines ward codes and names mapped to their respective States in Nigeria.",
      "exampleBoolean" : false
    },
    {
      "extension" : [{
        "url" : "http://hl7.org/fhir/tools/StructureDefinition/resource-information",
        "valueString" : "ValueSet"
      }],
      "reference" : {
        "reference" : "ValueSet/nigeria-states"
      },
      "name" : "NG-Imm States VS",
      "description" : "The state where a person or a facility is.",
      "exampleBoolean" : false
    },
    {
      "extension" : [{
        "url" : "http://hl7.org/fhir/tools/StructureDefinition/resource-information",
        "valueString" : "CodeSystem"
      }],
      "reference" : {
        "reference" : "CodeSystem/NGStockReportCS"
      },
      "name" : "NG-Imm Stock Management Data Elements CS",
      "description" : "CodeSystem for Stock Management Data Elements",
      "exampleBoolean" : false
    },
    {
      "extension" : [{
        "url" : "http://hl7.org/fhir/tools/StructureDefinition/resource-information",
        "valueString" : "ValueSet"
      }],
      "reference" : {
        "reference" : "ValueSet/nigeria-vaccine-contraindication"
      },
      "name" : "NG-Imm Vaccine Contraindication VS",
      "description" : "A set of standardized codes used to represent clinical conditions, diagnoses, or circumstances that serve as contraindications to the administration of one or more vaccines.",
      "exampleBoolean" : false
    },
    {
      "extension" : [{
        "url" : "http://hl7.org/fhir/tools/StructureDefinition/resource-information",
        "valueString" : "StructureDefinition:extension"
      }],
      "reference" : {
        "reference" : "StructureDefinition/contraindications"
      },
      "name" : "NG-Imm Vaccine Contraindications",
      "description" : "Indicates specific situations in which it is not recommended to administer certain vaccines (e.g severe AEFI, History of Anaphylactic reactions, Symptomatic HIV infection)",
      "exampleBoolean" : false
    },
    {
      "extension" : [{
        "url" : "http://hl7.org/fhir/tools/StructureDefinition/resource-information",
        "valueString" : "CodeSystem"
      }],
      "reference" : {
        "reference" : "CodeSystem/nigeria-immunization-contraindication"
      },
      "name" : "NG-Imm Vaccine contraindications CS",
      "description" : "A set of standardized codes used to represent clinical conditions, diagnoses, or circumstances that serve as contraindications to the administration of one or more vaccines.",
      "exampleBoolean" : false
    },
    {
      "extension" : [{
        "url" : "http://hl7.org/fhir/tools/StructureDefinition/resource-information",
        "valueString" : "CodeSystem"
      }],
      "reference" : {
        "reference" : "CodeSystem/nigeria-vaccine-library"
      },
      "name" : "NG-Imm Vaccine Library with SNOMED CT codes",
      "description" : "CodeSystem for IMMZ.Z Vaccine Library Data Elements supported by this IG using SNOMED CT codes",
      "exampleBoolean" : false
    },
    {
      "extension" : [{
        "url" : "http://hl7.org/fhir/tools/StructureDefinition/resource-information",
        "valueString" : "ValueSet"
      }],
      "reference" : {
        "reference" : "ValueSet/nigeria-vaccine-library"
      },
      "name" : "NG-Imm VaccineLibrary VS",
      "description" : "A curated list of vaccines recognized under Nigeria's national immunization program",
      "exampleBoolean" : false
    },
    {
      "extension" : [{
        "url" : "http://hl7.org/fhir/tools/StructureDefinition/resource-information",
        "valueString" : "ValueSet"
      }],
      "reference" : {
        "reference" : "ValueSet/nigeria-wards"
      },
      "name" : "NG-Imm Wards VS",
      "description" : "The administrative Ward (within an LGA) where a person or a facility is.",
      "exampleBoolean" : false
    },
    {
      "extension" : [{
        "url" : "http://hl7.org/fhir/tools/StructureDefinition/resource-information",
        "valueString" : "StructureDefinition:extension"
      }],
      "reference" : {
        "reference" : "StructureDefinition/birth-weight"
      },
      "name" : "NG-Imm Weight at birth",
      "description" : "Weight  of the Immunization Client at birth",
      "exampleBoolean" : false
    },
    {
      "extension" : [{
        "url" : "http://hl7.org/fhir/tools/StructureDefinition/resource-information",
        "valueString" : "StructureDefinition:logical"
      }],
      "reference" : {
        "reference" : "StructureDefinition/register-facility-model"
      },
      "name" : "NG-Imm-A RegisterFacility",
      "description" : "IMMZ.A - A logical model representing a health facility being registered in the immunization system.",
      "exampleBoolean" : false
    },
    {
      "extension" : [{
        "url" : "http://hl7.org/fhir/tools/StructureDefinition/resource-information",
        "valueString" : "StructureDefinition:logical"
      }],
      "reference" : {
        "reference" : "StructureDefinition/register-client-model"
      },
      "name" : "NG-Imm-C5 RegisterClient",
      "description" : "IMMZ.C5 - A logical model representing a client being registered in the immunization system.",
      "exampleBoolean" : false
    },
    {
      "extension" : [{
        "url" : "http://hl7.org/fhir/tools/StructureDefinition/resource-information",
        "valueString" : "StructureDefinition:logical"
      }],
      "reference" : {
        "reference" : "StructureDefinition/UpdateClientHistory"
      },
      "name" : "NG-Imm-C6 UpdateClientHistory",
      "description" : "IMMZ.C6 - A logical model for tracking client immunization history updates.",
      "exampleBoolean" : false
    },
    {
      "extension" : [{
        "url" : "http://hl7.org/fhir/tools/StructureDefinition/resource-information",
        "valueString" : "StructureDefinition:logical"
      }],
      "reference" : {
        "reference" : "StructureDefinition/AdministerVaccine"
      },
      "name" : "NG-Imm-D AdministerVaccine",
      "description" : "IMMZ.D - A logical model for capturing vaccine administration details",
      "exampleBoolean" : false
    },
    {
      "extension" : [{
        "url" : "http://hl7.org/fhir/tools/StructureDefinition/resource-information",
        "valueString" : "StructureDefinition:logical"
      }],
      "reference" : {
        "reference" : "StructureDefinition/manage-aefi"
      },
      "name" : "NG-Imm-E Manage & ReportAEFI",
      "description" : "IMMZ.E - A logical model for recording and managing AEFI treatment.",
      "exampleBoolean" : false
    },
    {
      "extension" : [{
        "url" : "http://hl7.org/fhir/tools/StructureDefinition/resource-information",
        "valueString" : "StructureDefinition:logical"
      }],
      "reference" : {
        "reference" : "StructureDefinition/DefaulterTracking"
      },
      "name" : "NG-Imm-G DefaulterTracking",
      "description" : "IMMZ.G - A logical model for tracking immunization defaulters.",
      "exampleBoolean" : false
    },
    {
      "extension" : [{
        "url" : "http://hl7.org/fhir/tools/StructureDefinition/resource-information",
        "valueString" : "StructureDefinition:logical"
      }],
      "reference" : {
        "reference" : "StructureDefinition/IMMZGGenerateReport"
      },
      "name" : "NG-Imm-H GenerateReport",
      "description" : "IMMZ.H - Data elements for the IMMZ.G Report Generation Data Dictionary.",
      "exampleBoolean" : false
    },
    {
      "extension" : [{
        "url" : "http://hl7.org/fhir/tools/StructureDefinition/resource-information",
        "valueString" : "AllergyIntolerance"
      }],
      "reference" : {
        "reference" : "AllergyIntolerance/NgImmExampleAllergyIntolerance"
      },
      "name" : "NGImm Example AllergyIntolerance",
      "description" : "Example allergy or intolerance record using use in Bundle example AllergyIntolerance profile",
      "exampleCanonical" : "https://nphcda.gov.ng/immunizationIG/StructureDefinition/allergy-intolerance-profile"
    },
    {
      "extension" : [{
        "url" : "http://hl7.org/fhir/tools/StructureDefinition/resource-information",
        "valueString" : "Bundle"
      }],
      "reference" : {
        "reference" : "Bundle/NgImmExampleBundle"
      },
      "name" : "NGImm Example Immunization Bundle",
      "description" : "Example bundle containing Patient, Immunization, AllergyIntolerance, RelatedPerson, and Organization with request, response, and search metadata.",
      "exampleCanonical" : "https://nphcda.gov.ng/immunizationIG/StructureDefinition/NgImmBundle"
    },
    {
      "extension" : [{
        "url" : "http://hl7.org/fhir/tools/StructureDefinition/resource-information",
        "valueString" : "Immunization"
      }],
      "reference" : {
        "reference" : "Immunization/NgImmExampleImmunization"
      },
      "name" : "NGImm Example Immunization Record",
      "description" : "Example Immunization record using NG-Imm Immunization profile with 90% data populated",
      "exampleCanonical" : "https://nphcda.gov.ng/immunizationIG/StructureDefinition/NgImmImmunization"
    },
    {
      "extension" : [{
        "url" : "http://hl7.org/fhir/tools/StructureDefinition/resource-information",
        "valueString" : "Location"
      }],
      "reference" : {
        "reference" : "Location/location-example"
      },
      "name" : "NGImm Example Location",
      "description" : "An example immunization service location.",
      "exampleCanonical" : "https://nphcda.gov.ng/immunizationIG/StructureDefinition/nigeria-location"
    },
    {
      "extension" : [{
        "url" : "http://hl7.org/fhir/tools/StructureDefinition/resource-information",
        "valueString" : "Patient"
      }],
      "reference" : {
        "reference" : "Patient/NgImmExamplePatient"
      },
      "name" : "NGImm Example Patient used in Bundle",
      "description" : "Sample patient for use with Bunlde and resident in Kogi State",
      "exampleCanonical" : "https://nphcda.gov.ng/immunizationIG/StructureDefinition/NgImmPatient"
    },
    {
      "extension" : [{
        "url" : "http://hl7.org/fhir/tools/StructureDefinition/resource-information",
        "valueString" : "RelatedPerson"
      }],
      "reference" : {
        "reference" : "RelatedPerson/NgImmExampleSiblingRelatedPerson"
      },
      "name" : "NGImm Example Sibling used in bundle",
      "description" : "Represents a sibling (mother's other child) related to the immunization client for use in Bundle",
      "exampleCanonical" : "https://nphcda.gov.ng/immunizationIG/StructureDefinition/mother-other-children"
    },
    {
      "extension" : [{
        "url" : "http://hl7.org/fhir/tools/StructureDefinition/resource-information",
        "valueString" : "CodeSystem"
      }],
      "reference" : {
        "reference" : "CodeSystem/nigeria-languages"
      },
      "name" : "NG‑Imm Languages in Nigeria CS",
      "description" : "This CodeSystem defines codes for major languages spoken across Nigeria.",
      "exampleBoolean" : false
    },
    {
      "extension" : [{
        "url" : "http://hl7.org/fhir/tools/StructureDefinition/resource-information",
        "valueString" : "StructureDefinition:resource"
      }],
      "reference" : {
        "reference" : "StructureDefinition/NgImmBundle"
      },
      "name" : "Nigeria Immunization Bundle",
      "description" : "FHIR Bundle profile for grouping Nigeria Immunization resources including Patient, Immunization, AllergyIntolerance, RelatedPerson, and Organization. Supports request/response/search metadata for interoperability.",
      "exampleBoolean" : false
    },
    {
      "extension" : [{
        "url" : "http://hl7.org/fhir/tools/StructureDefinition/resource-information",
        "valueString" : "StructureMap"
      }],
      "reference" : {
        "reference" : "StructureMap/adminvaccine-to-immunization"
      },
      "name" : "StructureMap: AdministerVaccine to FHIR Resources",
      "description" : "Map logical AdministerVaccine to NgImmImmunization, NgImmLocation, NgImmPractitioner, and NgImmEncounter profiles",
      "exampleBoolean" : false
    },
    {
      "extension" : [{
        "url" : "http://hl7.org/fhir/tools/StructureDefinition/resource-information",
        "valueString" : "StructureMap"
      }],
      "reference" : {
        "reference" : "StructureMap/defaultertracking-to-immunization"
      },
      "name" : "StructureMap: DefaulterTracking to Immunization and related profiles",
      "description" : "Map logical DefaulterTracking model to NgImmImmunization, NgImmPatient, NgImmEncounter, and NgImmPractitioner profiles",
      "exampleBoolean" : false
    },
    {
      "extension" : [{
        "url" : "http://hl7.org/fhir/tools/StructureDefinition/resource-information",
        "valueString" : "StructureMap"
      }],
      "reference" : {
        "reference" : "StructureMap/manageaefi-to-ngimm-aefi-profiles"
      },
      "name" : "StructureMap: ManageAEFI to AllergyIntolerance, Encounter, Practitioner, and Patient",
      "description" : "Maps ManageAEFI logical model to NgImmAllergyIntolerance, NgImmEncounter, NgImmPractitioner, and NgImmPatient profiles",
      "exampleBoolean" : false
    },
    {
      "extension" : [{
        "url" : "http://hl7.org/fhir/tools/StructureDefinition/resource-information",
        "valueString" : "StructureMap"
      }],
      "reference" : {
        "reference" : "StructureMap/registerclientmodel-to-ngimmpatient"
      },
      "name" : "StructureMap: RegisterClientModel to NgImmPatient",
      "description" : "Map logical RegisterClientModel to NgImmPatient profile",
      "exampleBoolean" : false
    },
    {
      "extension" : [{
        "url" : "http://hl7.org/fhir/tools/StructureDefinition/resource-information",
        "valueString" : "StructureMap"
      }],
      "reference" : {
        "reference" : "StructureMap/registerfacilitymodel-to-ngimmorganization-location"
      },
      "name" : "StructureMap: RegisterFacilityModel to NgImmOrganization and NgImmLocation",
      "description" : "Map logical RegisterFacilityModel to NgImmOrganization and NgImmLocation profiles",
      "exampleBoolean" : false
    },
    {
      "extension" : [{
        "url" : "http://hl7.org/fhir/tools/StructureDefinition/resource-information",
        "valueString" : "StructureMap"
      }],
      "reference" : {
        "reference" : "StructureMap/reportgeneration-to-measurereport"
      },
      "name" : "StructureMap: ReportGeneration to MeasureReport and Related Profiles",
      "description" : "Map ReportGeneration logical model to NgImmMeasureReport, NgImmMeasure, and NgImmPractitioner",
      "exampleBoolean" : false
    }],
    "page" : {
      "extension" : [{
        "url" : "http://hl7.org/fhir/tools/StructureDefinition/ig-page-name",
        "valueUrl" : "toc.html"
      }],
      "nameUrl" : "toc.html",
      "title" : "Table of Contents",
      "generation" : "html",
      "page" : [{
        "extension" : [{
          "url" : "http://hl7.org/fhir/tools/StructureDefinition/ig-page-name",
          "valueUrl" : "index.html"
        }],
        "nameUrl" : "index.html",
        "title" : "Home",
        "generation" : "markdown"
      },
      {
        "extension" : [{
          "url" : "http://hl7.org/fhir/tools/StructureDefinition/ig-page-name",
          "valueUrl" : "business-requirements.html"
        }],
        "nameUrl" : "business-requirements.html",
        "title" : "Business Requirements (DAKs)-(L2)",
        "generation" : "markdown"
      },
      {
        "extension" : [{
          "url" : "http://hl7.org/fhir/tools/StructureDefinition/ig-page-name",
          "valueUrl" : "generic-personas.html"
        }],
        "nameUrl" : "generic-personas.html",
        "title" : "Generic Personas",
        "generation" : "markdown"
      },
      {
        "extension" : [{
          "url" : "http://hl7.org/fhir/tools/StructureDefinition/ig-page-name",
          "valueUrl" : "user-scenarios.html"
        }],
        "nameUrl" : "user-scenarios.html",
        "title" : "User Scenarios",
        "generation" : "markdown"
      },
      {
        "extension" : [{
          "url" : "http://hl7.org/fhir/tools/StructureDefinition/ig-page-name",
          "valueUrl" : "business-processes.html"
        }],
        "nameUrl" : "business-processes.html",
        "title" : "Business Processes",
        "generation" : "markdown"
      },
      {
        "extension" : [{
          "url" : "http://hl7.org/fhir/tools/StructureDefinition/ig-page-name",
          "valueUrl" : "decision-support-logic.html"
        }],
        "nameUrl" : "decision-support-logic.html",
        "title" : "Decision Support Logic [TO BE TESTED and REFINED]",
        "generation" : "markdown"
      },
      {
        "extension" : [{
          "url" : "http://hl7.org/fhir/tools/StructureDefinition/ig-page-name",
          "valueUrl" : "functional-requirements.html"
        }],
        "nameUrl" : "functional-requirements.html",
        "title" : "Functional Requirements",
        "generation" : "markdown"
      },
      {
        "extension" : [{
          "url" : "http://hl7.org/fhir/tools/StructureDefinition/ig-page-name",
          "valueUrl" : "non-functional-requirements.html"
        }],
        "nameUrl" : "non-functional-requirements.html",
        "title" : "Non-Functional Requirements",
        "generation" : "markdown"
      },
      {
        "extension" : [{
          "url" : "http://hl7.org/fhir/tools/StructureDefinition/ig-page-name",
          "valueUrl" : "search-operation.html"
        }],
        "nameUrl" : "search-operation.html",
        "title" : "Search and Operation",
        "generation" : "markdown"
      },
      {
        "extension" : [{
          "url" : "http://hl7.org/fhir/tools/StructureDefinition/ig-page-name",
          "valueUrl" : "privacy-security.html"
        }],
        "nameUrl" : "privacy-security.html",
        "title" : "Privacy and Security Considerations",
        "generation" : "markdown"
      }]
    },
    "parameter" : [{
      "code" : "path-resource",
      "value" : "input/capabilities"
    },
    {
      "code" : "path-resource",
      "value" : "input/examples"
    },
    {
      "code" : "path-resource",
      "value" : "input/extensions"
    },
    {
      "code" : "path-resource",
      "value" : "input/models"
    },
    {
      "code" : "path-resource",
      "value" : "input/operations"
    },
    {
      "code" : "path-resource",
      "value" : "input/profiles"
    },
    {
      "code" : "path-resource",
      "value" : "input/resources"
    },
    {
      "code" : "path-resource",
      "value" : "input/vocabulary"
    },
    {
      "code" : "path-resource",
      "value" : "input/maps"
    },
    {
      "code" : "path-resource",
      "value" : "input/testing"
    },
    {
      "code" : "path-resource",
      "value" : "input/history"
    },
    {
      "code" : "path-resource",
      "value" : "fsh-generated/resources"
    },
    {
      "code" : "path-pages",
      "value" : "template/config"
    },
    {
      "code" : "path-pages",
      "value" : "input/images"
    },
    {
      "code" : "path-tx-cache",
      "value" : "input-cache/txcache"
    }]
  }
}