<?xml version="1.0" encoding="UTF-8"?>

<ImplementationGuide xmlns="http://hl7.org/fhir">
  <id value="fhir.nigeriaImmunizationIG"/>
  <text>
    <status value="generated"/><div xmlns="http://www.w3.org/1999/xhtml"><p class="res-header-id"><b>Generated Narrative: ImplementationGuide fhir.nigeriaImmunizationIG</b></p><a name="fhir.nigeriaImmunizationIG"> </a><a name="hcfhir.nigeriaImmunizationIG"> </a><h2>NigeriaimmunizationFHIRIG</h2><p>The official URL for this implementation guide is: </p><pre>https://nphcda.gov.ng/immunizationIG/ImplementationGuide/fhir.nigeriaImmunizationIG</pre><div><p>Nigeria Immunization FHIR IG</p>
</div></div>
  </text>
  <url value="https://nphcda.gov.ng/immunizationIG/ImplementationGuide/fhir.nigeriaImmunizationIG"/>
  <version value="0.5.0"/>
  <name value="NigeriaimmunizationFHIRIG"/>
  <title value="Nigeria Immunization FHIR IG"/>
  <status value="draft"/>
  <date value="2025-08-03T02:50:50+01:00"/>
  <publisher value="https://nphcda.gov.ng"/>
  <contact>
    <name value="https://nphcda.gov.ng"/>
    <telecom>
      <system value="url"/>
      <value value="https://nphcda.gov.ng"/>
    </telecom>
  </contact>
  <contact>
    <name value="Nigeria Primary Healthcare Development Agency."/>
    <telecom>
      <system value="email"/>
      <value value="ig@nphcda.gov.ng"/>
      <use value="work"/>
    </telecom>
  </contact>
  <description value="Nigeria Immunization FHIR IG"/>
  <jurisdiction>
    <coding>
      <system value="urn:iso:std:iso:3166"/>
      <code value="NG"/>
      <display value="Nigeria"/>
    </coding>
  </jurisdiction>
  <packageId value="fhir.nigeriaImmunizationIG"/>
  <license value="CC0-1.0"/>
  <fhirVersion value="4.0.1"/>
  <dependsOn id="hl7tx">
    <extension url="http://hl7.org/fhir/tools/StructureDefinition/implementationguide-dependency-comment">
      <valueMarkdown value="Automatically added as a dependency - all IGs depend on HL7 Terminology"/>
    </extension>
    <uri value="http://terminology.hl7.org/ImplementationGuide/hl7.terminology"/>
    <packageId value="hl7.terminology.r4"/>
    <version value="6.5.0"/>
  </dependsOn>
  <dependsOn id="hl7ext">
    <extension url="http://hl7.org/fhir/tools/StructureDefinition/implementationguide-dependency-comment">
      <valueMarkdown value="Automatically added as a dependency - all IGs depend on the HL7 Extension Pack"/>
    </extension>
    <uri value="http://hl7.org/fhir/extensions/ImplementationGuide/hl7.fhir.uv.extensions"/>
    <packageId value="hl7.fhir.uv.extensions.r4"/>
    <version value="5.3.0-ballot-tc1"/>
  </dependsOn>
  <definition>
    <extension url="http://hl7.org/fhir/tools/StructureDefinition/ig-parameter">
      <extension url="code">
        <valueString value="copyrightyear"/>
      </extension>
      <extension url="value">
        <valueString value="2025+"/>
      </extension>
    </extension>
    <extension url="http://hl7.org/fhir/tools/StructureDefinition/ig-parameter">
      <extension url="code">
        <valueString value="releaselabel"/>
      </extension>
      <extension url="value">
        <valueString value="draft"/>
      </extension>
    </extension>
    <extension url="http://hl7.org/fhir/tools/StructureDefinition/ig-parameter">
      <extension url="code">
        <valueString value="autoload-resources"/>
      </extension>
      <extension url="value">
        <valueString value="true"/>
      </extension>
    </extension>
    <extension url="http://hl7.org/fhir/tools/StructureDefinition/ig-parameter">
      <extension url="code">
        <valueString value="path-liquid"/>
      </extension>
      <extension url="value">
        <valueString value="template/liquid"/>
      </extension>
    </extension>
    <extension url="http://hl7.org/fhir/tools/StructureDefinition/ig-parameter">
      <extension url="code">
        <valueString value="path-liquid"/>
      </extension>
      <extension url="value">
        <valueString value="input/liquid"/>
      </extension>
    </extension>
    <extension url="http://hl7.org/fhir/tools/StructureDefinition/ig-parameter">
      <extension url="code">
        <valueString value="path-qa"/>
      </extension>
      <extension url="value">
        <valueString value="temp/qa"/>
      </extension>
    </extension>
    <extension url="http://hl7.org/fhir/tools/StructureDefinition/ig-parameter">
      <extension url="code">
        <valueString value="path-temp"/>
      </extension>
      <extension url="value">
        <valueString value="temp/pages"/>
      </extension>
    </extension>
    <extension url="http://hl7.org/fhir/tools/StructureDefinition/ig-parameter">
      <extension url="code">
        <valueString value="path-output"/>
      </extension>
      <extension url="value">
        <valueString value="output"/>
      </extension>
    </extension>
    <extension url="http://hl7.org/fhir/tools/StructureDefinition/ig-parameter">
      <extension url="code">
        <valueString value="path-suppressed-warnings"/>
      </extension>
      <extension url="value">
        <valueString value="input/ignoreWarnings.txt"/>
      </extension>
    </extension>
    <extension url="http://hl7.org/fhir/tools/StructureDefinition/ig-parameter">
      <extension url="code">
        <valueString value="path-history"/>
      </extension>
      <extension url="value">
        <valueString value="https://nphcda.gov.ng/immunizationIG/history.html"/>
      </extension>
    </extension>
    <extension url="http://hl7.org/fhir/tools/StructureDefinition/ig-parameter">
      <extension url="code">
        <valueString value="template-html"/>
      </extension>
      <extension url="value">
        <valueString value="template-page.html"/>
      </extension>
    </extension>
    <extension url="http://hl7.org/fhir/tools/StructureDefinition/ig-parameter">
      <extension url="code">
        <valueString value="template-md"/>
      </extension>
      <extension url="value">
        <valueString value="template-page-md.html"/>
      </extension>
    </extension>
    <extension url="http://hl7.org/fhir/tools/StructureDefinition/ig-parameter">
      <extension url="code">
        <valueString value="apply-contact"/>
      </extension>
      <extension url="value">
        <valueString value="true"/>
      </extension>
    </extension>
    <extension url="http://hl7.org/fhir/tools/StructureDefinition/ig-parameter">
      <extension url="code">
        <valueString value="apply-context"/>
      </extension>
      <extension url="value">
        <valueString value="true"/>
      </extension>
    </extension>
    <extension url="http://hl7.org/fhir/tools/StructureDefinition/ig-parameter">
      <extension url="code">
        <valueString value="apply-copyright"/>
      </extension>
      <extension url="value">
        <valueString value="true"/>
      </extension>
    </extension>
    <extension url="http://hl7.org/fhir/tools/StructureDefinition/ig-parameter">
      <extension url="code">
        <valueString value="apply-jurisdiction"/>
      </extension>
      <extension url="value">
        <valueString value="true"/>
      </extension>
    </extension>
    <extension url="http://hl7.org/fhir/tools/StructureDefinition/ig-parameter">
      <extension url="code">
        <valueString value="apply-license"/>
      </extension>
      <extension url="value">
        <valueString value="true"/>
      </extension>
    </extension>
    <extension url="http://hl7.org/fhir/tools/StructureDefinition/ig-parameter">
      <extension url="code">
        <valueString value="apply-publisher"/>
      </extension>
      <extension url="value">
        <valueString value="true"/>
      </extension>
    </extension>
    <extension url="http://hl7.org/fhir/tools/StructureDefinition/ig-parameter">
      <extension url="code">
        <valueString value="apply-version"/>
      </extension>
      <extension url="value">
        <valueString value="true"/>
      </extension>
    </extension>
    <extension url="http://hl7.org/fhir/tools/StructureDefinition/ig-parameter">
      <extension url="code">
        <valueString value="apply-wg"/>
      </extension>
      <extension url="value">
        <valueString value="true"/>
      </extension>
    </extension>
    <extension url="http://hl7.org/fhir/tools/StructureDefinition/ig-parameter">
      <extension url="code">
        <valueString value="active-tables"/>
      </extension>
      <extension url="value">
        <valueString value="true"/>
      </extension>
    </extension>
    <extension url="http://hl7.org/fhir/tools/StructureDefinition/ig-parameter">
      <extension url="code">
        <valueString value="fmm-definition"/>
      </extension>
      <extension url="value">
        <valueString value="http://hl7.org/fhir/versions.html#maturity"/>
      </extension>
    </extension>
    <extension url="http://hl7.org/fhir/tools/StructureDefinition/ig-parameter">
      <extension url="code">
        <valueString value="propagate-status"/>
      </extension>
      <extension url="value">
        <valueString value="true"/>
      </extension>
    </extension>
    <extension url="http://hl7.org/fhir/tools/StructureDefinition/ig-parameter">
      <extension url="code">
        <valueString value="excludelogbinaryformat"/>
      </extension>
      <extension url="value">
        <valueString value="true"/>
      </extension>
    </extension>
    <extension url="http://hl7.org/fhir/tools/StructureDefinition/ig-parameter">
      <extension url="code">
        <valueString value="tabbed-snapshots"/>
      </extension>
      <extension url="value">
        <valueString value="true"/>
      </extension>
    </extension>
    <extension url="http://hl7.org/fhir/tools/StructureDefinition/ig-internal-dependency">
      <valueCode value="hl7.fhir.uv.tools.r4#0.7.1"/>
    </extension>
    <extension url="http://hl7.org/fhir/tools/StructureDefinition/ig-parameter">
      <extension url="code">
        <valueCode value="copyrightyear"/>
      </extension>
      <extension url="value">
        <valueString value="2025+"/>
      </extension>
    </extension>
    <extension url="http://hl7.org/fhir/tools/StructureDefinition/ig-parameter">
      <extension url="code">
        <valueCode value="releaselabel"/>
      </extension>
      <extension url="value">
        <valueString value="draft"/>
      </extension>
    </extension>
    <extension url="http://hl7.org/fhir/tools/StructureDefinition/ig-parameter">
      <extension url="code">
        <valueCode value="autoload-resources"/>
      </extension>
      <extension url="value">
        <valueString value="true"/>
      </extension>
    </extension>
    <extension url="http://hl7.org/fhir/tools/StructureDefinition/ig-parameter">
      <extension url="code">
        <valueCode value="path-liquid"/>
      </extension>
      <extension url="value">
        <valueString value="template/liquid"/>
      </extension>
    </extension>
    <extension url="http://hl7.org/fhir/tools/StructureDefinition/ig-parameter">
      <extension url="code">
        <valueCode value="path-liquid"/>
      </extension>
      <extension url="value">
        <valueString value="input/liquid"/>
      </extension>
    </extension>
    <extension url="http://hl7.org/fhir/tools/StructureDefinition/ig-parameter">
      <extension url="code">
        <valueCode value="path-qa"/>
      </extension>
      <extension url="value">
        <valueString value="temp/qa"/>
      </extension>
    </extension>
    <extension url="http://hl7.org/fhir/tools/StructureDefinition/ig-parameter">
      <extension url="code">
        <valueCode value="path-temp"/>
      </extension>
      <extension url="value">
        <valueString value="temp/pages"/>
      </extension>
    </extension>
    <extension url="http://hl7.org/fhir/tools/StructureDefinition/ig-parameter">
      <extension url="code">
        <valueCode value="path-output"/>
      </extension>
      <extension url="value">
        <valueString value="output"/>
      </extension>
    </extension>
    <extension url="http://hl7.org/fhir/tools/StructureDefinition/ig-parameter">
      <extension url="code">
        <valueCode value="path-suppressed-warnings"/>
      </extension>
      <extension url="value">
        <valueString value="input/ignoreWarnings.txt"/>
      </extension>
    </extension>
    <extension url="http://hl7.org/fhir/tools/StructureDefinition/ig-parameter">
      <extension url="code">
        <valueCode value="path-history"/>
      </extension>
      <extension url="value">
        <valueString value="https://nphcda.gov.ng/immunizationIG/history.html"/>
      </extension>
    </extension>
    <extension url="http://hl7.org/fhir/tools/StructureDefinition/ig-parameter">
      <extension url="code">
        <valueCode value="template-html"/>
      </extension>
      <extension url="value">
        <valueString value="template-page.html"/>
      </extension>
    </extension>
    <extension url="http://hl7.org/fhir/tools/StructureDefinition/ig-parameter">
      <extension url="code">
        <valueCode value="template-md"/>
      </extension>
      <extension url="value">
        <valueString value="template-page-md.html"/>
      </extension>
    </extension>
    <extension url="http://hl7.org/fhir/tools/StructureDefinition/ig-parameter">
      <extension url="code">
        <valueCode value="apply-contact"/>
      </extension>
      <extension url="value">
        <valueString value="true"/>
      </extension>
    </extension>
    <extension url="http://hl7.org/fhir/tools/StructureDefinition/ig-parameter">
      <extension url="code">
        <valueCode value="apply-context"/>
      </extension>
      <extension url="value">
        <valueString value="true"/>
      </extension>
    </extension>
    <extension url="http://hl7.org/fhir/tools/StructureDefinition/ig-parameter">
      <extension url="code">
        <valueCode value="apply-copyright"/>
      </extension>
      <extension url="value">
        <valueString value="true"/>
      </extension>
    </extension>
    <extension url="http://hl7.org/fhir/tools/StructureDefinition/ig-parameter">
      <extension url="code">
        <valueCode value="apply-jurisdiction"/>
      </extension>
      <extension url="value">
        <valueString value="true"/>
      </extension>
    </extension>
    <extension url="http://hl7.org/fhir/tools/StructureDefinition/ig-parameter">
      <extension url="code">
        <valueCode value="apply-license"/>
      </extension>
      <extension url="value">
        <valueString value="true"/>
      </extension>
    </extension>
    <extension url="http://hl7.org/fhir/tools/StructureDefinition/ig-parameter">
      <extension url="code">
        <valueCode value="apply-publisher"/>
      </extension>
      <extension url="value">
        <valueString value="true"/>
      </extension>
    </extension>
    <extension url="http://hl7.org/fhir/tools/StructureDefinition/ig-parameter">
      <extension url="code">
        <valueCode value="apply-version"/>
      </extension>
      <extension url="value">
        <valueString value="true"/>
      </extension>
    </extension>
    <extension url="http://hl7.org/fhir/tools/StructureDefinition/ig-parameter">
      <extension url="code">
        <valueCode value="apply-wg"/>
      </extension>
      <extension url="value">
        <valueString value="true"/>
      </extension>
    </extension>
    <extension url="http://hl7.org/fhir/tools/StructureDefinition/ig-parameter">
      <extension url="code">
        <valueCode value="active-tables"/>
      </extension>
      <extension url="value">
        <valueString value="true"/>
      </extension>
    </extension>
    <extension url="http://hl7.org/fhir/tools/StructureDefinition/ig-parameter">
      <extension url="code">
        <valueCode value="fmm-definition"/>
      </extension>
      <extension url="value">
        <valueString value="http://hl7.org/fhir/versions.html#maturity"/>
      </extension>
    </extension>
    <extension url="http://hl7.org/fhir/tools/StructureDefinition/ig-parameter">
      <extension url="code">
        <valueCode value="propagate-status"/>
      </extension>
      <extension url="value">
        <valueString value="true"/>
      </extension>
    </extension>
    <extension url="http://hl7.org/fhir/tools/StructureDefinition/ig-parameter">
      <extension url="code">
        <valueCode value="excludelogbinaryformat"/>
      </extension>
      <extension url="value">
        <valueString value="true"/>
      </extension>
    </extension>
    <extension url="http://hl7.org/fhir/tools/StructureDefinition/ig-parameter">
      <extension url="code">
        <valueCode value="tabbed-snapshots"/>
      </extension>
      <extension url="value">
        <valueString value="true"/>
      </extension>
    </extension>
    <resource>
      <extension url="http://hl7.org/fhir/tools/StructureDefinition/resource-information">
        <valueString value="StructureDefinition:extension"/>
      </extension>
      <reference>
        <reference value="StructureDefinition/nigeria-administrative-ward"/>
      </reference>
      <name value="NG-Imm Administrative Wards "/>
      <description value="Captures the administrative ward within a geographic address"/>
      <exampleBoolean value="false"/>
    </resource>
    <resource>
      <extension url="http://hl7.org/fhir/tools/StructureDefinition/resource-information">
        <valueString value="CodeSystem"/>
      </extension>
      <reference>
        <reference value="CodeSystem/nigeria-wards"/>
      </reference>
      <name value="NG-Imm Administrative Wards CS"/>
      <description value="This CodeSystem defines ward codes and names mapped to their respective Local Government Areas (LGAs) in Nigeria."/>
      <exampleBoolean value="false"/>
    </resource>
    <resource>
      <extension url="http://hl7.org/fhir/tools/StructureDefinition/resource-information">
        <valueString value="CodeSystem"/>
      </extension>
      <reference>
        <reference value="CodeSystem/nigeria-clinical-status"/>
      </reference>
      <name value="NG-Imm Adverse Event Clinical Status CS"/>
      <description value="A classification system that represents the current clinical status of an individual who experienced an Adverse Event Following Immunization (AEFI), based on medical observation, investigation, or follow-up assessment."/>
      <exampleBoolean value="false"/>
    </resource>
    <resource>
      <extension url="http://hl7.org/fhir/tools/StructureDefinition/resource-information">
        <valueString value="StructureDefinition:extension"/>
      </extension>
      <reference>
        <reference value="StructureDefinition/allergy-reference-dose-number"/>
      </reference>
      <name value="NG-Imm Allergy Dose Number"/>
      <description value="Reference immunization dose number for this AllergyIntolerance."/>
      <exampleBoolean value="false"/>
    </resource>
    <resource>
      <extension url="http://hl7.org/fhir/tools/StructureDefinition/resource-information">
        <valueString value="StructureDefinition:resource"/>
      </extension>
      <reference>
        <reference value="StructureDefinition/allergy-intolerance-profile"/>
      </reference>
      <name value="NG-Imm AllergyIntolerance"/>
      <description value="Nigeria Immunization Allergy Intolerance Profile"/>
      <exampleBoolean value="false"/>
    </resource>
    <resource>
      <extension url="http://hl7.org/fhir/tools/StructureDefinition/resource-information">
        <valueString value="StructureDefinition:extension"/>
      </extension>
      <reference>
        <reference value="StructureDefinition/age-in-months"/>
      </reference>
      <name value="NG-Imm Client Age in Months"/>
      <description value="Age of the Immunization Client recorded in months"/>
      <exampleBoolean value="false"/>
    </resource>
    <resource>
      <extension url="http://hl7.org/fhir/tools/StructureDefinition/resource-information">
        <valueString value="StructureDefinition:extension"/>
      </extension>
      <reference>
        <reference value="StructureDefinition/age-in-weeks"/>
      </reference>
      <name value="NG-Imm Client Age in Weeks"/>
      <description value="Age of the Immunization Client recorded in weeks"/>
      <exampleBoolean value="false"/>
    </resource>
    <resource>
      <extension url="http://hl7.org/fhir/tools/StructureDefinition/resource-information">
        <valueString value="StructureDefinition:extension"/>
      </extension>
      <reference>
        <reference value="StructureDefinition/age-in-years"/>
      </reference>
      <name value="NG-Imm Client Age in Years"/>
      <description value="Age of the Immunization Client recorded in years"/>
      <exampleBoolean value="false"/>
    </resource>
    <resource>
      <extension url="http://hl7.org/fhir/tools/StructureDefinition/resource-information">
        <valueString value="CapabilityStatement"/>
      </extension>
      <reference>
        <reference value="CapabilityStatement/NgImmCapabilityStatementClient"/>
      </reference>
      <name value="NG-Imm Client CapabilityStatement"/>
      <description value="This CapabilityStatement defines the expected behavior of client systems that interact with NG-IMM FHIR servers in Nigeria’s immunization ecosystem.&#xA;&#xA;Clients must support standard RESTful interactions with NG-IMM-compliant FHIR APIs and use appropriate operations to submit, export, and validate structured data. &#xA;They are also expected to initiate transformation of logical models (e.g. RegisterClientModel, AdministerVaccine) into formal FHIR resources using `$transform`.&#xA;&#xA;#### Use of HTTP Methods:&#xA;- **POST**: Used by clients to create new Patient, Immunization, or Bundle resources.&#xA;- **PUT**: Used to fully replace an existing resource with updated data.&#xA;- **PATCH**: Used to update only specific elements of a resource."/>
      <exampleBoolean value="false"/>
    </resource>
    <resource>
      <extension url="http://hl7.org/fhir/tools/StructureDefinition/resource-information">
        <valueString value="CodeSystem"/>
      </extension>
      <reference>
        <reference value="CodeSystem/nigeria-hiv-status"/>
      </reference>
      <name value="NG-Imm Client HIV status CS"/>
      <description value="This CodeSystem defines list of options for HIV status of a Client"/>
      <exampleBoolean value="false"/>
    </resource>
    <resource>
      <extension url="http://hl7.org/fhir/tools/StructureDefinition/resource-information">
        <valueString value="ValueSet"/>
      </extension>
      <reference>
        <reference value="ValueSet/nigeria-hiv-status"/>
      </reference>
      <name value="NG-Imm Client HIV Status VS"/>
      <description value="Client HIV Status"/>
      <exampleBoolean value="false"/>
    </resource>
    <resource>
      <extension url="http://hl7.org/fhir/tools/StructureDefinition/resource-information">
        <valueString value="ValueSet"/>
      </extension>
      <reference>
        <reference value="ValueSet/nigeria-pregnancy-status"/>
      </reference>
      <name value="NG-Imm Client Preganancy Status VS"/>
      <description value="Client Pregnancy Status"/>
      <exampleBoolean value="false"/>
    </resource>
    <resource>
      <extension url="http://hl7.org/fhir/tools/StructureDefinition/resource-information">
        <valueString value="CodeSystem"/>
      </extension>
      <reference>
        <reference value="CodeSystem/nigeria-pregnancy-status"/>
      </reference>
      <name value="NG-Imm Client Pregnancy status CS"/>
      <description value="This CodeSystem defines list of options for Pregnancy status of a Client"/>
      <exampleBoolean value="false"/>
    </resource>
    <resource>
      <extension url="http://hl7.org/fhir/tools/StructureDefinition/resource-information">
        <valueString value="StructureDefinition:extension"/>
      </extension>
      <reference>
        <reference value="StructureDefinition/hiv-status"/>
      </reference>
      <name value="NG-Imm Client's HIV status"/>
      <description value="The HIV status (positive, negative, or unknown) of the Immunization Client"/>
      <exampleBoolean value="false"/>
    </resource>
    <resource>
      <extension url="http://hl7.org/fhir/tools/StructureDefinition/resource-information">
        <valueString value="StructureDefinition:extension"/>
      </extension>
      <reference>
        <reference value="StructureDefinition/pregnancy-status"/>
      </reference>
      <name value="NG-Imm Client's Pregnancy status"/>
      <description value="The Pregnancy status (pregnant or not-pregnant) of the Immunization Client"/>
      <exampleBoolean value="false"/>
    </resource>
    <resource>
      <extension url="http://hl7.org/fhir/tools/StructureDefinition/resource-information">
        <valueString value="ValueSet"/>
      </extension>
      <reference>
        <reference value="ValueSet/nigeria-clinical-status"/>
      </reference>
      <name value="NG-Imm Clinical Status VS"/>
      <description value="The outcome of the reaction"/>
      <exampleBoolean value="false"/>
    </resource>
    <resource>
      <extension url="http://hl7.org/fhir/tools/StructureDefinition/resource-information">
        <valueString value="StructureDefinition:extension"/>
      </extension>
      <reference>
        <reference value="StructureDefinition/signature"/>
      </reference>
      <name value="NG-Imm Digital Signature"/>
      <description value="A digital or electronic signature capturing who signed, when, type, and signature data."/>
      <exampleBoolean value="false"/>
    </resource>
    <resource>
      <extension url="http://hl7.org/fhir/tools/StructureDefinition/resource-information">
        <valueString value="StructureDefinition:extension"/>
      </extension>
      <reference>
        <reference value="StructureDefinition/allergy-reference-dose-series"/>
      </reference>
      <name value="NG-Imm Dose Series"/>
      <description value="Dose series number from the referenced Immunization.protocolApplied.doseNumber."/>
      <exampleBoolean value="false"/>
    </resource>
    <resource>
      <extension url="http://hl7.org/fhir/tools/StructureDefinition/resource-information">
        <valueString value="StructureDefinition:resource"/>
      </extension>
      <reference>
        <reference value="StructureDefinition/ng-imm-encounter"/>
      </reference>
      <name value="NG-Imm Encounter"/>
      <description value="A profile for encounters in the Nigerian  Immunization guide, used to document immunization visits and related healthcare interactions."/>
      <exampleBoolean value="false"/>
    </resource>
    <resource>
      <extension url="http://hl7.org/fhir/tools/StructureDefinition/implementationguide-resource-format">
        <valueCode value="application/fhir+json"/>
      </extension>
      <extension url="http://hl7.org/fhir/tools/StructureDefinition/resource-information">
        <valueString value="Binary"/>
      </extension>
      <reference>
        <reference value="Binary/AEFI-Case-Report-202503"/>
      </reference>
      <name value="NG-Imm Example AEFI case report"/>
      <description value="An example case of Adverse Event Following Immunization Report"/>
      <exampleCanonical value="https://nphcda.gov.ng/immunizationIG/StructureDefinition/IMMZGGenerateReport"/>
    </resource>
    <resource>
      <extension url="http://hl7.org/fhir/tools/StructureDefinition/resource-information">
        <valueString value="AllergyIntolerance"/>
      </extension>
      <reference>
        <reference value="AllergyIntolerance/FullExampleNgAllergyIntolerance"/>
      </reference>
      <name value="NG-Imm Example AllergyIntolerance"/>
      <description value="A fictional example of a an allergy resulting from Immunization."/>
      <exampleCanonical value="https://nphcda.gov.ng/immunizationIG/StructureDefinition/allergy-intolerance-profile"/>
    </resource>
    <resource>
      <extension url="http://hl7.org/fhir/tools/StructureDefinition/resource-information">
        <valueString value="Immunization"/>
      </extension>
      <reference>
        <reference value="Immunization/ExampleNgImmImmunizationCompleted"/>
      </reference>
      <name value="NG-Imm Example BCG Immunization"/>
      <description value="An example of a completed BCG immunization event"/>
      <exampleCanonical value="https://nphcda.gov.ng/immunizationIG/StructureDefinition/NgImmImmunization"/>
    </resource>
    <resource>
      <extension url="http://hl7.org/fhir/tools/StructureDefinition/resource-information">
        <valueString value="Patient"/>
      </extension>
      <reference>
        <reference value="Patient/FullExampleNgImmPatient"/>
      </reference>
      <name value="NG-Imm Example Full Immunization Patient"/>
      <description value="A Nigeria Immunization Patient instance with all required and optional fields populated"/>
      <exampleCanonical value="https://nphcda.gov.ng/immunizationIG/StructureDefinition/NgImmPatient"/>
    </resource>
    <resource>
      <extension url="http://hl7.org/fhir/tools/StructureDefinition/resource-information">
        <valueString value="MeasureReport"/>
      </extension>
      <reference>
        <reference value="MeasureReport/ExampleNgImmMeasureReport"/>
      </reference>
      <name value="NG-Imm Example MeasureReport Monthly Immunization Coverage"/>
      <description value="An example of a summary MeasureReport generated for BCG coverage at a facility"/>
      <exampleCanonical value="https://nphcda.gov.ng/immunizationIG/StructureDefinition/measure-report-profile"/>
    </resource>
    <resource>
      <extension url="http://hl7.org/fhir/tools/StructureDefinition/resource-information">
        <valueString value="Organization"/>
      </extension>
      <reference>
        <reference value="Organization/NgImmExampleOrganization"/>
      </reference>
      <name value="NG-Imm Example Organization"/>
      <description value="Represents a health facility in Kogi State providing immunization services for use in Bundle"/>
      <exampleCanonical value="https://nphcda.gov.ng/immunizationIG/StructureDefinition/ng-imm-organization"/>
    </resource>
    <resource>
      <extension url="http://hl7.org/fhir/tools/StructureDefinition/resource-information">
        <valueString value="Organization"/>
      </extension>
      <reference>
        <reference value="Organization/organization-example"/>
      </reference>
      <name value="NG-Imm Example Organization"/>
      <description value="A fictional example of a typical organization."/>
      <exampleCanonical value="https://nphcda.gov.ng/immunizationIG/StructureDefinition/ng-imm-organization"/>
    </resource>
    <resource>
      <extension url="http://hl7.org/fhir/tools/StructureDefinition/resource-information">
        <valueString value="Patient"/>
      </extension>
      <reference>
        <reference value="Patient/ExampleNgImmPatient"/>
      </reference>
      <name value="NG-Imm Example Patient"/>
      <description value="A sample patient conforming to the Nigeria Immunization Patient profile"/>
      <exampleCanonical value="https://nphcda.gov.ng/immunizationIG/StructureDefinition/NgImmPatient"/>
    </resource>
    <resource>
      <extension url="http://hl7.org/fhir/tools/StructureDefinition/resource-information">
        <valueString value="Patient"/>
      </extension>
      <reference>
        <reference value="Patient/ExampleNgPatientAdminWard"/>
      </reference>
      <name value="NG-Imm Example Patient with Ward data"/>
      <description value="A fictional example of a patient with information on administrative ward"/>
      <exampleCanonical value="https://nphcda.gov.ng/immunizationIG/StructureDefinition/NgImmPatient"/>
    </resource>
    <resource>
      <extension url="http://hl7.org/fhir/tools/StructureDefinition/resource-information">
        <valueString value="Practitioner"/>
      </extension>
      <reference>
        <reference value="Practitioner/ng-practitioner-example"/>
      </reference>
      <name value="NG-Imm Example Practitioner"/>
      <description value="An example of a Nigerian Routine Immunization Officer"/>
      <exampleCanonical value="https://nphcda.gov.ng/immunizationIG/StructureDefinition/NgImmPractitioner"/>
    </resource>
    <resource>
      <extension url="http://hl7.org/fhir/tools/StructureDefinition/resource-information">
        <valueString value="RelatedPerson"/>
      </extension>
      <reference>
        <reference value="RelatedPerson/Sister2"/>
      </reference>
      <name value="NG-Imm Example Sibling"/>
      <description value="An example of a mother's other child as a RelatedPerson resource."/>
      <exampleCanonical value="https://nphcda.gov.ng/immunizationIG/StructureDefinition/mother-other-children"/>
    </resource>
    <resource>
      <extension url="http://hl7.org/fhir/tools/StructureDefinition/resource-information">
        <valueString value="RelatedPerson"/>
      </extension>
      <reference>
        <reference value="RelatedPerson/Child1"/>
      </reference>
      <name value="NG-Imm Example Sibling - Mother's Other Child"/>
      <description value="An example of a mother's other child as a RelatedPerson resource."/>
      <exampleCanonical value="https://nphcda.gov.ng/immunizationIG/StructureDefinition/mother-other-children"/>
    </resource>
    <resource>
      <extension url="http://hl7.org/fhir/tools/StructureDefinition/implementationguide-resource-format">
        <valueCode value="application/fhir+json"/>
      </extension>
      <extension url="http://hl7.org/fhir/tools/StructureDefinition/resource-information">
        <valueString value="Binary"/>
      </extension>
      <reference>
        <reference value="Binary/Vaccine-Stock-Report-202503"/>
      </reference>
      <name value="NG-Imm Example Stock report"/>
      <description value="An example Stock management report"/>
      <exampleCanonical value="https://nphcda.gov.ng/immunizationIG/StructureDefinition/IMMZGGenerateReport"/>
    </resource>
    <resource>
      <extension url="http://hl7.org/fhir/tools/StructureDefinition/resource-information">
        <valueString value="CodeSystem"/>
      </extension>
      <reference>
        <reference value="CodeSystem/nigeria-facility-type"/>
      </reference>
      <name value="NG-Imm Facility Type CS"/>
      <description value="A standardized classification system used to describe the type or level of health facility within a healthcare delivery system, based on the scope of services provided, staffing, infrastructure, and administrative role."/>
      <exampleBoolean value="false"/>
    </resource>
    <resource>
      <extension url="http://hl7.org/fhir/tools/StructureDefinition/resource-information">
        <valueString value="CodeSystem"/>
      </extension>
      <reference>
        <reference value="CodeSystem/nigeria-gender"/>
      </reference>
      <name value="NG-Imm Gender CS"/>
      <description value="The administrative gender of a person."/>
      <exampleBoolean value="false"/>
    </resource>
    <resource>
      <extension url="http://hl7.org/fhir/tools/StructureDefinition/resource-information">
        <valueString value="ValueSet"/>
      </extension>
      <reference>
        <reference value="ValueSet/nigeria-gender"/>
      </reference>
      <name value="NG-Imm Gender or Sex VS"/>
      <description value="Subset of HL7 administrative-gender limited to 'male' and 'female'."/>
      <exampleBoolean value="false"/>
    </resource>
    <resource>
      <extension url="http://hl7.org/fhir/tools/StructureDefinition/resource-information">
        <valueString value="ValueSet"/>
      </extension>
      <reference>
        <reference value="ValueSet/nigeria-facility-types"/>
      </reference>
      <name value="NG-Imm HealthFacility Type VS"/>
      <description value="Classification of Nigerian health facilities"/>
      <exampleBoolean value="false"/>
    </resource>
    <resource>
      <extension url="http://hl7.org/fhir/tools/StructureDefinition/resource-information">
        <valueString value="StructureDefinition:resource"/>
      </extension>
      <reference>
        <reference value="StructureDefinition/NgImmImmunization"/>
      </reference>
      <name value="NG-Imm Immunization"/>
      <description value="Nigerian Profile for Immunization resource."/>
      <exampleBoolean value="false"/>
    </resource>
    <resource>
      <extension url="http://hl7.org/fhir/tools/StructureDefinition/resource-information">
        <valueString value="StructureDefinition:extension"/>
      </extension>
      <reference>
        <reference value="StructureDefinition/contraindicated"/>
      </reference>
      <name value="NG-Imm Immunization Contraindicated"/>
      <description value="Indicates whether the immunization was contraindicated"/>
      <exampleBoolean value="false"/>
    </resource>
    <resource>
      <extension url="http://hl7.org/fhir/tools/StructureDefinition/resource-information">
        <valueString value="CodeSystem"/>
      </extension>
      <reference>
        <reference value="CodeSystem/nigeria-immunization-session-type"/>
      </reference>
      <name value="NG-Imm Immunization Session types CS"/>
      <description value="Type of session for immunization. Could be in a fixed facility, outreach or mobile."/>
      <exampleBoolean value="false"/>
    </resource>
    <resource>
      <extension url="http://hl7.org/fhir/tools/StructureDefinition/resource-information">
        <valueString value="ValueSet"/>
      </extension>
      <reference>
        <reference value="ValueSet/nigeria-languages"/>
      </reference>
      <name value="NG-Imm Languages VS"/>
      <description value="The Patient's preferred language for communication."/>
      <exampleBoolean value="false"/>
    </resource>
    <resource>
      <extension url="http://hl7.org/fhir/tools/StructureDefinition/resource-information">
        <valueString value="CodeSystem"/>
      </extension>
      <reference>
        <reference value="CodeSystem/nigeria-lgas"/>
      </reference>
      <name value="NG-Imm LGAs in Nigeria CS"/>
      <description value="This CodeSystem defines LGA codes and names mapped to their respective States in Nigeria."/>
      <exampleBoolean value="false"/>
    </resource>
    <resource>
      <extension url="http://hl7.org/fhir/tools/StructureDefinition/resource-information">
        <valueString value="ValueSet"/>
      </extension>
      <reference>
        <reference value="ValueSet/nigeria-lgas"/>
      </reference>
      <name value="NG-Imm LGAs VS"/>
      <description value="The administrative Local Government Areas where a person or a facility is."/>
      <exampleBoolean value="false"/>
    </resource>
    <resource>
      <extension url="http://hl7.org/fhir/tools/StructureDefinition/resource-information">
        <valueString value="StructureDefinition:resource"/>
      </extension>
      <reference>
        <reference value="StructureDefinition/nigeria-location"/>
      </reference>
      <name value="NG-Imm Location"/>
      <description value="A profile for immunization service locations, including health facilities, outreach sites, and mobile vaccination units."/>
      <exampleBoolean value="false"/>
    </resource>
    <resource>
      <extension url="http://hl7.org/fhir/tools/StructureDefinition/resource-information">
        <valueString value="ValueSet"/>
      </extension>
      <reference>
        <reference value="ValueSet/nigeria-location-owner"/>
      </reference>
      <name value="NG-Imm Location Owner"/>
      <description value="The owner of an Immunization location"/>
      <exampleBoolean value="false"/>
    </resource>
    <resource>
      <extension url="http://hl7.org/fhir/tools/StructureDefinition/resource-information">
        <valueString value="CodeSystem"/>
      </extension>
      <reference>
        <reference value="CodeSystem/nigeria-location-owner-cs"/>
      </reference>
      <name value="NG-Imm Location Owner CS"/>
      <description value="This CodeSystem defines Immunization Location Owner."/>
      <exampleBoolean value="false"/>
    </resource>
    <resource>
      <extension url="http://hl7.org/fhir/tools/StructureDefinition/resource-information">
        <valueString value="StructureDefinition:resource"/>
      </extension>
      <reference>
        <reference value="StructureDefinition/ngimm-measure"/>
      </reference>
      <name value="NG-Imm Measure"/>
      <description value="A profile on the Measure resource used to define immunization indicators within Nigeria's routine immunization program."/>
      <exampleBoolean value="false"/>
    </resource>
    <resource>
      <extension url="http://hl7.org/fhir/tools/StructureDefinition/resource-information">
        <valueString value="StructureDefinition:resource"/>
      </extension>
      <reference>
        <reference value="StructureDefinition/measure-report-profile"/>
      </reference>
      <name value="NG-Imm MeasureReport"/>
      <description value="Nigeria Immunization Measure Report Profile"/>
      <exampleBoolean value="false"/>
    </resource>
    <resource>
      <extension url="http://hl7.org/fhir/tools/StructureDefinition/resource-information">
        <valueString value="StructureDefinition:extension"/>
      </extension>
      <reference>
        <reference value="StructureDefinition/next-dose-date"/>
      </reference>
      <name value="NG-Imm Next Dose Date"/>
      <description value="The recommended due date for the next vaccine dose in the schedule."/>
      <exampleBoolean value="false"/>
    </resource>
    <resource>
      <extension url="http://hl7.org/fhir/tools/StructureDefinition/resource-information">
        <valueString value="StructureDefinition:resource"/>
      </extension>
      <reference>
        <reference value="StructureDefinition/ng-imm-organization"/>
      </reference>
      <name value="NG-Imm Organization"/>
      <description value="An organization profile representing healthcare facilities responsible for immunization services or other types of organizations."/>
      <exampleBoolean value="false"/>
    </resource>
    <resource>
      <extension url="http://hl7.org/fhir/tools/StructureDefinition/resource-information">
        <valueString value="StructureDefinition:extension"/>
      </extension>
      <reference>
        <reference value="StructureDefinition/organozation-owner"/>
      </reference>
      <name value="NG-Imm owner of health institution"/>
      <description value="An extension to define the owner of the health institution"/>
      <exampleBoolean value="false"/>
    </resource>
    <resource>
      <extension url="http://hl7.org/fhir/tools/StructureDefinition/resource-information">
        <valueString value="StructureDefinition:resource"/>
      </extension>
      <reference>
        <reference value="StructureDefinition/NgImmPatient"/>
      </reference>
      <name value="NG-Imm Patient"/>
      <description value="Nigeria Immunization Patient Profile"/>
      <exampleBoolean value="false"/>
    </resource>
    <resource>
      <extension url="http://hl7.org/fhir/tools/StructureDefinition/resource-information">
        <valueString value="StructureDefinition:resource"/>
      </extension>
      <reference>
        <reference value="StructureDefinition/NgImmPractitioner"/>
      </reference>
      <name value="NG-Imm Practitioner"/>
      <description value="Profile for a Nigerian Practitioner"/>
      <exampleBoolean value="false"/>
    </resource>
    <resource>
      <extension url="http://hl7.org/fhir/tools/StructureDefinition/resource-information">
        <valueString value="StructureDefinition:resource"/>
      </extension>
      <reference>
        <reference value="StructureDefinition/mother-other-children"/>
      </reference>
      <name value="NG-Imm RelatedPerson"/>
      <description value="Sibling that represents the mother's other children as RelatedPersons."/>
      <exampleBoolean value="false"/>
    </resource>
    <resource>
      <extension url="http://hl7.org/fhir/tools/StructureDefinition/resource-information">
        <valueString value="CodeSystem"/>
      </extension>
      <reference>
        <reference value="CodeSystem/nigeria-relationship"/>
      </reference>
      <name value="NG-Imm Relationships CS"/>
      <description value="This CodeSystem defines list of persons related to a patient, but who is not a direct target of care"/>
      <exampleBoolean value="false"/>
    </resource>
    <resource>
      <extension url="http://hl7.org/fhir/tools/StructureDefinition/resource-information">
        <valueString value="ValueSet"/>
      </extension>
      <reference>
        <reference value="ValueSet/nigeria-relationship"/>
      </reference>
      <name value="NG-Imm Relationships VS"/>
      <description value="list of persons related to a patient, but who is not a direct target of care."/>
      <exampleBoolean value="false"/>
    </resource>
    <resource>
      <extension url="http://hl7.org/fhir/tools/StructureDefinition/implementationguide-resource-format">
        <valueCode value="application/fhir+json"/>
      </extension>
      <extension url="http://hl7.org/fhir/tools/StructureDefinition/resource-information">
        <valueString value="Binary"/>
      </extension>
      <reference>
        <reference value="Binary/RoutineImmunizationReport"/>
      </reference>
      <name value="NG-Imm Routine Immunization Report - Facility A"/>
      <description value="A routine monthly immunization report summarizing vaccine stock and usage for Facility A."/>
      <exampleCanonical value="https://nphcda.gov.ng/immunizationIG/StructureDefinition/IMMZGGenerateReport"/>
    </resource>
    <resource>
      <extension url="http://hl7.org/fhir/tools/StructureDefinition/resource-information">
        <valueString value="Immunization"/>
      </extension>
      <reference>
        <reference value="Immunization/ExampleNgImmImmunizationNotDone"/>
      </reference>
      <name value="NG-Imm Scheduled Pentavalent Immunization Not Done Due to Fever"/>
      <description value="An example where immunization was not done due to contraindication (fever)"/>
      <exampleCanonical value="https://nphcda.gov.ng/immunizationIG/StructureDefinition/NgImmImmunization"/>
    </resource>
    <resource>
      <extension url="http://hl7.org/fhir/tools/StructureDefinition/resource-information">
        <valueString value="CapabilityStatement"/>
      </extension>
      <reference>
        <reference value="CapabilityStatement/NgImmCapabilityStatementServer"/>
      </reference>
      <name value="NG-Imm Server CapabilityStatement"/>
      <description value="This CapabilityStatement describes the expected behavior of FHIR servers implementing Nigeria’s Immunization Implementation Guide (NG-IMM).&#xA;&#xA;It includes full RESTful support for key profiles (`NgImmPatient`, `NgImmImmunization`, and `NgImmBundle`) and logical model transformations. The server also supports data submission, export, and validation via custom operations, as well as tracking updates through `Provenance`.&#xA;&#xA;#### Use of HTTP Methods:&#xA;- **POST**: Used to create a new resource. The server assigns the resource ID.&#xA;- **PUT**: Used to fully replace an existing resource identified by a known ID.&#xA;- **PATCH**: Used for partial updates to existing resources.&#xA;&#xA;#### Provenance:&#xA;Clients MUST include a `Provenance` resource when performing GET, PUT, or PATCH on Server Resources (`NgImmPatient`, `NgImmImmunization`, and `NgImmBundle`) to ensure traceability and support audit trails."/>
      <exampleBoolean value="false"/>
    </resource>
    <resource>
      <extension url="http://hl7.org/fhir/tools/StructureDefinition/resource-information">
        <valueString value="StructureDefinition:extension"/>
      </extension>
      <reference>
        <reference value="StructureDefinition/session-type"/>
      </reference>
      <name value="NG-Imm Session Type"/>
      <description value="Type of session for immunization (e.g., fixed-site clinic, outreach session, campaign site)."/>
      <exampleBoolean value="false"/>
    </resource>
    <resource>
      <extension url="http://hl7.org/fhir/tools/StructureDefinition/resource-information">
        <valueString value="ValueSet"/>
      </extension>
      <reference>
        <reference value="ValueSet/nigeria-session-type"/>
      </reference>
      <name value="NG-Imm Session Type VS"/>
      <description value="Type of session for immunization. Could be in a fixed facility, outreach or mobile."/>
      <exampleBoolean value="false"/>
    </resource>
    <resource>
      <extension url="http://hl7.org/fhir/tools/StructureDefinition/resource-information">
        <valueString value="CodeSystem"/>
      </extension>
      <reference>
        <reference value="CodeSystem/nigeria-sibling-health-status"/>
      </reference>
      <name value="NG-Imm Sibling Health Status CS"/>
      <description value="This CodeSystem defines the health of the client's sibling"/>
      <exampleBoolean value="false"/>
    </resource>
    <resource>
      <extension url="http://hl7.org/fhir/tools/StructureDefinition/resource-information">
        <valueString value="ValueSet"/>
      </extension>
      <reference>
        <reference value="ValueSet/nigeria-sibling-health-status"/>
      </reference>
      <name value="NG-Imm Sibling Health Status VS"/>
      <description value="This CodeSystem defines the health of the client's sibling"/>
      <exampleBoolean value="false"/>
    </resource>
    <resource>
      <extension url="http://hl7.org/fhir/tools/StructureDefinition/resource-information">
        <valueString value="StructureDefinition:extension"/>
      </extension>
      <reference>
        <reference value="StructureDefinition/sibling-health-status"/>
      </reference>
      <name value="NG-Imm Sibling's health status"/>
      <description value="The health status of the Client's sibling"/>
      <exampleBoolean value="false"/>
    </resource>
    <resource>
      <extension url="http://hl7.org/fhir/tools/StructureDefinition/resource-information">
        <valueString value="CodeSystem"/>
      </extension>
      <reference>
        <reference value="CodeSystem/nigeria-states"/>
      </reference>
      <name value="NG-Imm States in Nigeria CS"/>
      <description value="This CodeSystem defines ward codes and names mapped to their respective States in Nigeria."/>
      <exampleBoolean value="false"/>
    </resource>
    <resource>
      <extension url="http://hl7.org/fhir/tools/StructureDefinition/resource-information">
        <valueString value="ValueSet"/>
      </extension>
      <reference>
        <reference value="ValueSet/nigeria-states"/>
      </reference>
      <name value="NG-Imm States VS"/>
      <description value="The state where a person or a facility is."/>
      <exampleBoolean value="false"/>
    </resource>
    <resource>
      <extension url="http://hl7.org/fhir/tools/StructureDefinition/resource-information">
        <valueString value="CodeSystem"/>
      </extension>
      <reference>
        <reference value="CodeSystem/NGStockReportCS"/>
      </reference>
      <name value="NG-Imm Stock Management Data Elements CS"/>
      <description value="CodeSystem for Stock Management Data Elements"/>
      <exampleBoolean value="false"/>
    </resource>
    <resource>
      <extension url="http://hl7.org/fhir/tools/StructureDefinition/resource-information">
        <valueString value="ValueSet"/>
      </extension>
      <reference>
        <reference value="ValueSet/nigeria-vaccine-contraindication"/>
      </reference>
      <name value="NG-Imm Vaccine Contraindication VS"/>
      <description value="A set of standardized codes used to represent clinical conditions, diagnoses, or circumstances that serve as contraindications to the administration of one or more vaccines."/>
      <exampleBoolean value="false"/>
    </resource>
    <resource>
      <extension url="http://hl7.org/fhir/tools/StructureDefinition/resource-information">
        <valueString value="StructureDefinition:extension"/>
      </extension>
      <reference>
        <reference value="StructureDefinition/contraindications"/>
      </reference>
      <name value="NG-Imm Vaccine Contraindications"/>
      <description value="Indicates specific situations in which it is not recommended to administer certain vaccines (e.g severe AEFI, History of Anaphylactic reactions, Symptomatic HIV infection)"/>
      <exampleBoolean value="false"/>
    </resource>
    <resource>
      <extension url="http://hl7.org/fhir/tools/StructureDefinition/resource-information">
        <valueString value="CodeSystem"/>
      </extension>
      <reference>
        <reference value="CodeSystem/nigeria-immunization-contraindication"/>
      </reference>
      <name value="NG-Imm Vaccine contraindications CS"/>
      <description value="A set of standardized codes used to represent clinical conditions, diagnoses, or circumstances that serve as contraindications to the administration of one or more vaccines."/>
      <exampleBoolean value="false"/>
    </resource>
    <resource>
      <extension url="http://hl7.org/fhir/tools/StructureDefinition/resource-information">
        <valueString value="CodeSystem"/>
      </extension>
      <reference>
        <reference value="CodeSystem/nigeria-vaccine-library"/>
      </reference>
      <name value="NG-Imm Vaccine Library with SNOMED CT codes"/>
      <description value="CodeSystem for IMMZ.Z Vaccine Library Data Elements supported by this IG using SNOMED CT codes"/>
      <exampleBoolean value="false"/>
    </resource>
    <resource>
      <extension url="http://hl7.org/fhir/tools/StructureDefinition/resource-information">
        <valueString value="ValueSet"/>
      </extension>
      <reference>
        <reference value="ValueSet/nigeria-vaccine-library"/>
      </reference>
      <name value="NG-Imm VaccineLibrary VS"/>
      <description value="A curated list of vaccines recognized under Nigeria's national immunization program"/>
      <exampleBoolean value="false"/>
    </resource>
    <resource>
      <extension url="http://hl7.org/fhir/tools/StructureDefinition/resource-information">
        <valueString value="ValueSet"/>
      </extension>
      <reference>
        <reference value="ValueSet/nigeria-wards"/>
      </reference>
      <name value="NG-Imm Wards VS"/>
      <description value="The administrative Ward (within an LGA) where a person or a facility is."/>
      <exampleBoolean value="false"/>
    </resource>
    <resource>
      <extension url="http://hl7.org/fhir/tools/StructureDefinition/resource-information">
        <valueString value="StructureDefinition:extension"/>
      </extension>
      <reference>
        <reference value="StructureDefinition/birth-weight"/>
      </reference>
      <name value="NG-Imm Weight at birth"/>
      <description value="Weight  of the Immunization Client at birth"/>
      <exampleBoolean value="false"/>
    </resource>
    <resource>
      <extension url="http://hl7.org/fhir/tools/StructureDefinition/resource-information">
        <valueString value="StructureDefinition:logical"/>
      </extension>
      <reference>
        <reference value="StructureDefinition/register-facility-model"/>
      </reference>
      <name value="NG-Imm-A RegisterFacility"/>
      <description value="IMMZ.A - A logical model representing a health facility being registered in the immunization system."/>
      <exampleBoolean value="false"/>
    </resource>
    <resource>
      <extension url="http://hl7.org/fhir/tools/StructureDefinition/resource-information">
        <valueString value="StructureDefinition:logical"/>
      </extension>
      <reference>
        <reference value="StructureDefinition/register-client-model"/>
      </reference>
      <name value="NG-Imm-C5 RegisterClient"/>
      <description value="IMMZ.C5 - A logical model representing a client being registered in the immunization system."/>
      <exampleBoolean value="false"/>
    </resource>
    <resource>
      <extension url="http://hl7.org/fhir/tools/StructureDefinition/resource-information">
        <valueString value="StructureDefinition:logical"/>
      </extension>
      <reference>
        <reference value="StructureDefinition/UpdateClientHistory"/>
      </reference>
      <name value="NG-Imm-C6 UpdateClientHistory"/>
      <description value="IMMZ.C6 - A logical model for tracking client immunization history updates."/>
      <exampleBoolean value="false"/>
    </resource>
    <resource>
      <extension url="http://hl7.org/fhir/tools/StructureDefinition/resource-information">
        <valueString value="StructureDefinition:logical"/>
      </extension>
      <reference>
        <reference value="StructureDefinition/AdministerVaccine"/>
      </reference>
      <name value="NG-Imm-D AdministerVaccine"/>
      <description value="IMMZ.D - A logical model for capturing vaccine administration details"/>
      <exampleBoolean value="false"/>
    </resource>
    <resource>
      <extension url="http://hl7.org/fhir/tools/StructureDefinition/resource-information">
        <valueString value="StructureDefinition:logical"/>
      </extension>
      <reference>
        <reference value="StructureDefinition/manage-aefi"/>
      </reference>
      <name value="NG-Imm-E Manage &amp; ReportAEFI"/>
      <description value="IMMZ.E - A logical model for recording and managing AEFI treatment."/>
      <exampleBoolean value="false"/>
    </resource>
    <resource>
      <extension url="http://hl7.org/fhir/tools/StructureDefinition/resource-information">
        <valueString value="StructureDefinition:logical"/>
      </extension>
      <reference>
        <reference value="StructureDefinition/DefaulterTracking"/>
      </reference>
      <name value="NG-Imm-G DefaulterTracking"/>
      <description value="IMMZ.G - A logical model for tracking immunization defaulters."/>
      <exampleBoolean value="false"/>
    </resource>
    <resource>
      <extension url="http://hl7.org/fhir/tools/StructureDefinition/resource-information">
        <valueString value="StructureDefinition:logical"/>
      </extension>
      <reference>
        <reference value="StructureDefinition/IMMZGGenerateReport"/>
      </reference>
      <name value="NG-Imm-H GenerateReport"/>
      <description value="IMMZ.H - Data elements for the IMMZ.G Report Generation Data Dictionary."/>
      <exampleBoolean value="false"/>
    </resource>
    <resource>
      <extension url="http://hl7.org/fhir/tools/StructureDefinition/resource-information">
        <valueString value="AllergyIntolerance"/>
      </extension>
      <reference>
        <reference value="AllergyIntolerance/NgImmExampleAllergyIntolerance"/>
      </reference>
      <name value="NGImm Example AllergyIntolerance"/>
      <description value="Example allergy or intolerance record using use in Bundle example AllergyIntolerance profile"/>
      <exampleCanonical value="https://nphcda.gov.ng/immunizationIG/StructureDefinition/allergy-intolerance-profile"/>
    </resource>
    <resource>
      <extension url="http://hl7.org/fhir/tools/StructureDefinition/resource-information">
        <valueString value="Bundle"/>
      </extension>
      <reference>
        <reference value="Bundle/NgImmExampleBundle"/>
      </reference>
      <name value="NGImm Example Immunization Bundle"/>
      <description value="Example bundle containing Patient, Immunization, AllergyIntolerance, RelatedPerson, and Organization with request, response, and search metadata."/>
      <exampleCanonical value="https://nphcda.gov.ng/immunizationIG/StructureDefinition/NgImmBundle"/>
    </resource>
    <resource>
      <extension url="http://hl7.org/fhir/tools/StructureDefinition/resource-information">
        <valueString value="Immunization"/>
      </extension>
      <reference>
        <reference value="Immunization/NgImmExampleImmunization"/>
      </reference>
      <name value="NGImm Example Immunization Record"/>
      <description value="Example Immunization record using NG-Imm Immunization profile with 90% data populated"/>
      <exampleCanonical value="https://nphcda.gov.ng/immunizationIG/StructureDefinition/NgImmImmunization"/>
    </resource>
    <resource>
      <extension url="http://hl7.org/fhir/tools/StructureDefinition/resource-information">
        <valueString value="Location"/>
      </extension>
      <reference>
        <reference value="Location/location-example"/>
      </reference>
      <name value="NGImm Example Location"/>
      <description value="An example immunization service location."/>
      <exampleCanonical value="https://nphcda.gov.ng/immunizationIG/StructureDefinition/nigeria-location"/>
    </resource>
    <resource>
      <extension url="http://hl7.org/fhir/tools/StructureDefinition/resource-information">
        <valueString value="Patient"/>
      </extension>
      <reference>
        <reference value="Patient/NgImmExamplePatient"/>
      </reference>
      <name value="NGImm Example Patient used in Bundle"/>
      <description value="Sample patient for use with Bunlde and resident in Kogi State"/>
      <exampleCanonical value="https://nphcda.gov.ng/immunizationIG/StructureDefinition/NgImmPatient"/>
    </resource>
    <resource>
      <extension url="http://hl7.org/fhir/tools/StructureDefinition/resource-information">
        <valueString value="RelatedPerson"/>
      </extension>
      <reference>
        <reference value="RelatedPerson/NgImmExampleSiblingRelatedPerson"/>
      </reference>
      <name value="NGImm Example Sibling used in bundle"/>
      <description value="Represents a sibling (mother's other child) related to the immunization client for use in Bundle"/>
      <exampleCanonical value="https://nphcda.gov.ng/immunizationIG/StructureDefinition/mother-other-children"/>
    </resource>
    <resource>
      <extension url="http://hl7.org/fhir/tools/StructureDefinition/resource-information">
        <valueString value="CodeSystem"/>
      </extension>
      <reference>
        <reference value="CodeSystem/nigeria-languages"/>
      </reference>
      <name value="NG‑Imm Languages in Nigeria CS"/>
      <description value="This CodeSystem defines codes for major languages spoken across Nigeria."/>
      <exampleBoolean value="false"/>
    </resource>
    <resource>
      <extension url="http://hl7.org/fhir/tools/StructureDefinition/resource-information">
        <valueString value="StructureDefinition:resource"/>
      </extension>
      <reference>
        <reference value="StructureDefinition/NgImmBundle"/>
      </reference>
      <name value="Nigeria Immunization Bundle"/>
      <description value="FHIR Bundle profile for grouping Nigeria Immunization resources including Patient, Immunization, AllergyIntolerance, RelatedPerson, and Organization. Supports request/response/search metadata for interoperability."/>
      <exampleBoolean value="false"/>
    </resource>
    <resource>
      <extension url="http://hl7.org/fhir/tools/StructureDefinition/resource-information">
        <valueString value="StructureMap"/>
      </extension>
      <reference>
        <reference value="StructureMap/adminvaccine-to-immunization"/>
      </reference>
      <name value="StructureMap: AdministerVaccine to FHIR Resources"/>
      <description value="Map logical AdministerVaccine to NgImmImmunization, NgImmLocation, NgImmPractitioner, and NgImmEncounter profiles"/>
      <exampleBoolean value="false"/>
    </resource>
    <resource>
      <extension url="http://hl7.org/fhir/tools/StructureDefinition/resource-information">
        <valueString value="StructureMap"/>
      </extension>
      <reference>
        <reference value="StructureMap/defaultertracking-to-immunization"/>
      </reference>
      <name value="StructureMap: DefaulterTracking to Immunization and related profiles"/>
      <description value="Map logical DefaulterTracking model to NgImmImmunization, NgImmPatient, NgImmEncounter, and NgImmPractitioner profiles"/>
      <exampleBoolean value="false"/>
    </resource>
    <resource>
      <extension url="http://hl7.org/fhir/tools/StructureDefinition/resource-information">
        <valueString value="StructureMap"/>
      </extension>
      <reference>
        <reference value="StructureMap/manageaefi-to-ngimm-aefi-profiles"/>
      </reference>
      <name value="StructureMap: ManageAEFI to AllergyIntolerance, Encounter, Practitioner, and Patient"/>
      <description value="Maps ManageAEFI logical model to NgImmAllergyIntolerance, NgImmEncounter, NgImmPractitioner, and NgImmPatient profiles"/>
      <exampleBoolean value="false"/>
    </resource>
    <resource>
      <extension url="http://hl7.org/fhir/tools/StructureDefinition/resource-information">
        <valueString value="StructureMap"/>
      </extension>
      <reference>
        <reference value="StructureMap/registerclientmodel-to-ngimmpatient"/>
      </reference>
      <name value="StructureMap: RegisterClientModel to NgImmPatient"/>
      <description value="Map logical RegisterClientModel to NgImmPatient profile"/>
      <exampleBoolean value="false"/>
    </resource>
    <resource>
      <extension url="http://hl7.org/fhir/tools/StructureDefinition/resource-information">
        <valueString value="StructureMap"/>
      </extension>
      <reference>
        <reference value="StructureMap/registerfacilitymodel-to-ngimmorganization-location"/>
      </reference>
      <name value="StructureMap: RegisterFacilityModel to NgImmOrganization and NgImmLocation"/>
      <description value="Map logical RegisterFacilityModel to NgImmOrganization and NgImmLocation profiles"/>
      <exampleBoolean value="false"/>
    </resource>
    <resource>
      <extension url="http://hl7.org/fhir/tools/StructureDefinition/resource-information">
        <valueString value="StructureMap"/>
      </extension>
      <reference>
        <reference value="StructureMap/reportgeneration-to-measurereport"/>
      </reference>
      <name value="StructureMap: ReportGeneration to MeasureReport and Related Profiles"/>
      <description value="Map ReportGeneration logical model to NgImmMeasureReport, NgImmMeasure, and NgImmPractitioner"/>
      <exampleBoolean value="false"/>
    </resource>
    <page>
      <extension url="http://hl7.org/fhir/tools/StructureDefinition/ig-page-name">
        <valueUrl value="toc.html"/>
      </extension>
      <nameUrl value="toc.html"/>
      <title value="Table of Contents"/>
      <generation value="html"/>
      <page>
        <extension url="http://hl7.org/fhir/tools/StructureDefinition/ig-page-name">
          <valueUrl value="index.html"/>
        </extension>
        <nameUrl value="index.html"/>
        <title value="Home"/>
        <generation value="markdown"/>
      </page>
      <page>
        <extension url="http://hl7.org/fhir/tools/StructureDefinition/ig-page-name">
          <valueUrl value="business-requirements.html"/>
        </extension>
        <nameUrl value="business-requirements.html"/>
        <title value="Business Requirements (DAKs)-(L2)"/>
        <generation value="markdown"/>
      </page>
      <page>
        <extension url="http://hl7.org/fhir/tools/StructureDefinition/ig-page-name">
          <valueUrl value="generic-personas.html"/>
        </extension>
        <nameUrl value="generic-personas.html"/>
        <title value="Generic Personas"/>
        <generation value="markdown"/>
      </page>
      <page>
        <extension url="http://hl7.org/fhir/tools/StructureDefinition/ig-page-name">
          <valueUrl value="user-scenarios.html"/>
        </extension>
        <nameUrl value="user-scenarios.html"/>
        <title value="User Scenarios"/>
        <generation value="markdown"/>
      </page>
      <page>
        <extension url="http://hl7.org/fhir/tools/StructureDefinition/ig-page-name">
          <valueUrl value="business-processes.html"/>
        </extension>
        <nameUrl value="business-processes.html"/>
        <title value="Business Processes"/>
        <generation value="markdown"/>
      </page>
      <page>
        <extension url="http://hl7.org/fhir/tools/StructureDefinition/ig-page-name">
          <valueUrl value="decision-support-logic.html"/>
        </extension>
        <nameUrl value="decision-support-logic.html"/>
        <title value="Decision Support Logic [TO BE TESTED and REFINED]"/>
        <generation value="markdown"/>
      </page>
      <page>
        <extension url="http://hl7.org/fhir/tools/StructureDefinition/ig-page-name">
          <valueUrl value="functional-requirements.html"/>
        </extension>
        <nameUrl value="functional-requirements.html"/>
        <title value="Functional Requirements"/>
        <generation value="markdown"/>
      </page>
      <page>
        <extension url="http://hl7.org/fhir/tools/StructureDefinition/ig-page-name">
          <valueUrl value="non-functional-requirements.html"/>
        </extension>
        <nameUrl value="non-functional-requirements.html"/>
        <title value="Non-Functional Requirements"/>
        <generation value="markdown"/>
      </page>
      <page>
        <extension url="http://hl7.org/fhir/tools/StructureDefinition/ig-page-name">
          <valueUrl value="search-operation.html"/>
        </extension>
        <nameUrl value="search-operation.html"/>
        <title value="Search and Operation"/>
        <generation value="markdown"/>
      </page>
      <page>
        <extension url="http://hl7.org/fhir/tools/StructureDefinition/ig-page-name">
          <valueUrl value="privacy-security.html"/>
        </extension>
        <nameUrl value="privacy-security.html"/>
        <title value="Privacy and Security Considerations"/>
        <generation value="markdown"/>
      </page>
    </page>
    <parameter>
      <code value="path-resource"/>
      <value value="input/capabilities"/>
    </parameter>
    <parameter>
      <code value="path-resource"/>
      <value value="input/examples"/>
    </parameter>
    <parameter>
      <code value="path-resource"/>
      <value value="input/extensions"/>
    </parameter>
    <parameter>
      <code value="path-resource"/>
      <value value="input/models"/>
    </parameter>
    <parameter>
      <code value="path-resource"/>
      <value value="input/operations"/>
    </parameter>
    <parameter>
      <code value="path-resource"/>
      <value value="input/profiles"/>
    </parameter>
    <parameter>
      <code value="path-resource"/>
      <value value="input/resources"/>
    </parameter>
    <parameter>
      <code value="path-resource"/>
      <value value="input/vocabulary"/>
    </parameter>
    <parameter>
      <code value="path-resource"/>
      <value value="input/maps"/>
    </parameter>
    <parameter>
      <code value="path-resource"/>
      <value value="input/testing"/>
    </parameter>
    <parameter>
      <code value="path-resource"/>
      <value value="input/history"/>
    </parameter>
    <parameter>
      <code value="path-resource"/>
      <value value="fsh-generated/resources"/>
    </parameter>
    <parameter>
      <code value="path-pages"/>
      <value value="template/config"/>
    </parameter>
    <parameter>
      <code value="path-pages"/>
      <value value="input/images"/>
    </parameter>
    <parameter>
      <code value="path-tx-cache"/>
      <value value="input-cache/txcache"/>
    </parameter>
  </definition>
</ImplementationGuide>