{
  "resourceType" : "Patient",
  "id" : "ExampleNgPatientAdminWard",
  "meta" : {
    "profile" : ["https://nphcda.gov.ng/immunizationIG/StructureDefinition/NgImmPatient"]
  },
  "text" : {
    "status" : "generated",
    "div" : "<div xmlns=\"http://www.w3.org/1999/xhtml\"><p class=\"res-header-id\"><b>Generated Narrative: Patient ExampleNgPatientAdminWard</b></p><a name=\"ExampleNgPatientAdminWard\"> </a><a name=\"hcExampleNgPatientAdminWard\"> </a><div style=\"display: inline-block; background-color: #d9e0e7; padding: 6px; margin: 4px; border: 1px solid #8da1b4; border-radius: 5px; line-height: 60%\"><p style=\"margin-bottom: 0px\"/><p style=\"margin-bottom: 0px\">Profile: <a href=\"StructureDefinition-NgImmPatient.html\">NG-Imm Patient</a></p></div><p style=\"border: 1px #661aff solid; background-color: #e6e6ff; padding: 10px;\">Bisola Hakeem  Male, DoB Unknown ( http://neir.org/mrn#12345)</p><hr/><table class=\"grid\"><tr><td style=\"background-color: #f3f5da\" title=\"Nominated Contact: \">:</td><td colspan=\"3\"><ul><li>Plot 25, Area 11 Abuja FCT </li><li><a href=\"tel:+2347030001111\">+2347030001111</a></li></ul></td></tr></table></div>"
  },
  "identifier" : [{
    "system" : "http://neir.org/mrn",
    "value" : "12345"
  }],
  "name" : [{
    "family" : "Hakeem",
    "given" : ["Bisola"]
  }],
  "gender" : "male",
  "contact" : [{
    "relationship" : [{
      "text" : "Parent"
    }],
    "telecom" : [{
      "system" : "phone",
      "value" : "+2347030001111"
    }],
    "address" : {
      "extension" : [{
        "url" : "administrativeWard",
        "valueCodeableConcept" : {
          "coding" : [{
            "code" : "alu"
          }]
        }
      }],
      "line" : ["Plot 25, Area 11"],
      "city" : "Abuja",
      "state" : "FCT"
    }
  }]
}