{
  "resourceType" : "SearchParameter",
  "id" : "NgImmBundleSearchByVaccineCode",
  "text" : {
    "status" : "generated",
    "div" : "<div xmlns=\"http://www.w3.org/1999/xhtml\"><p class=\"res-header-id\"><b>Generated Narrative: SearchParameter NgImmBundleSearchByVaccineCode</b></p><a name=\"NgImmBundleSearchByVaccineCode\"> </a><a name=\"hcNgImmBundleSearchByVaccineCode\"> </a><h2>searchBundleByVaccineCode</h2><p>Parameter <code>vaccine-code</code>:<code>token</code></p><div><p>Search for a bundle containing Immunization resource with specified vaccineCode</p>\n</div><table class=\"grid\"><tr><td>Resource</td><td><a href=\"http://hl7.org/fhir/R4/bundle.html\">Bundle</a></td></tr><tr><td>Expression</td><td><code>Bundle.entry.resource.ofType(Immunization).vaccineCode</code></td></tr><tr><td>Multiples</td><td><ul><li>multipleAnd: It's up to the server whether the parameter may repeat in order to specify multiple values that must all be true</li><li>multipleOr: It's up to the server whether the parameter can have multiple values (separated by comma) where at least one must be true</li></ul></td></tr></table></div>"
  },
  "url" : "https://nphcda.gov.ng/immunizationIG/SearchParameter/NgImmBundleSearchByVaccineCode",
  "version" : "0.5.0",
  "name" : "searchBundleByVaccineCode",
  "status" : "active",
  "date" : "2025-07-17T18:57:38+01:00",
  "publisher" : "https://nphcda.gov.ng",
  "contact" : [{
    "name" : "https://nphcda.gov.ng",
    "telecom" : [{
      "system" : "url",
      "value" : "https://nphcda.gov.ng"
    }]
  },
  {
    "name" : "Nigeria Primary Healthcare Development Agency.",
    "telecom" : [{
      "system" : "email",
      "value" : "ig@nphcda.gov.ng",
      "use" : "work"
    }]
  }],
  "description" : "Search for a bundle containing Immunization resource with specified vaccineCode",
  "jurisdiction" : [{
    "coding" : [{
      "system" : "urn:iso:std:iso:3166",
      "code" : "NG",
      "display" : "Nigeria"
    }]
  }],
  "code" : "vaccine-code",
  "base" : ["Bundle"],
  "type" : "token",
  "expression" : "Bundle.entry.resource.ofType(Immunization).vaccineCode"
}