{
  "package": "fhir.nigeriaImmunizationIG",
  "version": "0.4.0",
  "fhirVersion": "4.0.1",
  "jurisdiction": "NG",
  "extensions": [
    {
      "url": "https://nphcda.gov.ng/immunizationIG/StructureDefinition/age-in-months",
      "title": "NG-Imm Client Age in Months",
      "types": [
        "integer"
      ]
    },
    {
      "url": "https://nphcda.gov.ng/immunizationIG/StructureDefinition/age-in-weeks",
      "title": "NG-Imm Client Age in Weeks",
      "types": [
        "integer"
      ]
    },
    {
      "url": "https://nphcda.gov.ng/immunizationIG/StructureDefinition/age-in-years",
      "title": "NG-Imm Client Age in Years",
      "types": [
        "integer"
      ]
    },
    {
      "url": "https://nphcda.gov.ng/immunizationIG/StructureDefinition/allergy-reference-dose-number",
      "title": "NG-Imm Allergy Dose Number",
      "types": [
        "base64Binary",
        "boolean",
        "canonical",
        "code",
        "date",
        "dateTime",
        "decimal",
        "id",
        "instant",
        "integer",
        "markdown",
        "oid",
        "positiveInt",
        "string",
        "time",
        "unsignedInt",
        "uri",
        "url",
        "uuid",
        "Address",
        "Age",
        "Annotation",
        "Attachment",
        "CodeableConcept",
        "Coding",
        "ContactPoint",
        "Count",
        "Distance",
        "Duration",
        "HumanName",
        "Identifier",
        "Money",
        "Period",
        "Quantity",
        "Range",
        "Ratio",
        "Reference",
        "SampledData",
        "Signature",
        "Timing",
        "ContactDetail",
        "Contributor",
        "DataRequirement",
        "Expression",
        "ParameterDefinition",
        "RelatedArtifact",
        "TriggerDefinition",
        "UsageContext",
        "Dosage",
        "Meta",
        "string"
      ]
    },
    {
      "url": "https://nphcda.gov.ng/immunizationIG/StructureDefinition/allergy-reference-dose-series",
      "title": "NG-Imm Dose Series",
      "types": [
        "base64Binary",
        "boolean",
        "canonical",
        "code",
        "date",
        "dateTime",
        "decimal",
        "id",
        "instant",
        "integer",
        "markdown",
        "oid",
        "positiveInt",
        "string",
        "time",
        "unsignedInt",
        "uri",
        "url",
        "uuid",
        "Address",
        "Age",
        "Annotation",
        "Attachment",
        "CodeableConcept",
        "Coding",
        "ContactPoint",
        "Count",
        "Distance",
        "Duration",
        "HumanName",
        "Identifier",
        "Money",
        "Period",
        "Quantity",
        "Range",
        "Ratio",
        "Reference",
        "SampledData",
        "Signature",
        "Timing",
        "ContactDetail",
        "Contributor",
        "DataRequirement",
        "Expression",
        "ParameterDefinition",
        "RelatedArtifact",
        "TriggerDefinition",
        "UsageContext",
        "Dosage",
        "Meta",
        "string"
      ]
    },
    {
      "url": "https://nphcda.gov.ng/immunizationIG/StructureDefinition/birth-weight",
      "title": "NG-Imm Weight at birth",
      "types": [
        "decimal"
      ]
    },
    {
      "url": "https://nphcda.gov.ng/immunizationIG/StructureDefinition/contraindicated",
      "title": "NG-Imm Immunization Contraindicated",
      "types": [
        "boolean"
      ]
    },
    {
      "url": "https://nphcda.gov.ng/immunizationIG/StructureDefinition/contraindications",
      "title": "NG-Imm Vaccine Contraindications",
      "types": [
        "CodeableConcept"
      ]
    },
    {
      "url": "https://nphcda.gov.ng/immunizationIG/StructureDefinition/date-client-created",
      "title": "NG-Imm Date client record was created",
      "types": [
        "date"
      ]
    },
    {
      "url": "https://nphcda.gov.ng/immunizationIG/StructureDefinition/hiv-status",
      "title": "NG-Imm Client\u0027s HIV status",
      "types": [
        "CodeableConcept"
      ]
    },
    {
      "url": "https://nphcda.gov.ng/immunizationIG/StructureDefinition/next-dose-date",
      "title": "NG-Imm Next Dose Date",
      "types": [
        "date"
      ]
    },
    {
      "url": "https://nphcda.gov.ng/immunizationIG/StructureDefinition/nigeria-administrative-ward",
      "title": "NG-Imm Administrative Wards ",
      "types": [
        "CodeableConcept"
      ]
    },
    {
      "url": "https://nphcda.gov.ng/immunizationIG/StructureDefinition/pregnancy-status",
      "title": "NG-Imm Client\u0027s Pregnancy status",
      "types": [
        "CodeableConcept"
      ]
    },
    {
      "url": "https://nphcda.gov.ng/immunizationIG/StructureDefinition/session-type",
      "title": "NG-Imm Session Type",
      "types": [
        "CodeableConcept"
      ]
    },
    {
      "url": "https://nphcda.gov.ng/immunizationIG/StructureDefinition/sibling-health-status",
      "title": "NG-Imm Sibling\u0027s health status",
      "types": [
        "CodeableConcept"
      ]
    },
    {
      "url": "https://nphcda.gov.ng/immunizationIG/StructureDefinition/signature",
      "title": "NG-Imm Digital Signature",
      "types": [
        "string"
      ]
    }
  ],
  "profiles": {
    "Immunization": [
      {
        "url": "https://nphcda.gov.ng/immunizationIG/StructureDefinition/NgImmImmunization",
        "title": "NG-Imm Immunization"
      }
    ],
    "Patient": [
      {
        "url": "https://nphcda.gov.ng/immunizationIG/StructureDefinition/NgImmPatient",
        "title": "NG-Imm Patient"
      }
    ],
    "Practitioner": [
      {
        "url": "https://nphcda.gov.ng/immunizationIG/StructureDefinition/NgImmPractitioner",
        "title": "NG-Imm Practitioner"
      }
    ],
    "AllergyIntolerance": [
      {
        "url": "https://nphcda.gov.ng/immunizationIG/StructureDefinition/allergy-intolerance-profile",
        "title": "NG-Imm AllergyIntolerance"
      }
    ],
    "MeasureReport": [
      {
        "url": "https://nphcda.gov.ng/immunizationIG/StructureDefinition/measure-report-profile",
        "title": "NG-Imm MeasureReport"
      }
    ],
    "RelatedPerson": [
      {
        "url": "https://nphcda.gov.ng/immunizationIG/StructureDefinition/mother-other-children",
        "title": "NG-Imm RelatedPerson"
      }
    ],
    "Organization": [
      {
        "url": "https://nphcda.gov.ng/immunizationIG/StructureDefinition/ng-imm-organization",
        "title": "NG-Imm Organization"
      }
    ],
    "Measure": [
      {
        "url": "https://nphcda.gov.ng/immunizationIG/StructureDefinition/ngimm-measure",
        "title": "NG-Imm Measure"
      }
    ]
  },
  "usage": {
    "adMinistrativeWard": [
      "Patient"
    ],
    "administrativeWard": [
      "Patient",
      "Patient.contact.address"
    ],
    "ageInMonths": [
      "Patient"
    ],
    "ageInWeeks": [
      "Patient"
    ],
    "ageInYears": [
      "Patient"
    ],
    "allergyReferenceDoseNumber": [
      "AllergyIntolerance"
    ],
    "allergyReferenceDoseSeries": [
      "AllergyIntolerance"
    ],
    "birthWeight": [
      "Patient"
    ],
    "hivStatus": [
      "Patient"
    ],
    "http://hl7.org/fhir/StructureDefinition/elementdefinition-bestpractice": [
      "StructureDefinition.snapshot.element.constraint"
    ],
    "http://hl7.org/fhir/StructureDefinition/elementdefinition-bestpractice-explanation": [
      "StructureDefinition.snapshot.element.constraint"
    ],
    "http://hl7.org/fhir/StructureDefinition/elementdefinition-bindingName": [
      "StructureDefinition.snapshot.element.binding"
    ],
    "http://hl7.org/fhir/StructureDefinition/elementdefinition-maxValueSet": [
      "StructureDefinition.snapshot.element.binding"
    ],
    "http://hl7.org/fhir/StructureDefinition/elementdefinition-translatable": [
      "StructureDefinition.snapshot.element"
    ],
    "http://hl7.org/fhir/StructureDefinition/structuredefinition-fhir-type": [
      "StructureDefinition.snapshot.element.type"
    ],
    "http://hl7.org/fhir/StructureDefinition/structuredefinition-hierarchy": [
      "StructureDefinition.differential.element.type",
      "StructureDefinition.snapshot.element.type"
    ],
    "http://hl7.org/fhir/tools/StructureDefinition/ig-internal-dependency": [
      "ImplementationGuide.definition"
    ],
    "http://hl7.org/fhir/tools/StructureDefinition/ig-page-name": [
      "ImplementationGuide.definition.page",
      "ImplementationGuide.definition.page.page"
    ],
    "http://hl7.org/fhir/tools/StructureDefinition/ig-parameter": [
      "ImplementationGuide.definition"
    ],
    "http://hl7.org/fhir/tools/StructureDefinition/implementationguide-dependency-comment": [
      "ImplementationGuide.dependsOn"
    ],
    "http://hl7.org/fhir/tools/StructureDefinition/implementationguide-resource-format": [
      "ImplementationGuide.definition.resource"
    ],
    "http://hl7.org/fhir/tools/StructureDefinition/resource-information": [
      "ImplementationGuide.definition.resource"
    ],
    "http://hl7.org/fhir/tools/StructureDefinition/snapshot-base-version": [
      "StructureDefinition.snapshot"
    ],
    "https://nphcda.gov.ng/immunizationIG/StructureDefinition/age-in-months": [
      "Patient"
    ],
    "https://nphcda.gov.ng/immunizationIG/StructureDefinition/age-in-weeks": [
      "Patient"
    ],
    "https://nphcda.gov.ng/immunizationIG/StructureDefinition/age-in-years": [
      "Patient"
    ],
    "https://nphcda.gov.ng/immunizationIG/StructureDefinition/allergy-reference-dose-number": [
      "AllergyIntolerance"
    ],
    "https://nphcda.gov.ng/immunizationIG/StructureDefinition/allergy-reference-dose-series": [
      "AllergyIntolerance"
    ],
    "https://nphcda.gov.ng/immunizationIG/StructureDefinition/birth-weight": [
      "Patient"
    ],
    "https://nphcda.gov.ng/immunizationIG/StructureDefinition/contraindicated": [
      "Immunization"
    ],
    "https://nphcda.gov.ng/immunizationIG/StructureDefinition/contraindications": [
      "Immunization"
    ],
    "https://nphcda.gov.ng/immunizationIG/StructureDefinition/date-client-created": [
      "Patient"
    ],
    "https://nphcda.gov.ng/immunizationIG/StructureDefinition/next-dose-date": [
      "Immunization.protocolApplied"
    ],
    "https://nphcda.gov.ng/immunizationIG/StructureDefinition/nigeria-administrative-ward": [
      "Patient.address",
      "Patient.contact.address"
    ],
    "https://nphcda.gov.ng/immunizationIG/StructureDefinition/pregnancy-status": [
      "Patient"
    ],
    "https://nphcda.gov.ng/immunizationIG/StructureDefinition/session-type": [
      "Immunization"
    ],
    "https://nphcda.gov.ng/immunizationIG/StructureDefinition/sibling-health-status": [
      "RelatedPerson"
    ],
    "https://nphcda.gov.ng/immunizationIG/StructureDefinition/signature": [
      "Immunization"
    ],
    "pregnancyStatus": [
      "Patient"
    ],
    "siblingBirthYear": [
      "Patient"
    ],
    "siblingGender": [
      "Patient"
    ],
    "siblingGivenName": [
      "Patient"
    ],
    "siblingHealthStatus": [
      "Patient"
    ],
    "siblingSurname": [
      "Patient"
    ]
  }
}