<?xml version="1.0" encoding="UTF-8"?>

<ValueSet xmlns="http://hl7.org/fhir">
  <id value="nigeria-verifiction-status"/>
  <text>
    <status value="generated"/><div xmlns="http://www.w3.org/1999/xhtml"><p class="res-header-id"><b>Generated Narrative: ValueSet nigeria-verifiction-status</b></p><a name="nigeria-verifiction-status"> </a><a name="hcnigeria-verifiction-status"> </a><ul><li>Include all codes defined in <code>https://www.hl7.org/fhir/R4/valueset-allergyintolerance-verification</code></li></ul></div>
  </text>
  <url value="http://nphcda.gov.ng/ig/fhir/ValueSet/ng-verification-status"/>
  <version value="0.4.0"/>
  <name value="NGVerificationStatusVS"/>
  <title value="AEFI Verification Status"/>
  <status value="active"/>
  <date value="2025-06-23T13:45:54+01:00"/>
  <publisher value="https://nphcda.gov.ng"/>
  <contact>
    <name value="https://nphcda.gov.ng"/>
    <telecom>
      <system value="url"/>
      <value value="https://nphcda.gov.ng"/>
    </telecom>
  </contact>
  <contact>
    <name value="Nigeria Primary Healthcare Development Agency."/>
    <telecom>
      <system value="email"/>
      <value value="ig@nphcda.gov.ng"/>
      <use value="work"/>
    </telecom>
  </contact>
  <description value="AEFI Verification Status"/>
  <jurisdiction>
    <coding>
      <system value="urn:iso:std:iso:3166"/>
      <code value="NG"/>
      <display value="Nigeria"/>
    </coding>
  </jurisdiction>
  <compose>
    <include>
      <system value="https://www.hl7.org/fhir/R4/valueset-allergyintolerance-verification"/>
    </include>
  </compose>
</ValueSet>