{
  "resourceType" : "ValueSet",
  "id" : "nigeria-states",
  "text" : {
    "status" : "generated",
    "div" : "<div xmlns=\"http://www.w3.org/1999/xhtml\"><p class=\"res-header-id\"><b>Generated Narrative: ValueSet nigeria-states</b></p><a name=\"nigeria-states\"> </a><a name=\"hcnigeria-states\"> </a><ul><li>Include all codes defined in <a href=\"CodeSystem-nigeria-states.html\"><code>https://nphcda.gov.ng/immunizationIG/CodeSystem/nigeria-states</code></a></li></ul></div>"
  },
  "url" : "http://nphcda.gov.ng/ig/fhir/ValueSet/ng-states",
  "version" : "0.4.0",
  "name" : "NGStatesVS",
  "title" : "NG-Imm States VS",
  "status" : "active",
  "date" : "2025-07-03T11:54:34+01:00",
  "publisher" : "https://nphcda.gov.ng",
  "contact" : [{
    "name" : "https://nphcda.gov.ng",
    "telecom" : [{
      "system" : "url",
      "value" : "https://nphcda.gov.ng"
    }]
  },
  {
    "name" : "Nigeria Primary Healthcare Development Agency.",
    "telecom" : [{
      "system" : "email",
      "value" : "ig@nphcda.gov.ng",
      "use" : "work"
    }]
  }],
  "description" : "The state where a person or a facility is.",
  "jurisdiction" : [{
    "coding" : [{
      "system" : "urn:iso:std:iso:3166",
      "code" : "NG",
      "display" : "Nigeria"
    }]
  }],
  "compose" : {
    "include" : [{
      "system" : "https://nphcda.gov.ng/immunizationIG/CodeSystem/nigeria-states"
    }]
  }
}