{
  "resourceType" : "ValueSet",
  "id" : "nigeria-wards",
  "text" : {
    "status" : "generated",
    "div" : "<div xmlns=\"http://www.w3.org/1999/xhtml\"><p class=\"res-header-id\"><b>Generated Narrative: ValueSet nigeria-wards</b></p><a name=\"nigeria-wards\"> </a><a name=\"hcnigeria-wards\"> </a><ul><li>Include all codes defined in <a href=\"CodeSystem-nigeria-wards.html\"><code>http://nphcda.gov.ng/ig/fhir/CodeSystem/ng-administrative-ward</code></a></li></ul></div>"
  },
  "url" : "http://nphcda.gov.ng/ig/fhir/ValueSet/ng-wards",
  "version" : "0.4.0",
  "name" : "NGWardsVS",
  "title" : "Wards",
  "status" : "active",
  "date" : "2025-06-23T12:11:34+01:00",
  "publisher" : "https://nphcda.gov.ng",
  "contact" : [{
    "name" : "https://nphcda.gov.ng",
    "telecom" : [{
      "system" : "url",
      "value" : "https://nphcda.gov.ng"
    }]
  },
  {
    "name" : "Nigeria Primary Healthcare Development Agency.",
    "telecom" : [{
      "system" : "email",
      "value" : "ig@nphcda.gov.ng",
      "use" : "work"
    }]
  }],
  "description" : "The administrative Ward (within an LGA) where a person or a facility is.",
  "jurisdiction" : [{
    "coding" : [{
      "system" : "urn:iso:std:iso:3166",
      "code" : "NG",
      "display" : "Nigeria"
    }]
  }],
  "compose" : {
    "include" : [{
      "system" : "http://nphcda.gov.ng/ig/fhir/CodeSystem/ng-administrative-ward"
    }]
  }
}