<?xml version="1.0" encoding="UTF-8"?>

<ValueSet xmlns="http://hl7.org/fhir">
  <id value="nigeria-session-type"/>
  <text>
    <status value="generated"/><div xmlns="http://www.w3.org/1999/xhtml"><p class="res-header-id"><b>Generated Narrative: ValueSet nigeria-session-type</b></p><a name="nigeria-session-type"> </a><a name="hcnigeria-session-type"> </a><ul><li>Include all codes defined in <a href="CodeSystem-nigeria-immunization-session-type.html"><code>https://nphcda.gov.ng/immunizationIG/CodeSystem/nigeria-immunization-session-type</code></a></li></ul></div>
  </text>
  <url value="https://nphcda.gov.ng/immunizationIG/ValueSet/nigeria-session-type"/>
  <version value="0.4.0"/>
  <name value="NGSessionTypeVS"/>
  <title value="NG-Imm Session Type VS"/>
  <status value="active"/>
  <date value="2025-07-04T07:50:29+01:00"/>
  <publisher value="https://nphcda.gov.ng"/>
  <contact>
    <name value="https://nphcda.gov.ng"/>
    <telecom>
      <system value="url"/>
      <value value="https://nphcda.gov.ng"/>
    </telecom>
  </contact>
  <contact>
    <name value="Nigeria Primary Healthcare Development Agency."/>
    <telecom>
      <system value="email"/>
      <value value="ig@nphcda.gov.ng"/>
      <use value="work"/>
    </telecom>
  </contact>
  <description value="Type of session for immunization. Could be in a fixed facility, outreach or mobile."/>
  <jurisdiction>
    <coding>
      <system value="urn:iso:std:iso:3166"/>
      <code value="NG"/>
      <display value="Nigeria"/>
    </coding>
  </jurisdiction>
  <compose>
    <include>
      <system value="https://nphcda.gov.ng/immunizationIG/CodeSystem/nigeria-immunization-session-type"/>
    </include>
  </compose>
</ValueSet>