{
  "resourceType" : "ValueSet",
  "id" : "nigeria-relationship",
  "text" : {
    "status" : "generated",
    "div" : "<div xmlns=\"http://www.w3.org/1999/xhtml\"><p class=\"res-header-id\"><b>Generated Narrative: ValueSet nigeria-relationship</b></p><a name=\"nigeria-relationship\"> </a><a name=\"hcnigeria-relationship\"> </a><ul><li>Include all codes defined in <a href=\"CodeSystem-nigeria-relationship.html\"><code>https://nphcda.gov.ng/immunizationIG/CodeSystem/nigeria-relationship</code></a></li></ul></div>"
  },
  "url" : "https://nphcda.gov.ng/immunizationIG/ValueSet/nigeria-relationship",
  "version" : "0.5.0",
  "name" : "NGRelationshipsVS",
  "title" : "NG-Imm Relationships VS",
  "status" : "active",
  "date" : "2025-07-04T19:33:02+01:00",
  "publisher" : "https://nphcda.gov.ng",
  "contact" : [{
    "name" : "https://nphcda.gov.ng",
    "telecom" : [{
      "system" : "url",
      "value" : "https://nphcda.gov.ng"
    }]
  },
  {
    "name" : "Nigeria Primary Healthcare Development Agency.",
    "telecom" : [{
      "system" : "email",
      "value" : "ig@nphcda.gov.ng",
      "use" : "work"
    }]
  }],
  "description" : "list of persons related to a patient, but who is not a direct target of care.",
  "jurisdiction" : [{
    "coding" : [{
      "system" : "urn:iso:std:iso:3166",
      "code" : "NG",
      "display" : "Nigeria"
    }]
  }],
  "compose" : {
    "include" : [{
      "system" : "https://nphcda.gov.ng/immunizationIG/CodeSystem/nigeria-relationship"
    }]
  }
}