<?xml version="1.0" encoding="UTF-8"?>

<ValueSet xmlns="http://hl7.org/fhir">
  <id value="nigeria-lgas"/>
  <text>
    <status value="generated"/><div xmlns="http://www.w3.org/1999/xhtml"><p class="res-header-id"><b>Generated Narrative: ValueSet nigeria-lgas</b></p><a name="nigeria-lgas"> </a><a name="hcnigeria-lgas"> </a><ul><li>Include all codes defined in <a href="CodeSystem-nigeria-lgas.html"><code>https://nphcda.gov.ng/immunizationIG/CodeSystem/nigeria-lgas</code></a></li></ul></div>
  </text>
  <url value="https://nphcda.gov.ng/immunizationIG/ValueSet/nigeria-lgas"/>
  <version value="0.5.0"/>
  <name value="NGLGAsVS"/>
  <title value="NG-Imm LGAs VS"/>
  <status value="active"/>
  <date value="2025-08-03T02:50:50+01:00"/>
  <publisher value="https://nphcda.gov.ng"/>
  <contact>
    <name value="https://nphcda.gov.ng"/>
    <telecom>
      <system value="url"/>
      <value value="https://nphcda.gov.ng"/>
    </telecom>
  </contact>
  <contact>
    <name value="Nigeria Primary Healthcare Development Agency."/>
    <telecom>
      <system value="email"/>
      <value value="ig@nphcda.gov.ng"/>
      <use value="work"/>
    </telecom>
  </contact>
  <description value="The administrative Local Government Areas where a person or a facility is."/>
  <jurisdiction>
    <coding>
      <system value="urn:iso:std:iso:3166"/>
      <code value="NG"/>
      <display value="Nigeria"/>
    </coding>
  </jurisdiction>
  <compose>
    <include>
      <system value="https://nphcda.gov.ng/immunizationIG/CodeSystem/nigeria-lgas"/>
    </include>
  </compose>
</ValueSet>