{
  "resourceType" : "ValueSet",
  "id" : "nigeria-vaccine-contraindication",
  "text" : {
    "status" : "generated",
    "div" : "<div xmlns=\"http://www.w3.org/1999/xhtml\"><p class=\"res-header-id\"><b>Generated Narrative: ValueSet nigeria-vaccine-contraindication</b></p><a name=\"nigeria-vaccine-contraindication\"> </a><a name=\"hcnigeria-vaccine-contraindication\"> </a><ul><li>Include all codes defined in <a href=\"CodeSystem-nigeria-immunization-contraindication.html\"><code>http://nphcda.gov.ng/ig/fhir/CodeSystem/ng-contraindication</code></a></li></ul></div>"
  },
  "url" : "http://nphcda.gov.ng/ig/fhir/ValueSet/ng-vaccine-contraindication",
  "version" : "0.4.0",
  "name" : "NGContraindicationVS",
  "title" : "NG-Imm Vaccine Contraindication VS",
  "status" : "active",
  "date" : "2025-06-30T08:07:26+01:00",
  "publisher" : "https://nphcda.gov.ng",
  "contact" : [{
    "name" : "https://nphcda.gov.ng",
    "telecom" : [{
      "system" : "url",
      "value" : "https://nphcda.gov.ng"
    }]
  },
  {
    "name" : "Nigeria Primary Healthcare Development Agency.",
    "telecom" : [{
      "system" : "email",
      "value" : "ig@nphcda.gov.ng",
      "use" : "work"
    }]
  }],
  "description" : "A set of standardized codes used to represent clinical conditions, diagnoses, or circumstances that serve as contraindications to the administration of one or more vaccines.",
  "jurisdiction" : [{
    "coding" : [{
      "system" : "urn:iso:std:iso:3166",
      "code" : "NG",
      "display" : "Nigeria"
    }]
  }],
  "compose" : {
    "include" : [{
      "system" : "http://nphcda.gov.ng/ig/fhir/CodeSystem/ng-contraindication"
    }]
  }
}