<?xml version="1.0" encoding="UTF-8"?>

<ValueSet xmlns="http://hl7.org/fhir">
  <id value="nigeria-wards"/>
  <text>
    <status value="generated"/><div xmlns="http://www.w3.org/1999/xhtml"><p class="res-header-id"><b>Generated Narrative: ValueSet nigeria-wards</b></p><a name="nigeria-wards"> </a><a name="hcnigeria-wards"> </a><ul><li>Include all codes defined in <a href="CodeSystem-nigeria-wards.html"><code>https://nphcda.gov.ng/immunizationIG/CodeSystem/nigeria-wards</code></a></li></ul></div>
  </text>
  <url value="https://nphcda.gov.ng/immunizationIG/ValueSet/nigeria-wards"/>
  <version value="0.5.0"/>
  <name value="NGWardsVS"/>
  <title value="NG-Imm Wards VS"/>
  <status value="active"/>
  <date value="2025-07-04T19:33:02+01:00"/>
  <publisher value="https://nphcda.gov.ng"/>
  <contact>
    <name value="https://nphcda.gov.ng"/>
    <telecom>
      <system value="url"/>
      <value value="https://nphcda.gov.ng"/>
    </telecom>
  </contact>
  <contact>
    <name value="Nigeria Primary Healthcare Development Agency."/>
    <telecom>
      <system value="email"/>
      <value value="ig@nphcda.gov.ng"/>
      <use value="work"/>
    </telecom>
  </contact>
  <description value="The administrative Ward (within an LGA) where a person or a facility is."/>
  <jurisdiction>
    <coding>
      <system value="urn:iso:std:iso:3166"/>
      <code value="NG"/>
      <display value="Nigeria"/>
    </coding>
  </jurisdiction>
  <compose>
    <include>
      <system value="https://nphcda.gov.ng/immunizationIG/CodeSystem/nigeria-wards"/>
    </include>
  </compose>
</ValueSet>