{"resourceType":"CapabilityStatement","id":"NgImmCapabilityStatementServer","text":{"status":"extensions","div":"<div xmlns=\"http://www.w3.org/1999/xhtml\"><p class=\"res-header-id\"><b>Generated Narrative: CapabilityStatement NgImmCapabilityStatementServer</b></p><a name=\"NgImmCapabilityStatementServer\"> </a><a name=\"hcNgImmCapabilityStatementServer\"> </a><h2 id=\"title\">NG-Imm Server CapabilityStatement</h2><ul><li>Implementation Guide Version: 0.5.0 </li><li>FHIR Version: 4.0.1 </li><li>Supported Formats: <code>xml</code></li><li>Supported Patch Formats: </li><li>Published on: 2025-06-23 </li><li>Published by: https://nphcda.gov.ng </li></ul><blockquote class=\"impl-note\"><p><strong>Note to Implementers: FHIR Capabilities</strong></p><p>Any FHIR capability may be 'allowed' by the system unless explicitly marked as 'SHALL NOT'. A few items are marked as MAY in the Implementation Guide to highlight their potential relevance to the use case.</p></blockquote><h2 id=\"rest\">FHIR RESTful Capabilities</h2><div class=\"panel panel-default\"><div class=\"panel-heading\"><h3 id=\"mode1\" class=\"panel-title\">Mode: <code>server</code></h3></div><div class=\"panel-body\"><div><p>Server supporting immunization records with Nigerian-specific constraints on Patient and Immunization profiles.</p>\n</div><div class=\"lead\"><em>Summary of System-wide Interactions</em></div></div></div><h3 id=\"resourcesCap1\">Capabilities by Resource/Profile</h3><h4 id=\"resourcesSummary1\">Summary</h4><p>The summary table lists the resources that are part of this configuration, and for each resource it lists:</p><ul><li>The relevant profiles (if any)</li><li>The interactions supported by each resource (<b><span class=\"bg-info\">R</span></b>ead, <b><span class=\"bg-info\">S</span></b>earch, <b><span class=\"bg-info\">U</span></b>pdate, and <b><span class=\"bg-info\">C</span></b>reate, are always shown, while <b><span class=\"bg-info\">VR</span></b>ead, <b><span class=\"bg-info\">P</span></b>atch, <b><span class=\"bg-info\">D</span></b>elete, <b><span class=\"bg-info\">H</span></b>istory on <b><span class=\"bg-info\">I</span></b>nstance, or <b><span class=\"bg-info\">H</span></b>istory on <b><span class=\"bg-info\">T</span></b>ype are only present if at least one of the resources has support for them.</li><li><span>The required, recommended, and some optional search parameters (if any). </span></li><li>The linked resources enabled for <code>_include</code></li><li>The other resources enabled for <code>_revinclude</code></li><li>The operations on the resource (if any)</li></ul><div class=\"table-responsive\"><table class=\"table table-condensed table-hover\"><thead><tr><th><b>Resource Type</b></th><th><b>Profile</b></th><th class=\"text-center\"><b title=\"GET a resource (read interaction)\">R</b></th><th class=\"text-center\"><b title=\"GET all set of resources of the type (search interaction)\">S</b></th><th class=\"text-center\"><b title=\"PUT a new resource version (update interaction)\">U</b></th><th class=\"text-center\"><b title=\"PATCH a new resource version (patch interaction)\">P</b></th><th class=\"text-center\"><b title=\"POST a new resource (create interaction)\">C</b></th><th><b title=\"Required and recommended search parameters\">Searches</b></th><th><code><b>_include</b></code></th><th><code><b>_revinclude</b></code></th><th><b>Operations</b></th></tr></thead><tbody><tr><td><a href=\"#Patient1-1\">Patient</a></td><td><a href=\"StructureDefinition-NgImmPatient.html\">https://nphcda.gov.ng/immunizationIG/StructureDefinition/NgImmPatient</a></td><td class=\"text-center\">y</td><td class=\"text-center\">y</td><td class=\"text-center\">y</td><td class=\"text-center\">y</td><td class=\"text-center\">y</td><td>identifier, firstname, lastname, birthdate, gender, state</td><td/><td/><td/></tr><tr><td><a href=\"#Immunization1-2\">Immunization</a></td><td><a href=\"StructureDefinition-NgImmImmunization.html\">https://nphcda.gov.ng/immunizationIG/StructureDefinition/NgImmImmunization</a></td><td class=\"text-center\">y</td><td class=\"text-center\">y</td><td class=\"text-center\">y</td><td class=\"text-center\">y</td><td class=\"text-center\">y</td><td>patient, status, vaccine-code, date</td><td/><td/><td/></tr></tbody></table></div><hr/><div class=\"panel panel-default\"><div class=\"panel-heading\"><h4 id=\"Patient1-1\" class=\"panel-title\"><span style=\"float: right;\">Resource Conformance: supported </span>Patient</h4></div><div class=\"panel-body\"><div class=\"container\"><div class=\"row\"><div class=\"col-lg-6\"><span class=\"lead\">Base System Profile</span><br/><a href=\"StructureDefinition-NgImmPatient.html\">NG-Imm Patient</a></div><div class=\"col-lg-3\"><span class=\"lead\">Profile Conformance</span><br/><b>SHALL</b></div><div class=\"col-lg-3\"><span class=\"lead\">Reference Policy</span><br/></div></div><p/><div class=\"row\"><div class=\"col-lg-6\"><span class=\"lead\">Interaction summary</span><br/><ul><li>Supports <code>read</code>, <code>search-type</code>, <code>create</code>, <code>update</code>, <code>patch</code>.</li></ul></div></div><p/><div class=\"row\"><div class=\"col-12\"><span class=\"lead\">Documentation</span><blockquote><div><p>Patient profile constrained for Nigerian immunization use cases</p>\n</div></blockquote></div></div><div class=\"row\"><div class=\"col-lg-7\"><span class=\"lead\">Search Parameters</span><table class=\"table table-condensed table-hover\"><thead><tr><th>Conformance</th><th>Parameter</th><th>Type</th><th>Documentation</th></tr></thead><tbody><tr><td><b>SHALL</b></td><td>identifier</td><td><code>token</code></td><td><div/></td></tr><tr><td><b>SHALL</b></td><td>firstname</td><td><code>string</code></td><td><div/></td></tr><tr><td><b>SHALL</b></td><td>lastname</td><td><code>string</code></td><td><div/></td></tr><tr><td><b>SHALL</b></td><td>birthdate</td><td><code>date</code></td><td><div/></td></tr><tr><td><b>SHALL</b></td><td>gender</td><td><code>token</code></td><td><div/></td></tr><tr><td><b>SHALL</b></td><td>state</td><td><code>token</code></td><td><div/></td></tr></tbody></table></div><div class=\"col-lg-5\">\u00a0</div></div></div></div></div><div class=\"panel panel-default\"><div class=\"panel-heading\"><h4 id=\"Immunization1-2\" class=\"panel-title\"><span style=\"float: right;\">Resource Conformance: supported </span>Immunization</h4></div><div class=\"panel-body\"><div class=\"container\"><div class=\"row\"><div class=\"col-lg-6\"><span class=\"lead\">Base System Profile</span><br/><a href=\"StructureDefinition-NgImmImmunization.html\">NG-Imm Immunization</a></div><div class=\"col-lg-3\"><span class=\"lead\">Profile Conformance</span><br/><b>SHALL</b></div><div class=\"col-lg-3\"><span class=\"lead\">Reference Policy</span><br/></div></div><p/><div class=\"row\"><div class=\"col-lg-6\"><span class=\"lead\">Interaction summary</span><br/><ul><li>Supports <code>read</code>, <code>search-type</code>, <code>create</code>, <code>update</code>, <code>patch</code>.</li></ul></div></div><p/><div class=\"row\"><div class=\"col-12\"><span class=\"lead\">Documentation</span><blockquote><div><p>Nigerian Immunization profile for capturing dose and vaccine details</p>\n</div></blockquote></div></div><div class=\"row\"><div class=\"col-lg-7\"><span class=\"lead\">Search Parameters</span><table class=\"table table-condensed table-hover\"><thead><tr><th>Conformance</th><th>Parameter</th><th>Type</th><th>Documentation</th></tr></thead><tbody><tr><td><b>SHALL</b></td><td>patient</td><td><code>reference</code></td><td><div/></td></tr><tr><td><b>SHALL</b></td><td>status</td><td><code>token</code></td><td><div/></td></tr><tr><td><b>SHALL</b></td><td>vaccine-code</td><td><code>token</code></td><td><div/></td></tr><tr><td><b>SHALL</b></td><td>date</td><td><code>date</code></td><td><div/></td></tr></tbody></table></div><div class=\"col-lg-5\">\u00a0</div></div></div></div></div></div>"},"url":"https://nphcda.gov.ng/immunizationIG/CapabilityStatement/NgImmCapabilityStatementServer","version":"0.5.0","title":"NG-Imm Server CapabilityStatement","status":"active","date":"2025-06-23","publisher":"https://nphcda.gov.ng","contact":[{"name":"https://nphcda.gov.ng","telecom":[{"system":"url","value":"https://nphcda.gov.ng"}]},{"name":"Nigeria Primary Healthcare Development Agency.","telecom":[{"system":"email","value":"ig@nphcda.gov.ng","use":"work"}]}],"description":"Describes the expected behavior of systems serving immunization data based on the NgImmPatient and NgImmImmunization profiles.","jurisdiction":[{"coding":[{"system":"urn:iso:std:iso:3166","code":"NG","display":"Nigeria"}]}],"kind":"requirements","fhirVersion":"4.0.1","format":["xml"],"rest":[{"mode":"server","documentation":"Server supporting immunization records with Nigerian-specific constraints on Patient and Immunization profiles.","resource":[{"type":"Patient","profile":"https://nphcda.gov.ng/immunizationIG/StructureDefinition/NgImmPatient","documentation":"Patient profile constrained for Nigerian immunization use cases","interaction":[{"code":"read"},{"code":"search-type"},{"code":"create"},{"code":"update"},{"code":"patch"}],"searchParam":[{"name":"identifier","definition":"SearchParameter/Patient-identifier","type":"token"},{"name":"firstname","definition":"SearchParameter/Patient-firstname","type":"string"},{"name":"lastname","definition":"SearchParameter/Patient-lastname","type":"string"},{"name":"birthdate","definition":"SearchParameter/Patient-birthdate","type":"date"},{"name":"gender","definition":"SearchParameter/Patient-gender","type":"token"},{"name":"state","definition":"SearchParameter/Patient-state","type":"token"}]},{"type":"Immunization","profile":"https://nphcda.gov.ng/immunizationIG/StructureDefinition/NgImmImmunization","documentation":"Nigerian Immunization profile for capturing dose and vaccine details","interaction":[{"code":"read"},{"code":"search-type"},{"code":"create"},{"code":"update"},{"code":"patch"}],"searchParam":[{"name":"patient","definition":"SearchParameter/Immunization-patient","type":"reference"},{"name":"status","definition":"SearchParameter/Immunization-status","type":"token"},{"name":"vaccine-code","definition":"SearchParameter/Immunization-vaccine-code","type":"token"},{"name":"date","definition":"SearchParameter/Immunization-date","type":"date"}]}]}]}