{"resourceType":"CodeSystem","id":"nigeria-pregnancy-status","text":{"status":"generated","div":"<div xmlns=\"http://www.w3.org/1999/xhtml\"><p class=\"res-header-id\"><b>Generated Narrative: CodeSystem nigeria-pregnancy-status</b></p><a name=\"nigeria-pregnancy-status\"> </a><a name=\"hcnigeria-pregnancy-status\"> </a><p>This case-sensitive code system <code>https://nphcda.gov.ng/immunizationIG/CodeSystem/nigeria-pregnancy-status</code> defines the following codes in a Is-A hierarchy:</p><table class=\"codes\"><tr><td style=\"white-space:nowrap\"><b>Code</b></td><td><b>Display</b></td><td><b>Definition</b></td></tr><tr><td style=\"white-space:nowrap\">pregnant<a name=\"nigeria-pregnancy-status-pregnant\"> </a></td><td>Pregnant</td><td>The Client's pregnancy status is positive</td></tr><tr><td style=\"white-space:nowrap\">notpregnant<a name=\"nigeria-pregnancy-status-notpregnant\"> </a></td><td>Not Pregnant</td><td>The Client's pregnancy status is negative</td></tr><tr><td style=\"white-space:nowrap\">unknown<a name=\"nigeria-pregnancy-status-unknown\"> </a></td><td>Not known</td><td>The Client does not know their Pregnancy status</td></tr></table></div>"},"url":"https://nphcda.gov.ng/immunizationIG/CodeSystem/nigeria-pregnancy-status","version":"0.5.0","name":"NGPregnancyStatusCS","title":"NG-Imm Client Pregnancy status CS","status":"active","date":"2025-08-03T02:50:50+01:00","publisher":"https://nphcda.gov.ng","contact":[{"name":"https://nphcda.gov.ng","telecom":[{"system":"url","value":"https://nphcda.gov.ng"}]},{"name":"Nigeria Primary Healthcare Development Agency.","telecom":[{"system":"email","value":"ig@nphcda.gov.ng","use":"work"}]}],"description":"This CodeSystem defines list of options for Pregnancy status of a Client","jurisdiction":[{"coding":[{"system":"urn:iso:std:iso:3166","code":"NG","display":"Nigeria"}]}],"caseSensitive":true,"hierarchyMeaning":"is-a","content":"complete","count":3,"concept":[{"code":"pregnant","display":"Pregnant","definition":"The Client's pregnancy status is positive","designation":[{"use":{"system":"http://terminology.hl7.org/CodeSystem/designation-usage","code":"display"},"value":"Pregnant"}]},{"code":"notpregnant","display":"Not Pregnant","definition":"The Client's pregnancy status is negative","designation":[{"use":{"system":"http://terminology.hl7.org/CodeSystem/designation-usage","code":"display"},"value":"Not Pregnant"}]},{"code":"unknown","display":"Not known","definition":"The Client does not know their Pregnancy status","designation":[{"use":{"system":"http://terminology.hl7.org/CodeSystem/designation-usage","code":"display"},"value":"Not known"}]}]}