{"resourceType":"CodeSystem","id":"nigeria-relationship","text":{"status":"generated","div":"<div xmlns=\"http://www.w3.org/1999/xhtml\"><p class=\"res-header-id\"><b>Generated Narrative: CodeSystem nigeria-relationship</b></p><a name=\"nigeria-relationship\"> </a><a name=\"hcnigeria-relationship\"> </a><p>This case-sensitive code system <code>http://nphcda.gov.ng/ig/fhir/CodeSystem/ng-relationship</code> defines the following codes in a Is-A hierarchy:</p><table class=\"codes\"><tr><td style=\"white-space:nowrap\"><b>Code</b></td><td><b>Display</b></td></tr><tr><td style=\"white-space:nowrap\">BROTHER<a name=\"nigeria-relationship-BROTHER\"> </a></td><td>Brother</td></tr><tr><td style=\"white-space:nowrap\">SISTER<a name=\"nigeria-relationship-SISTER\"> </a></td><td>Sister</td></tr><tr><td style=\"white-space:nowrap\">SON<a name=\"nigeria-relationship-SON\"> </a></td><td>Son</td></tr><tr><td style=\"white-space:nowrap\">DAUGHTER<a name=\"nigeria-relationship-DAUGHTER\"> </a></td><td>Daughter</td></tr><tr><td style=\"white-space:nowrap\">MOTHER<a name=\"nigeria-relationship-MOTHER\"> </a></td><td>Mother</td></tr><tr><td style=\"white-space:nowrap\">FATHER<a name=\"nigeria-relationship-FATHER\"> </a></td><td>Father</td></tr><tr><td style=\"white-space:nowrap\">AUNT<a name=\"nigeria-relationship-AUNT\"> </a></td><td>Aunt</td></tr><tr><td style=\"white-space:nowrap\">COUNSN<a name=\"nigeria-relationship-COUNSN\"> </a></td><td>Cousin</td></tr><tr><td style=\"white-space:nowrap\">GRDSON<a name=\"nigeria-relationship-GRDSON\"> </a></td><td>Grand Son</td></tr><tr><td style=\"white-space:nowrap\">GRDDAU<a name=\"nigeria-relationship-GRDDAU\"> </a></td><td>Grand Daughter</td></tr><tr><td style=\"white-space:nowrap\">INLAW<a name=\"nigeria-relationship-INLAW\"> </a></td><td>Inlaw</td></tr><tr><td style=\"white-space:nowrap\">NEPHEW<a name=\"nigeria-relationship-NEPHEW\"> </a></td><td>Nephew</td></tr><tr><td style=\"white-space:nowrap\">NIECE<a name=\"nigeria-relationship-NIECE\"> </a></td><td>Niece</td></tr><tr><td style=\"white-space:nowrap\">UNCLE<a name=\"nigeria-relationship-UNCLE\"> </a></td><td>Uncle</td></tr><tr><td style=\"white-space:nowrap\">FRND<a name=\"nigeria-relationship-FRND\"> </a></td><td>Friend</td></tr></table></div>"},"url":"http://nphcda.gov.ng/ig/fhir/CodeSystem/ng-relationship","version":"0.4.0","name":"NGRelationshipsCS","title":"NG-Imm Relationships CS","status":"active","date":"2025-06-25T06:29:04+01:00","publisher":"https://nphcda.gov.ng","contact":[{"name":"https://nphcda.gov.ng","telecom":[{"system":"url","value":"https://nphcda.gov.ng"}]},{"name":"Nigeria Primary Healthcare Development Agency.","telecom":[{"system":"email","value":"ig@nphcda.gov.ng","use":"work"}]}],"description":"This CodeSystem defines list of persons related to a patient, but who is not a direct target of care","jurisdiction":[{"coding":[{"system":"urn:iso:std:iso:3166","code":"NG","display":"Nigeria"}]}],"caseSensitive":true,"hierarchyMeaning":"is-a","content":"complete","count":15,"concept":[{"code":"BROTHER","display":"Brother","designation":[{"use":{"system":"http://terminology.hl7.org/CodeSystem/designation-usage","code":"display"},"value":"Brother"},{"use":{"system":"http://terminology.hl7.org/CodeSystem/designation-usage","code":"display"},"value":"Brother"}]},{"code":"SISTER","display":"Sister","designation":[{"use":{"system":"http://terminology.hl7.org/CodeSystem/designation-usage","code":"display"},"value":"Sister"},{"use":{"system":"http://terminology.hl7.org/CodeSystem/designation-usage","code":"display"},"value":"Sister"}]},{"code":"SON","display":"Son","designation":[{"use":{"system":"http://terminology.hl7.org/CodeSystem/designation-usage","code":"display"},"value":"Son"},{"use":{"system":"http://terminology.hl7.org/CodeSystem/designation-usage","code":"display"},"value":"Son"}]},{"code":"DAUGHTER","display":"Daughter","designation":[{"use":{"system":"http://terminology.hl7.org/CodeSystem/designation-usage","code":"display"},"value":"Daughter"},{"use":{"system":"http://terminology.hl7.org/CodeSystem/designation-usage","code":"display"},"value":"Daughter"}]},{"code":"MOTHER","display":"Mother","designation":[{"use":{"system":"http://terminology.hl7.org/CodeSystem/designation-usage","code":"display"},"value":"Mother"},{"use":{"system":"http://terminology.hl7.org/CodeSystem/designation-usage","code":"display"},"value":"Mother"}]},{"code":"FATHER","display":"Father","designation":[{"use":{"system":"http://terminology.hl7.org/CodeSystem/designation-usage","code":"display"},"value":"Father"},{"use":{"system":"http://terminology.hl7.org/CodeSystem/designation-usage","code":"display"},"value":"Father"}]},{"code":"AUNT","display":"Aunt","designation":[{"use":{"system":"http://terminology.hl7.org/CodeSystem/designation-usage","code":"display"},"value":"Aunt"},{"use":{"system":"http://terminology.hl7.org/CodeSystem/designation-usage","code":"display"},"value":"Aunt"}]},{"code":"COUNSN","display":"Cousin","designation":[{"use":{"system":"http://terminology.hl7.org/CodeSystem/designation-usage","code":"display"},"value":"Cousin"},{"use":{"system":"http://terminology.hl7.org/CodeSystem/designation-usage","code":"display"},"value":"Cousin"}]},{"code":"GRDSON","display":"Grand Son","designation":[{"use":{"system":"http://terminology.hl7.org/CodeSystem/designation-usage","code":"display"},"value":"Grand Son"},{"use":{"system":"http://terminology.hl7.org/CodeSystem/designation-usage","code":"display"},"value":"Grand Son"}]},{"code":"GRDDAU","display":"Grand Daughter","designation":[{"use":{"system":"http://terminology.hl7.org/CodeSystem/designation-usage","code":"display"},"value":"Grand Daughter"},{"use":{"system":"http://terminology.hl7.org/CodeSystem/designation-usage","code":"display"},"value":"Grand Daughter"}]},{"code":"INLAW","display":"Inlaw","designation":[{"use":{"system":"http://terminology.hl7.org/CodeSystem/designation-usage","code":"display"},"value":"Inlaw"},{"use":{"system":"http://terminology.hl7.org/CodeSystem/designation-usage","code":"display"},"value":"Inlaw"}]},{"code":"NEPHEW","display":"Nephew","designation":[{"use":{"system":"http://terminology.hl7.org/CodeSystem/designation-usage","code":"display"},"value":"Nephew"},{"use":{"system":"http://terminology.hl7.org/CodeSystem/designation-usage","code":"display"},"value":"Nephew"}]},{"code":"NIECE","display":"Niece","designation":[{"use":{"system":"http://terminology.hl7.org/CodeSystem/designation-usage","code":"display"},"value":"Niece"},{"use":{"system":"http://terminology.hl7.org/CodeSystem/designation-usage","code":"display"},"value":"Niece"}]},{"code":"UNCLE","display":"Uncle","designation":[{"use":{"system":"http://terminology.hl7.org/CodeSystem/designation-usage","code":"display"},"value":"Uncle"},{"use":{"system":"http://terminology.hl7.org/CodeSystem/designation-usage","code":"display"},"value":"Uncle"}]},{"code":"FRND","display":"Friend","designation":[{"use":{"system":"http://terminology.hl7.org/CodeSystem/designation-usage","code":"display"},"value":"Friend"},{"use":{"system":"http://terminology.hl7.org/CodeSystem/designation-usage","code":"display"},"value":"Friend"}]}]}