{"resourceType":"CodeSystem","id":"nigeria-facility-type","text":{"status":"generated","div":"<div xmlns=\"http://www.w3.org/1999/xhtml\"><p class=\"res-header-id\"><b>Generated Narrative: CodeSystem nigeria-facility-type</b></p><a name=\"nigeria-facility-type\"> </a><a name=\"hcnigeria-facility-type\"> </a><p>This  code system <code>https://nphcda.gov.ng/immunizationIG/CodeSystem/nigeria-facility-type</code> defines the following codes in a Is-A hierarchy:</p><table class=\"codes\"><tr><td style=\"white-space:nowrap\"><b>Code</b></td><td><b>Display</b></td><td><b>Definition</b></td></tr><tr><td style=\"white-space:nowrap\">clinic<a name=\"nigeria-facility-type-clinic\"> </a></td><td>Clinic</td><td>The Health facility is a primary health facility</td></tr><tr><td style=\"white-space:nowrap\">hospital<a name=\"nigeria-facility-type-hospital\"> </a></td><td>Hospital</td><td>The Health facility is a Secondary health facilities and General Hospitals</td></tr><tr><td style=\"white-space:nowrap\">health-post<a name=\"nigeria-facility-type-health-post\"> </a></td><td>Health Post</td><td>The Health facility is a primary health facility in category of dispensories</td></tr><tr><td style=\"white-space:nowrap\">chc<a name=\"nigeria-facility-type-chc\"> </a></td><td>Comprehensive Health Centers</td><td>The Health facility is a comprehensive primary health center owned by the government</td></tr><tr><td style=\"white-space:nowrap\">tertiary<a name=\"nigeria-facility-type-tertiary\"> </a></td><td>Tertiary facility</td><td>These are Higher level facilities and referal centers)</td></tr></table></div>"},"url":"https://nphcda.gov.ng/immunizationIG/CodeSystem/nigeria-facility-type","version":"0.4.0","name":"NGFacilityTypeCS","title":"NG-Imm Facility Type CS","status":"active","date":"2025-07-04T16:58:52+01:00","publisher":"https://nphcda.gov.ng","contact":[{"name":"https://nphcda.gov.ng","telecom":[{"system":"url","value":"https://nphcda.gov.ng"}]},{"name":"Nigeria Primary Healthcare Development Agency.","telecom":[{"system":"email","value":"ig@nphcda.gov.ng","use":"work"}]}],"description":"A standardized classification system used to describe the type or level of health facility within a healthcare delivery system, based on the scope of services provided, staffing, infrastructure, and administrative role.","jurisdiction":[{"coding":[{"system":"urn:iso:std:iso:3166","code":"NG","display":"Nigeria"}]}],"hierarchyMeaning":"is-a","content":"complete","count":5,"concept":[{"code":"clinic","display":"Clinic","definition":"The Health facility is a primary health facility","designation":[{"use":{"system":"http://terminology.hl7.org/CodeSystem/designation-usage","code":"display"},"value":"Clinic"}]},{"code":"hospital","display":"Hospital","definition":"The Health facility is a Secondary health facilities and General Hospitals","designation":[{"use":{"system":"http://terminology.hl7.org/CodeSystem/designation-usage","code":"display"},"value":"Hospital"}]},{"code":"health-post","display":"Health Post","definition":"The Health facility is a primary health facility in category of dispensories","designation":[{"use":{"system":"http://terminology.hl7.org/CodeSystem/designation-usage","code":"display"},"value":"Health Post"}]},{"code":"chc","display":"Comprehensive Health Centers","definition":"The Health facility is a comprehensive primary health center owned by the government","designation":[{"use":{"system":"http://terminology.hl7.org/CodeSystem/designation-usage","code":"display"},"value":"Comprehensive Health Centers"}]},{"code":"tertiary","display":"Tertiary facility","definition":"These are Higher level facilities and referal centers)","designation":[{"use":{"system":"http://terminology.hl7.org/CodeSystem/designation-usage","code":"display"},"value":"Tertiary facility"}]}]}