{"resourceType":"ImplementationGuide","id":"fhir.nigeriaImmunizationIG","text":{"status":"generated","div":"<div xmlns=\"http://www.w3.org/1999/xhtml\"><p class=\"res-header-id\"><b>Generated Narrative: ImplementationGuide fhir.nigeriaImmunizationIG</b></p><a name=\"fhir.nigeriaImmunizationIG\"> </a><a name=\"hcfhir.nigeriaImmunizationIG\"> </a><h2>NigeriaimmunizationFHIRIG</h2><p>The official URL for this implementation guide is: </p><pre>https://nphcda.gov.ng/immunizationIG/ImplementationGuide/fhir.nigeriaImmunizationIG</pre><div><p>Nigeria Immunization FHIR IG</p>\n</div></div>"},"url":"https://nphcda.gov.ng/immunizationIG/ImplementationGuide/fhir.nigeriaImmunizationIG","version":"0.4.0","name":"NigeriaimmunizationFHIRIG","title":"Nigeria Immunization FHIR IG","status":"draft","date":"2025-06-25T06:29:04+01:00","publisher":"https://nphcda.gov.ng","contact":[{"name":"https://nphcda.gov.ng","telecom":[{"system":"url","value":"https://nphcda.gov.ng"}]},{"name":"Nigeria Primary Healthcare Development Agency.","telecom":[{"system":"email","value":"ig@nphcda.gov.ng","use":"work"}]}],"description":"Nigeria Immunization FHIR IG","jurisdiction":[{"coding":[{"system":"urn:iso:std:iso:3166","code":"NG","display":"Nigeria"}]}],"packageId":"fhir.nigeriaImmunizationIG","license":"CC0-1.0","fhirVersion":["4.0.1"],"dependsOn":[{"id":"hl7tx","extension":[{"url":"http://hl7.org/fhir/tools/StructureDefinition/implementationguide-dependency-comment","valueMarkdown":"Automatically added as a dependency - all IGs depend on HL7 Terminology"}],"uri":"http://terminology.hl7.org/ImplementationGuide/hl7.terminology","packageId":"hl7.terminology.r4","version":"6.4.0"},{"id":"hl7ext","extension":[{"url":"http://hl7.org/fhir/tools/StructureDefinition/implementationguide-dependency-comment","valueMarkdown":"Automatically added as a dependency - all IGs depend on the HL7 Extension Pack"}],"uri":"http://hl7.org/fhir/extensions/ImplementationGuide/hl7.fhir.uv.extensions","packageId":"hl7.fhir.uv.extensions.r4","version":"5.2.0"}],"definition":{"extension":[{"extension":[{"url":"code","valueString":"copyrightyear"},{"url":"value","valueString":"2025+"}],"url":"http://hl7.org/fhir/tools/StructureDefinition/ig-parameter"},{"extension":[{"url":"code","valueString":"releaselabel"},{"url":"value","valueString":"ci-build"}],"url":"http://hl7.org/fhir/tools/StructureDefinition/ig-parameter"},{"extension":[{"url":"code","valueString":"autoload-resources"},{"url":"value","valueString":"true"}],"url":"http://hl7.org/fhir/tools/StructureDefinition/ig-parameter"},{"extension":[{"url":"code","valueString":"path-liquid"},{"url":"value","valueString":"template/liquid"}],"url":"http://hl7.org/fhir/tools/StructureDefinition/ig-parameter"},{"extension":[{"url":"code","valueString":"path-liquid"},{"url":"value","valueString":"input/liquid"}],"url":"http://hl7.org/fhir/tools/StructureDefinition/ig-parameter"},{"extension":[{"url":"code","valueString":"path-qa"},{"url":"value","valueString":"temp/qa"}],"url":"http://hl7.org/fhir/tools/StructureDefinition/ig-parameter"},{"extension":[{"url":"code","valueString":"path-temp"},{"url":"value","valueString":"temp/pages"}],"url":"http://hl7.org/fhir/tools/StructureDefinition/ig-parameter"},{"extension":[{"url":"code","valueString":"path-output"},{"url":"value","valueString":"output"}],"url":"http://hl7.org/fhir/tools/StructureDefinition/ig-parameter"},{"extension":[{"url":"code","valueString":"path-suppressed-warnings"},{"url":"value","valueString":"input/ignoreWarnings.txt"}],"url":"http://hl7.org/fhir/tools/StructureDefinition/ig-parameter"},{"extension":[{"url":"code","valueString":"path-history"},{"url":"value","valueString":"https://nphcda.gov.ng/immunizationIG/history.html"}],"url":"http://hl7.org/fhir/tools/StructureDefinition/ig-parameter"},{"extension":[{"url":"code","valueString":"template-html"},{"url":"value","valueString":"template-page.html"}],"url":"http://hl7.org/fhir/tools/StructureDefinition/ig-parameter"},{"extension":[{"url":"code","valueString":"template-md"},{"url":"value","valueString":"template-page-md.html"}],"url":"http://hl7.org/fhir/tools/StructureDefinition/ig-parameter"},{"extension":[{"url":"code","valueString":"apply-contact"},{"url":"value","valueString":"true"}],"url":"http://hl7.org/fhir/tools/StructureDefinition/ig-parameter"},{"extension":[{"url":"code","valueString":"apply-context"},{"url":"value","valueString":"true"}],"url":"http://hl7.org/fhir/tools/StructureDefinition/ig-parameter"},{"extension":[{"url":"code","valueString":"apply-copyright"},{"url":"value","valueString":"true"}],"url":"http://hl7.org/fhir/tools/StructureDefinition/ig-parameter"},{"extension":[{"url":"code","valueString":"apply-jurisdiction"},{"url":"value","valueString":"true"}],"url":"http://hl7.org/fhir/tools/StructureDefinition/ig-parameter"},{"extension":[{"url":"code","valueString":"apply-license"},{"url":"value","valueString":"true"}],"url":"http://hl7.org/fhir/tools/StructureDefinition/ig-parameter"},{"extension":[{"url":"code","valueString":"apply-publisher"},{"url":"value","valueString":"true"}],"url":"http://hl7.org/fhir/tools/StructureDefinition/ig-parameter"},{"extension":[{"url":"code","valueString":"apply-version"},{"url":"value","valueString":"true"}],"url":"http://hl7.org/fhir/tools/StructureDefinition/ig-parameter"},{"extension":[{"url":"code","valueString":"apply-wg"},{"url":"value","valueString":"true"}],"url":"http://hl7.org/fhir/tools/StructureDefinition/ig-parameter"},{"extension":[{"url":"code","valueString":"active-tables"},{"url":"value","valueString":"true"}],"url":"http://hl7.org/fhir/tools/StructureDefinition/ig-parameter"},{"extension":[{"url":"code","valueString":"fmm-definition"},{"url":"value","valueString":"http://hl7.org/fhir/versions.html#maturity"}],"url":"http://hl7.org/fhir/tools/StructureDefinition/ig-parameter"},{"extension":[{"url":"code","valueString":"propagate-status"},{"url":"value","valueString":"true"}],"url":"http://hl7.org/fhir/tools/StructureDefinition/ig-parameter"},{"extension":[{"url":"code","valueString":"excludelogbinaryformat"},{"url":"value","valueString":"true"}],"url":"http://hl7.org/fhir/tools/StructureDefinition/ig-parameter"},{"extension":[{"url":"code","valueString":"tabbed-snapshots"},{"url":"value","valueString":"true"}],"url":"http://hl7.org/fhir/tools/StructureDefinition/ig-parameter"},{"url":"http://hl7.org/fhir/tools/StructureDefinition/ig-internal-dependency","valueCode":"hl7.fhir.uv.tools.r4#0.5.0"},{"extension":[{"url":"code","valueCode":"copyrightyear"},{"url":"value","valueString":"2025+"}],"url":"http://hl7.org/fhir/tools/StructureDefinition/ig-parameter"},{"extension":[{"url":"code","valueCode":"releaselabel"},{"url":"value","valueString":"ci-build"}],"url":"http://hl7.org/fhir/tools/StructureDefinition/ig-parameter"},{"extension":[{"url":"code","valueCode":"autoload-resources"},{"url":"value","valueString":"true"}],"url":"http://hl7.org/fhir/tools/StructureDefinition/ig-parameter"},{"extension":[{"url":"code","valueCode":"path-liquid"},{"url":"value","valueString":"template/liquid"}],"url":"http://hl7.org/fhir/tools/StructureDefinition/ig-parameter"},{"extension":[{"url":"code","valueCode":"path-liquid"},{"url":"value","valueString":"input/liquid"}],"url":"http://hl7.org/fhir/tools/StructureDefinition/ig-parameter"},{"extension":[{"url":"code","valueCode":"path-qa"},{"url":"value","valueString":"temp/qa"}],"url":"http://hl7.org/fhir/tools/StructureDefinition/ig-parameter"},{"extension":[{"url":"code","valueCode":"path-temp"},{"url":"value","valueString":"temp/pages"}],"url":"http://hl7.org/fhir/tools/StructureDefinition/ig-parameter"},{"extension":[{"url":"code","valueCode":"path-output"},{"url":"value","valueString":"output"}],"url":"http://hl7.org/fhir/tools/StructureDefinition/ig-parameter"},{"extension":[{"url":"code","valueCode":"path-suppressed-warnings"},{"url":"value","valueString":"input/ignoreWarnings.txt"}],"url":"http://hl7.org/fhir/tools/StructureDefinition/ig-parameter"},{"extension":[{"url":"code","valueCode":"path-history"},{"url":"value","valueString":"https://nphcda.gov.ng/immunizationIG/history.html"}],"url":"http://hl7.org/fhir/tools/StructureDefinition/ig-parameter"},{"extension":[{"url":"code","valueCode":"template-html"},{"url":"value","valueString":"template-page.html"}],"url":"http://hl7.org/fhir/tools/StructureDefinition/ig-parameter"},{"extension":[{"url":"code","valueCode":"template-md"},{"url":"value","valueString":"template-page-md.html"}],"url":"http://hl7.org/fhir/tools/StructureDefinition/ig-parameter"},{"extension":[{"url":"code","valueCode":"apply-contact"},{"url":"value","valueString":"true"}],"url":"http://hl7.org/fhir/tools/StructureDefinition/ig-parameter"},{"extension":[{"url":"code","valueCode":"apply-context"},{"url":"value","valueString":"true"}],"url":"http://hl7.org/fhir/tools/StructureDefinition/ig-parameter"},{"extension":[{"url":"code","valueCode":"apply-copyright"},{"url":"value","valueString":"true"}],"url":"http://hl7.org/fhir/tools/StructureDefinition/ig-parameter"},{"extension":[{"url":"code","valueCode":"apply-jurisdiction"},{"url":"value","valueString":"true"}],"url":"http://hl7.org/fhir/tools/StructureDefinition/ig-parameter"},{"extension":[{"url":"code","valueCode":"apply-license"},{"url":"value","valueString":"true"}],"url":"http://hl7.org/fhir/tools/StructureDefinition/ig-parameter"},{"extension":[{"url":"code","valueCode":"apply-publisher"},{"url":"value","valueString":"true"}],"url":"http://hl7.org/fhir/tools/StructureDefinition/ig-parameter"},{"extension":[{"url":"code","valueCode":"apply-version"},{"url":"value","valueString":"true"}],"url":"http://hl7.org/fhir/tools/StructureDefinition/ig-parameter"},{"extension":[{"url":"code","valueCode":"apply-wg"},{"url":"value","valueString":"true"}],"url":"http://hl7.org/fhir/tools/StructureDefinition/ig-parameter"},{"extension":[{"url":"code","valueCode":"active-tables"},{"url":"value","valueString":"true"}],"url":"http://hl7.org/fhir/tools/StructureDefinition/ig-parameter"},{"extension":[{"url":"code","valueCode":"fmm-definition"},{"url":"value","valueString":"http://hl7.org/fhir/versions.html#maturity"}],"url":"http://hl7.org/fhir/tools/StructureDefinition/ig-parameter"},{"extension":[{"url":"code","valueCode":"propagate-status"},{"url":"value","valueString":"true"}],"url":"http://hl7.org/fhir/tools/StructureDefinition/ig-parameter"},{"extension":[{"url":"code","valueCode":"excludelogbinaryformat"},{"url":"value","valueString":"true"}],"url":"http://hl7.org/fhir/tools/StructureDefinition/ig-parameter"},{"extension":[{"url":"code","valueCode":"tabbed-snapshots"},{"url":"value","valueString":"true"}],"url":"http://hl7.org/fhir/tools/StructureDefinition/ig-parameter"},{"extension":[{"url":"code","valueCode":"copyrightyear"},{"url":"value","valueString":"2025+"}],"url":"http://hl7.org/fhir/tools/StructureDefinition/ig-parameter"},{"extension":[{"url":"code","valueCode":"releaselabel"},{"url":"value","valueString":"ci-build"}],"url":"http://hl7.org/fhir/tools/StructureDefinition/ig-parameter"},{"extension":[{"url":"code","valueCode":"autoload-resources"},{"url":"value","valueString":"true"}],"url":"http://hl7.org/fhir/tools/StructureDefinition/ig-parameter"},{"extension":[{"url":"code","valueCode":"path-liquid"},{"url":"value","valueString":"template/liquid"}],"url":"http://hl7.org/fhir/tools/StructureDefinition/ig-parameter"},{"extension":[{"url":"code","valueCode":"path-liquid"},{"url":"value","valueString":"input/liquid"}],"url":"http://hl7.org/fhir/tools/StructureDefinition/ig-parameter"},{"extension":[{"url":"code","valueCode":"path-qa"},{"url":"value","valueString":"temp/qa"}],"url":"http://hl7.org/fhir/tools/StructureDefinition/ig-parameter"},{"extension":[{"url":"code","valueCode":"path-temp"},{"url":"value","valueString":"temp/pages"}],"url":"http://hl7.org/fhir/tools/StructureDefinition/ig-parameter"},{"extension":[{"url":"code","valueCode":"path-output"},{"url":"value","valueString":"output"}],"url":"http://hl7.org/fhir/tools/StructureDefinition/ig-parameter"},{"extension":[{"url":"code","valueCode":"path-suppressed-warnings"},{"url":"value","valueString":"input/ignoreWarnings.txt"}],"url":"http://hl7.org/fhir/tools/StructureDefinition/ig-parameter"},{"extension":[{"url":"code","valueCode":"path-history"},{"url":"value","valueString":"https://nphcda.gov.ng/immunizationIG/history.html"}],"url":"http://hl7.org/fhir/tools/StructureDefinition/ig-parameter"},{"extension":[{"url":"code","valueCode":"template-html"},{"url":"value","valueString":"template-page.html"}],"url":"http://hl7.org/fhir/tools/StructureDefinition/ig-parameter"},{"extension":[{"url":"code","valueCode":"template-md"},{"url":"value","valueString":"template-page-md.html"}],"url":"http://hl7.org/fhir/tools/StructureDefinition/ig-parameter"},{"extension":[{"url":"code","valueCode":"apply-contact"},{"url":"value","valueString":"true"}],"url":"http://hl7.org/fhir/tools/StructureDefinition/ig-parameter"},{"extension":[{"url":"code","valueCode":"apply-context"},{"url":"value","valueString":"true"}],"url":"http://hl7.org/fhir/tools/StructureDefinition/ig-parameter"},{"extension":[{"url":"code","valueCode":"apply-copyright"},{"url":"value","valueString":"true"}],"url":"http://hl7.org/fhir/tools/StructureDefinition/ig-parameter"},{"extension":[{"url":"code","valueCode":"apply-jurisdiction"},{"url":"value","valueString":"true"}],"url":"http://hl7.org/fhir/tools/StructureDefinition/ig-parameter"},{"extension":[{"url":"code","valueCode":"apply-license"},{"url":"value","valueString":"true"}],"url":"http://hl7.org/fhir/tools/StructureDefinition/ig-parameter"},{"extension":[{"url":"code","valueCode":"apply-publisher"},{"url":"value","valueString":"true"}],"url":"http://hl7.org/fhir/tools/StructureDefinition/ig-parameter"},{"extension":[{"url":"code","valueCode":"apply-version"},{"url":"value","valueString":"true"}],"url":"http://hl7.org/fhir/tools/StructureDefinition/ig-parameter"},{"extension":[{"url":"code","valueCode":"apply-wg"},{"url":"value","valueString":"true"}],"url":"http://hl7.org/fhir/tools/StructureDefinition/ig-parameter"},{"extension":[{"url":"code","valueCode":"active-tables"},{"url":"value","valueString":"true"}],"url":"http://hl7.org/fhir/tools/StructureDefinition/ig-parameter"},{"extension":[{"url":"code","valueCode":"fmm-definition"},{"url":"value","valueString":"http://hl7.org/fhir/versions.html#maturity"}],"url":"http://hl7.org/fhir/tools/StructureDefinition/ig-parameter"},{"extension":[{"url":"code","valueCode":"propagate-status"},{"url":"value","valueString":"true"}],"url":"http://hl7.org/fhir/tools/StructureDefinition/ig-parameter"},{"extension":[{"url":"code","valueCode":"excludelogbinaryformat"},{"url":"value","valueString":"true"}],"url":"http://hl7.org/fhir/tools/StructureDefinition/ig-parameter"},{"extension":[{"url":"code","valueCode":"tabbed-snapshots"},{"url":"value","valueString":"true"}],"url":"http://hl7.org/fhir/tools/StructureDefinition/ig-parameter"}],"grouping":[{"id":"-dyn-capabilitystatement","name":"Behavior: Capability Statements","description":"The following artifacts define the specific capabilities that different types of systems are expected to have in order to comply with this implementation guide.  Systems conforming to this implementation guide are expected to declare conformance to one or more of the following capability statements."},{"id":"-dyn-searchparameter","name":"Behavior: Search Parameters","description":"These define the properties by which a RESTful server can be searched.  They can also be used for sorting and including related resources."},{"id":"-str-logicalmodel","name":"Structures: Logical Models","description":"These define data models that represent the domain covered by this implementation guide in more business-friendly terms than the underlying FHIR resources."},{"id":"-str-profile","name":"Structures: Resource Profiles","description":"These define constraints on FHIR resources for systems conforming to this implementation guide."},{"id":"-str-extension","name":"Structures: Extension Definitions","description":"These define constraints on FHIR data types for systems conforming to this implementation guide."},{"id":"-term-valueset","name":"Terminology: Value Sets","description":"These define sets of codes used by systems conforming to this implementation guide."},{"id":"-term-codesystem","name":"Terminology: Code Systems","description":"These define new code systems used by systems conforming to this implementation guide."},{"id":"-ex-example","name":"Example: Example Instances","description":"These are example instances that show what data produced and consumed by systems conforming with this implementation guide might look like."}],"resource":[{"extension":[{"url":"http://hl7.org/fhir/tools/StructureDefinition/resource-sort","valueInteger":999999999},{"url":"http://hl7.org/fhir/StructureDefinition/implementationguide-page","valueUri":"CapabilityStatement-NgImmCapabilityStatementClient.html"}],"reference":{"reference":"CapabilityStatement/NgImmCapabilityStatementClient"},"name":"NG-Imm Client CapabilityStatement","description":"Describes expected behavior of clients consuming immunization services using the Nigerian profiles.","exampleBoolean":false,"groupingId":"-dyn-capabilitystatement"},{"extension":[{"url":"http://hl7.org/fhir/tools/StructureDefinition/resource-sort","valueInteger":999999999},{"url":"http://hl7.org/fhir/StructureDefinition/implementationguide-page","valueUri":"CapabilityStatement-NgImmCapabilityStatementServer.html"}],"reference":{"reference":"CapabilityStatement/NgImmCapabilityStatementServer"},"name":"NG-Imm Server CapabilityStatement","description":"Describes the expected behavior of systems serving immunization data based on the NgImmPatient and NgImmImmunization profiles.","exampleBoolean":false,"groupingId":"-dyn-capabilitystatement"},{"extension":[{"url":"http://hl7.org/fhir/tools/StructureDefinition/resource-sort","valueInteger":999999999},{"url":"http://hl7.org/fhir/StructureDefinition/implementationguide-page","valueUri":"SearchParameter-SearchParameter-ngimm-immdate.html"}],"reference":{"reference":"SearchParameter/SearchParameter-ngimm-immdate"},"name":"NG-Imm Search Immunization by date of vaccination","description":"Search Immunization records by date of vaccination","exampleBoolean":false,"groupingId":"-dyn-searchparameter"},{"extension":[{"url":"http://hl7.org/fhir/tools/StructureDefinition/resource-sort","valueInteger":999999999},{"url":"http://hl7.org/fhir/StructureDefinition/implementationguide-page","valueUri":"SearchParameter-SearchParameter-ngimm-immpatient.html"}],"reference":{"reference":"SearchParameter/SearchParameter-ngimm-immpatient"},"name":"NG-Imm Search Immunization by patient","description":"Search Immunization records by patient","exampleBoolean":false,"groupingId":"-dyn-searchparameter"},{"extension":[{"url":"http://hl7.org/fhir/tools/StructureDefinition/resource-sort","valueInteger":999999999},{"url":"http://hl7.org/fhir/StructureDefinition/implementationguide-page","valueUri":"SearchParameter-SearchParameter-ngimm-immstatus.html"}],"reference":{"reference":"SearchParameter/SearchParameter-ngimm-immstatus"},"name":"NG-Imm Search Immunization by status of immunization","description":"Search Immunization records by status (eg. completed, or not done)","exampleBoolean":false,"groupingId":"-dyn-searchparameter"},{"extension":[{"url":"http://hl7.org/fhir/tools/StructureDefinition/resource-sort","valueInteger":999999999},{"url":"http://hl7.org/fhir/StructureDefinition/implementationguide-page","valueUri":"SearchParameter-SearchParameter-ngimm-immvaccinecode.html"}],"reference":{"reference":"SearchParameter/SearchParameter-ngimm-immvaccinecode"},"name":"NG-Imm Search Immunization by vaccine code","description":"Search Immunization records by vaccination code","exampleBoolean":false,"groupingId":"-dyn-searchparameter"},{"extension":[{"url":"http://hl7.org/fhir/tools/StructureDefinition/resource-sort","valueInteger":999999999},{"url":"http://hl7.org/fhir/StructureDefinition/implementationguide-page","valueUri":"SearchParameter-SearchParameter-ngimm-identifier.html"}],"reference":{"reference":"SearchParameter/SearchParameter-ngimm-identifier"},"name":"NG-Imm Search Patient by Identifier","description":"Search by patient identifier","exampleBoolean":false,"groupingId":"-dyn-searchparameter"},{"extension":[{"url":"http://hl7.org/fhir/tools/StructureDefinition/resource-sort","valueInteger":999999999},{"url":"http://hl7.org/fhir/StructureDefinition/implementationguide-page","valueUri":"SearchParameter-SearchParameter-ngimm-birthdate.html"}],"reference":{"reference":"SearchParameter/SearchParameter-ngimm-birthdate"},"name":"NG-Imm Search Patient by birth date","description":"Search by patient birth date","exampleBoolean":false,"groupingId":"-dyn-searchparameter"},{"extension":[{"url":"http://hl7.org/fhir/tools/StructureDefinition/resource-sort","valueInteger":999999999},{"url":"http://hl7.org/fhir/StructureDefinition/implementationguide-page","valueUri":"SearchParameter-SearchParameter-ngimm-createddate.html"}],"reference":{"reference":"SearchParameter/SearchParameter-ngimm-createddate"},"name":"NG-Imm Search Patient by date of creation","description":"Search by patient's date of creation","exampleBoolean":false,"groupingId":"-dyn-searchparameter"},{"extension":[{"url":"http://hl7.org/fhir/tools/StructureDefinition/resource-sort","valueInteger":999999999},{"url":"http://hl7.org/fhir/StructureDefinition/implementationguide-page","valueUri":"SearchParameter-SearchParameter-ngimm-firstname.html"}],"reference":{"reference":"SearchParameter/SearchParameter-ngimm-firstname"},"name":"NG-Imm Search Patient by firstname","description":"Search by patient firstname","exampleBoolean":false,"groupingId":"-dyn-searchparameter"},{"extension":[{"url":"http://hl7.org/fhir/tools/StructureDefinition/resource-sort","valueInteger":999999999},{"url":"http://hl7.org/fhir/StructureDefinition/implementationguide-page","valueUri":"SearchParameter-SearchParameter-ngimm-gender.html"}],"reference":{"reference":"SearchParameter/SearchParameter-ngimm-gender"},"name":"NG-Imm Search Patient by gender","description":"Search by patient gender","exampleBoolean":false,"groupingId":"-dyn-searchparameter"},{"extension":[{"url":"http://hl7.org/fhir/tools/StructureDefinition/resource-sort","valueInteger":999999999},{"url":"http://hl7.org/fhir/StructureDefinition/implementationguide-page","valueUri":"SearchParameter-SearchParameter-ngimm-lastname.html"}],"reference":{"reference":"SearchParameter/SearchParameter-ngimm-lastname"},"name":"NG-Imm Search Patient by lastname","description":"Search by patient lastname","exampleBoolean":false,"groupingId":"-dyn-searchparameter"},{"extension":[{"url":"http://hl7.org/fhir/tools/StructureDefinition/resource-sort","valueInteger":999999999},{"url":"http://hl7.org/fhir/StructureDefinition/implementationguide-page","valueUri":"SearchParameter-SearchParameter-ngimm-state.html"}],"reference":{"reference":"SearchParameter/SearchParameter-ngimm-state"},"name":"NG-Imm Search Patient by state","description":"Search by patient's State of residence","exampleBoolean":false,"groupingId":"-dyn-searchparameter"},{"extension":[{"url":"http://hl7.org/fhir/tools/StructureDefinition/resource-sort","valueInteger":999999999},{"url":"http://hl7.org/fhir/StructureDefinition/implementationguide-page","valueUri":"SearchParameter-SearchParameter-ngimm-lga.html"}],"reference":{"reference":"SearchParameter/SearchParameter-ngimm-lga"},"name":"NG-Imm Search by Patient lga of residence","description":"Search by patient LGA of residence","exampleBoolean":false,"groupingId":"-dyn-searchparameter"},{"extension":[{"url":"http://hl7.org/fhir/tools/StructureDefinition/resource-sort","valueInteger":999999999},{"url":"http://hl7.org/fhir/StructureDefinition/implementationguide-page","valueUri":"StructureDefinition-register-facility-model.html"}],"reference":{"reference":"StructureDefinition/register-facility-model"},"name":"NG-Imm-A RegisterFacility[information only]","description":"IMMZ.A - A logical model representing a health facility being registered in the immunization system.","exampleBoolean":false,"groupingId":"-str-logicalmodel"},{"extension":[{"url":"http://hl7.org/fhir/tools/StructureDefinition/resource-sort","valueInteger":999999999},{"url":"http://hl7.org/fhir/StructureDefinition/implementationguide-page","valueUri":"StructureDefinition-register-client-model.html"}],"reference":{"reference":"StructureDefinition/register-client-model"},"name":"NG-Imm-C5 RegisterClient[information only]","description":"IMMZ.C5 - A logical model representing a client being registered in the immunization system.","exampleBoolean":false,"groupingId":"-str-logicalmodel"},{"extension":[{"url":"http://hl7.org/fhir/tools/StructureDefinition/resource-sort","valueInteger":999999999},{"url":"http://hl7.org/fhir/StructureDefinition/implementationguide-page","valueUri":"StructureDefinition-UpdateClientHistory.html"}],"reference":{"reference":"StructureDefinition/UpdateClientHistory"},"name":"NG-Imm-C6 UpdateClientHistory[information only]","description":"IMMZ.C6 - A logical model for tracking client immunization history updates.","exampleBoolean":false,"groupingId":"-str-logicalmodel"},{"extension":[{"url":"http://hl7.org/fhir/tools/StructureDefinition/resource-sort","valueInteger":999999999},{"url":"http://hl7.org/fhir/StructureDefinition/implementationguide-page","valueUri":"StructureDefinition-AdministerVaccine.html"}],"reference":{"reference":"StructureDefinition/AdministerVaccine"},"name":"NG-Imm-D AdministerVaccine[information only]","description":"IMMZ.D - A logical model for capturing vaccine administration details","exampleBoolean":false,"groupingId":"-str-logicalmodel"},{"extension":[{"url":"http://hl7.org/fhir/tools/StructureDefinition/resource-sort","valueInteger":999999999},{"url":"http://hl7.org/fhir/StructureDefinition/implementationguide-page","valueUri":"StructureDefinition-manage-aefi.html"}],"reference":{"reference":"StructureDefinition/manage-aefi"},"name":"NG-Imm-E Manage & ReportAEFI[information only]","description":"IMMZ.E - A logical model for recording and managing AEFI treatment.","exampleBoolean":false,"groupingId":"-str-logicalmodel"},{"extension":[{"url":"http://hl7.org/fhir/tools/StructureDefinition/resource-sort","valueInteger":999999999},{"url":"http://hl7.org/fhir/StructureDefinition/implementationguide-page","valueUri":"StructureDefinition-DefaulterTracking.html"}],"reference":{"reference":"StructureDefinition/DefaulterTracking"},"name":"NG-Imm-G DefaulterTracking[information only]","description":"IMMZ.G - A logical model for tracking immunization defaulters.","exampleBoolean":false,"groupingId":"-str-logicalmodel"},{"extension":[{"url":"http://hl7.org/fhir/tools/StructureDefinition/resource-sort","valueInteger":999999999},{"url":"http://hl7.org/fhir/StructureDefinition/implementationguide-page","valueUri":"StructureDefinition-IMMZGGenerateReport.html"}],"reference":{"reference":"StructureDefinition/IMMZGGenerateReport"},"name":"NG-Imm-H GenerateReport[information only]","description":"IMMZ.H - Data elements for the IMMZ.G Report Generation Data Dictionary.","exampleBoolean":false,"groupingId":"-str-logicalmodel"},{"extension":[{"url":"http://hl7.org/fhir/tools/StructureDefinition/resource-sort","valueInteger":999999999},{"url":"http://hl7.org/fhir/StructureDefinition/implementationguide-page","valueUri":"StructureDefinition-allergy-intolerance-profile.html"}],"reference":{"reference":"StructureDefinition/allergy-intolerance-profile"},"name":"NG-Imm AllergyIntolerance","description":"Nigeria Immunization Allergy Intolerance Profile","exampleBoolean":false,"groupingId":"-str-profile"},{"extension":[{"url":"http://hl7.org/fhir/tools/StructureDefinition/resource-sort","valueInteger":999999999},{"url":"http://hl7.org/fhir/StructureDefinition/implementationguide-page","valueUri":"StructureDefinition-NgImmImmunization.html"}],"reference":{"reference":"StructureDefinition/NgImmImmunization"},"name":"NG-Imm Immunization","description":"Nigerian Profile for Immunization resource.","exampleBoolean":false,"groupingId":"-str-profile"},{"extension":[{"url":"http://hl7.org/fhir/tools/StructureDefinition/resource-sort","valueInteger":999999999},{"url":"http://hl7.org/fhir/StructureDefinition/implementationguide-page","valueUri":"StructureDefinition-ngimm-measure.html"}],"reference":{"reference":"StructureDefinition/ngimm-measure"},"name":"NG-Imm Measure","description":"A profile on the Measure resource used to define immunization indicators within Nigeria's routine immunization program.","exampleBoolean":false,"groupingId":"-str-profile"},{"extension":[{"url":"http://hl7.org/fhir/tools/StructureDefinition/resource-sort","valueInteger":999999999},{"url":"http://hl7.org/fhir/StructureDefinition/implementationguide-page","valueUri":"StructureDefinition-measure-report-profile.html"}],"reference":{"reference":"StructureDefinition/measure-report-profile"},"name":"NG-Imm MeasureReport","description":"Nigeria Immunization Measure Report Profile","exampleBoolean":false,"groupingId":"-str-profile"},{"extension":[{"url":"http://hl7.org/fhir/tools/StructureDefinition/resource-sort","valueInteger":999999999},{"url":"http://hl7.org/fhir/StructureDefinition/implementationguide-page","valueUri":"StructureDefinition-ng-imm-organization.html"}],"reference":{"reference":"StructureDefinition/ng-imm-organization"},"name":"NG-Imm Organization","description":"An organization profile representing healthcare facilities responsible for immunization services or other types of organizations.","exampleBoolean":false,"groupingId":"-str-profile"},{"extension":[{"url":"http://hl7.org/fhir/tools/StructureDefinition/resource-sort","valueInteger":999999999},{"url":"http://hl7.org/fhir/StructureDefinition/implementationguide-page","valueUri":"StructureDefinition-NgImmPatient.html"}],"reference":{"reference":"StructureDefinition/NgImmPatient"},"name":"NG-Imm Patient","description":"Nigeria Immunization Patient Profile","exampleBoolean":false,"groupingId":"-str-profile"},{"extension":[{"url":"http://hl7.org/fhir/tools/StructureDefinition/resource-sort","valueInteger":999999999},{"url":"http://hl7.org/fhir/StructureDefinition/implementationguide-page","valueUri":"StructureDefinition-NgImmPractitioner.html"}],"reference":{"reference":"StructureDefinition/NgImmPractitioner"},"name":"NG-Imm Practitioner","description":"Profile for a Nigerian Practitioner","exampleBoolean":false,"groupingId":"-str-profile"},{"extension":[{"url":"http://hl7.org/fhir/tools/StructureDefinition/resource-sort","valueInteger":999999999},{"url":"http://hl7.org/fhir/StructureDefinition/implementationguide-page","valueUri":"StructureDefinition-mother-other-children.html"}],"reference":{"reference":"StructureDefinition/mother-other-children"},"name":"NG-Imm RelatedPerson","description":"Sibling that Represents the mother's other children as RelatedPersons.","exampleBoolean":false,"groupingId":"-str-profile"},{"extension":[{"url":"http://hl7.org/fhir/tools/StructureDefinition/resource-sort","valueInteger":999999999},{"url":"http://hl7.org/fhir/StructureDefinition/implementationguide-page","valueUri":"StructureDefinition-nigeria-administrative-ward.html"}],"reference":{"reference":"StructureDefinition/nigeria-administrative-ward"},"name":"NG-Imm Administrative Wards ","description":"Captures the administrative ward within a geographic address","exampleBoolean":false,"groupingId":"-str-extension"},{"extension":[{"url":"http://hl7.org/fhir/tools/StructureDefinition/resource-sort","valueInteger":999999999},{"url":"http://hl7.org/fhir/StructureDefinition/implementationguide-page","valueUri":"StructureDefinition-allergy-reference-dose-number.html"}],"reference":{"reference":"StructureDefinition/allergy-reference-dose-number"},"name":"NG-Imm Allergy Dose Number","description":"Reference immunization dose number for this AllergyIntolerance.","exampleBoolean":false,"groupingId":"-str-extension"},{"extension":[{"url":"http://hl7.org/fhir/tools/StructureDefinition/resource-sort","valueInteger":999999999},{"url":"http://hl7.org/fhir/StructureDefinition/implementationguide-page","valueUri":"StructureDefinition-age-in-months.html"}],"reference":{"reference":"StructureDefinition/age-in-months"},"name":"NG-Imm Client Age in Months","description":"Age of the Immunization Client recorded in months","exampleBoolean":false,"groupingId":"-str-extension"},{"extension":[{"url":"http://hl7.org/fhir/tools/StructureDefinition/resource-sort","valueInteger":999999999},{"url":"http://hl7.org/fhir/StructureDefinition/implementationguide-page","valueUri":"StructureDefinition-age-in-weeks.html"}],"reference":{"reference":"StructureDefinition/age-in-weeks"},"name":"NG-Imm Client Age in Weeks","description":"Age of the Immunization Client recorded in weeks","exampleBoolean":false,"groupingId":"-str-extension"},{"extension":[{"url":"http://hl7.org/fhir/tools/StructureDefinition/resource-sort","valueInteger":999999999},{"url":"http://hl7.org/fhir/StructureDefinition/implementationguide-page","valueUri":"StructureDefinition-age-in-years.html"}],"reference":{"reference":"StructureDefinition/age-in-years"},"name":"NG-Imm Client Age in Years","description":"Age of the Immunization Client recorded in years","exampleBoolean":false,"groupingId":"-str-extension"},{"extension":[{"url":"http://hl7.org/fhir/tools/StructureDefinition/resource-sort","valueInteger":999999999},{"url":"http://hl7.org/fhir/StructureDefinition/implementationguide-page","valueUri":"StructureDefinition-hiv-status.html"}],"reference":{"reference":"StructureDefinition/hiv-status"},"name":"NG-Imm Client's HIV status","description":"The HIV status (positive, negative, or unknown) of the Immunization Client","exampleBoolean":false,"groupingId":"-str-extension"},{"extension":[{"url":"http://hl7.org/fhir/tools/StructureDefinition/resource-sort","valueInteger":999999999},{"url":"http://hl7.org/fhir/StructureDefinition/implementationguide-page","valueUri":"StructureDefinition-pregnancy-status.html"}],"reference":{"reference":"StructureDefinition/pregnancy-status"},"name":"NG-Imm Client's Pregnancy status","description":"The Pregnancy status (pregnant or not-pregnant) of the Immunization Client","exampleBoolean":false,"groupingId":"-str-extension"},{"extension":[{"url":"http://hl7.org/fhir/tools/StructureDefinition/resource-sort","valueInteger":999999999},{"url":"http://hl7.org/fhir/StructureDefinition/implementationguide-page","valueUri":"StructureDefinition-date-client-created.html"}],"reference":{"reference":"StructureDefinition/date-client-created"},"name":"NG-Imm Date client record was created","description":"Date the client record was first created","exampleBoolean":false,"groupingId":"-str-extension"},{"extension":[{"url":"http://hl7.org/fhir/tools/StructureDefinition/resource-sort","valueInteger":999999999},{"url":"http://hl7.org/fhir/StructureDefinition/implementationguide-page","valueUri":"StructureDefinition-signature.html"}],"reference":{"reference":"StructureDefinition/signature"},"name":"NG-Imm Digital Signature","description":"A digital or electronic signature capturing who signed, when, type, and signature data.","exampleBoolean":false,"groupingId":"-str-extension"},{"extension":[{"url":"http://hl7.org/fhir/tools/StructureDefinition/resource-sort","valueInteger":999999999},{"url":"http://hl7.org/fhir/StructureDefinition/implementationguide-page","valueUri":"StructureDefinition-allergy-reference-dose-series.html"}],"reference":{"reference":"StructureDefinition/allergy-reference-dose-series"},"name":"NG-Imm Dose Series","description":"Dose series number from the referenced Immunization.protocolApplied.doseNumber.","exampleBoolean":false,"groupingId":"-str-extension"},{"extension":[{"url":"http://hl7.org/fhir/tools/StructureDefinition/resource-sort","valueInteger":999999999},{"url":"http://hl7.org/fhir/StructureDefinition/implementationguide-page","valueUri":"StructureDefinition-contraindicated.html"}],"reference":{"reference":"StructureDefinition/contraindicated"},"name":"NG-Imm Immunization Contraindicated","description":"Indicates whether the immunization was contraindicated","exampleBoolean":false,"groupingId":"-str-extension"},{"extension":[{"url":"http://hl7.org/fhir/tools/StructureDefinition/resource-sort","valueInteger":999999999},{"url":"http://hl7.org/fhir/StructureDefinition/implementationguide-page","valueUri":"StructureDefinition-next-dose-date.html"}],"reference":{"reference":"StructureDefinition/next-dose-date"},"name":"NG-Imm Next Dose Date","description":"The recommended due date for the next vaccine dose in the schedule.","exampleBoolean":false,"groupingId":"-str-extension"},{"extension":[{"url":"http://hl7.org/fhir/tools/StructureDefinition/resource-sort","valueInteger":999999999},{"url":"http://hl7.org/fhir/StructureDefinition/implementationguide-page","valueUri":"StructureDefinition-primary-vaccine-status.html"}],"reference":{"reference":"StructureDefinition/primary-vaccine-status"},"name":"NG-Imm Primary VaccineStatus","description":"Indicates whether the immunization patient has completed the full primary vaccine series","exampleBoolean":false,"groupingId":"-str-extension"},{"extension":[{"url":"http://hl7.org/fhir/tools/StructureDefinition/resource-sort","valueInteger":999999999},{"url":"http://hl7.org/fhir/StructureDefinition/implementationguide-page","valueUri":"StructureDefinition-session-type.html"}],"reference":{"reference":"StructureDefinition/session-type"},"name":"NG-Imm Session Type","description":"Type of session for immunization (e.g., fixed-site clinic, outreach session, campaign site).","exampleBoolean":false,"groupingId":"-str-extension"},{"extension":[{"url":"http://hl7.org/fhir/tools/StructureDefinition/resource-sort","valueInteger":999999999},{"url":"http://hl7.org/fhir/StructureDefinition/implementationguide-page","valueUri":"StructureDefinition-sibling-health-status.html"}],"reference":{"reference":"StructureDefinition/sibling-health-status"},"name":"NG-Imm Sibling's health status","description":"The health status of the Client's sibling","exampleBoolean":false,"groupingId":"-str-extension"},{"extension":[{"url":"http://hl7.org/fhir/tools/StructureDefinition/resource-sort","valueInteger":999999999},{"url":"http://hl7.org/fhir/StructureDefinition/implementationguide-page","valueUri":"StructureDefinition-contraindications.html"}],"reference":{"reference":"StructureDefinition/contraindications"},"name":"NG-Imm Vaccine Contraindications","description":"Indicates specific situations in which it is not recommended to administer certain vaccines (e.g severe AEFI, History of Anaphylactic reactions, Symptomatic HIV infection)","exampleBoolean":false,"groupingId":"-str-extension"},{"extension":[{"url":"http://hl7.org/fhir/tools/StructureDefinition/resource-sort","valueInteger":999999999},{"url":"http://hl7.org/fhir/StructureDefinition/implementationguide-page","valueUri":"StructureDefinition-birth-weight.html"}],"reference":{"reference":"StructureDefinition/birth-weight"},"name":"NG-Imm Weight at birth","description":"Weight  of the Immunization Client at birth","exampleBoolean":false,"groupingId":"-str-extension"},{"extension":[{"url":"http://hl7.org/fhir/tools/StructureDefinition/resource-sort","valueInteger":999999999},{"url":"http://hl7.org/fhir/StructureDefinition/implementationguide-page","valueUri":"ValueSet-nigeria-verifiction-status.html"}],"reference":{"reference":"ValueSet/nigeria-verifiction-status"},"name":"NG-Imm AEFI Verification Status VS","description":"AEFI Verification Status","exampleBoolean":false,"groupingId":"-term-valueset"},{"extension":[{"url":"http://hl7.org/fhir/tools/StructureDefinition/resource-sort","valueInteger":999999999},{"url":"http://hl7.org/fhir/StructureDefinition/implementationguide-page","valueUri":"ValueSet-nigeria-allergy-severity.html"}],"reference":{"reference":"ValueSet/nigeria-allergy-severity"},"name":"NG-Imm Allergy Severity VS","description":"Vaccine reaction Severity","exampleBoolean":false,"groupingId":"-term-valueset"},{"extension":[{"url":"http://hl7.org/fhir/tools/StructureDefinition/resource-sort","valueInteger":999999999},{"url":"http://hl7.org/fhir/StructureDefinition/implementationguide-page","valueUri":"ValueSet-nigeria-hiv-status.html"}],"reference":{"reference":"ValueSet/nigeria-hiv-status"},"name":"NG-Imm Client HIV Status VS","description":"Client HIV Status","exampleBoolean":false,"groupingId":"-term-valueset"},{"extension":[{"url":"http://hl7.org/fhir/tools/StructureDefinition/resource-sort","valueInteger":999999999},{"url":"http://hl7.org/fhir/StructureDefinition/implementationguide-page","valueUri":"ValueSet-nigeria-pregnancy-status.html"}],"reference":{"reference":"ValueSet/nigeria-pregnancy-status"},"name":"NG-Imm Client Preganancy Status VS","description":"Client Pregnancy Status","exampleBoolean":false,"groupingId":"-term-valueset"},{"extension":[{"url":"http://hl7.org/fhir/tools/StructureDefinition/resource-sort","valueInteger":999999999},{"url":"http://hl7.org/fhir/StructureDefinition/implementationguide-page","valueUri":"ValueSet-nigeria-clinical-status.html"}],"reference":{"reference":"ValueSet/nigeria-clinical-status"},"name":"NG-Imm Clinical Status VS","description":"The outcome of the reaction","exampleBoolean":false,"groupingId":"-term-valueset"},{"extension":[{"url":"http://hl7.org/fhir/tools/StructureDefinition/resource-sort","valueInteger":999999999},{"url":"http://hl7.org/fhir/StructureDefinition/implementationguide-page","valueUri":"ValueSet-nigeria-gender.html"}],"reference":{"reference":"ValueSet/nigeria-gender"},"name":"NG-Imm Gender or Sex VS","description":"Subset of HL7 administrative-gender limited to 'male' and 'female'.","exampleBoolean":false,"groupingId":"-term-valueset"},{"extension":[{"url":"http://hl7.org/fhir/tools/StructureDefinition/resource-sort","valueInteger":999999999},{"url":"http://hl7.org/fhir/StructureDefinition/implementationguide-page","valueUri":"ValueSet-nigeria-facility-types.html"}],"reference":{"reference":"ValueSet/nigeria-facility-types"},"name":"NG-Imm HealthFacility Type VS","description":"Classification of Nigerian health facilities","exampleBoolean":false,"groupingId":"-term-valueset"},{"extension":[{"url":"http://hl7.org/fhir/tools/StructureDefinition/resource-sort","valueInteger":999999999},{"url":"http://hl7.org/fhir/StructureDefinition/implementationguide-page","valueUri":"ValueSet-nigeria-lgas.html"}],"reference":{"reference":"ValueSet/nigeria-lgas"},"name":"NG-Imm LGAs VS","description":"The administrative Local Government Areas where a person or a facility is.","exampleBoolean":false,"groupingId":"-term-valueset"},{"extension":[{"url":"http://hl7.org/fhir/tools/StructureDefinition/resource-sort","valueInteger":999999999},{"url":"http://hl7.org/fhir/StructureDefinition/implementationguide-page","valueUri":"ValueSet-nigeria-primary-vaccine-status.html"}],"reference":{"reference":"ValueSet/nigeria-primary-vaccine-status"},"name":"NG-Imm Primary vaccine Status VS","description":"Primary Vaccine Status","exampleBoolean":false,"groupingId":"-term-valueset"},{"extension":[{"url":"http://hl7.org/fhir/tools/StructureDefinition/resource-sort","valueInteger":999999999},{"url":"http://hl7.org/fhir/StructureDefinition/implementationguide-page","valueUri":"ValueSet-nigeria-Immunization-status-reason.html"}],"reference":{"reference":"ValueSet/nigeria-Immunization-status-reason"},"name":"NG-Imm Reason for missed Vaccination VS","description":"Reason for a Client missing the last or other vaccinations","exampleBoolean":false,"groupingId":"-term-valueset"},{"extension":[{"url":"http://hl7.org/fhir/tools/StructureDefinition/resource-sort","valueInteger":999999999},{"url":"http://hl7.org/fhir/StructureDefinition/implementationguide-page","valueUri":"ValueSet-nigeria-relationship.html"}],"reference":{"reference":"ValueSet/nigeria-relationship"},"name":"NG-Imm Relationships VS","description":"This CodeSystem defines list of persons related to a patient, but who is not a direct target of care.","exampleBoolean":false,"groupingId":"-term-valueset"},{"extension":[{"url":"http://hl7.org/fhir/tools/StructureDefinition/resource-sort","valueInteger":999999999},{"url":"http://hl7.org/fhir/StructureDefinition/implementationguide-page","valueUri":"ValueSet-nigeria-session-type.html"}],"reference":{"reference":"ValueSet/nigeria-session-type"},"name":"NG-Imm Session Type VS","description":"Type of session for immunization. Could be in a fixed facility, outreach or mobile.","exampleBoolean":false,"groupingId":"-term-valueset"},{"extension":[{"url":"http://hl7.org/fhir/tools/StructureDefinition/resource-sort","valueInteger":999999999},{"url":"http://hl7.org/fhir/StructureDefinition/implementationguide-page","valueUri":"ValueSet-nigeria-sibling-health-status.html"}],"reference":{"reference":"ValueSet/nigeria-sibling-health-status"},"name":"NG-Imm Sibling Health Status VS","description":"This CodeSystem defines the health of the client's sibling","exampleBoolean":false,"groupingId":"-term-valueset"},{"extension":[{"url":"http://hl7.org/fhir/tools/StructureDefinition/resource-sort","valueInteger":999999999},{"url":"http://hl7.org/fhir/StructureDefinition/implementationguide-page","valueUri":"ValueSet-nigeria-states.html"}],"reference":{"reference":"ValueSet/nigeria-states"},"name":"NG-Imm States VS","description":"The state where a person or a facility is.","exampleBoolean":false,"groupingId":"-term-valueset"},{"extension":[{"url":"http://hl7.org/fhir/tools/StructureDefinition/resource-sort","valueInteger":999999999},{"url":"http://hl7.org/fhir/StructureDefinition/implementationguide-page","valueUri":"ValueSet-nigeria-vaccine-contraindication.html"}],"reference":{"reference":"ValueSet/nigeria-vaccine-contraindication"},"name":"NG-Imm Vaccine Contraindication VS","description":"A set of standardized codes used to represent clinical conditions, diagnoses, or circumstances that serve as contraindications to the administration of one or more vaccines.","exampleBoolean":false,"groupingId":"-term-valueset"},{"extension":[{"url":"http://hl7.org/fhir/tools/StructureDefinition/resource-sort","valueInteger":999999999},{"url":"http://hl7.org/fhir/StructureDefinition/implementationguide-page","valueUri":"ValueSet-nigeria-vaccine-route.html"}],"reference":{"reference":"ValueSet/nigeria-vaccine-route"},"name":"NG-Imm Vaccine Route VS","description":"Vaccine Route","exampleBoolean":false,"groupingId":"-term-valueset"},{"extension":[{"url":"http://hl7.org/fhir/tools/StructureDefinition/resource-sort","valueInteger":999999999},{"url":"http://hl7.org/fhir/StructureDefinition/implementationguide-page","valueUri":"ValueSet-nigeria-vaccine-site.html"}],"reference":{"reference":"ValueSet/nigeria-vaccine-site"},"name":"NG-Imm Vaccine Site VS","description":"Vaccine Site","exampleBoolean":false,"groupingId":"-term-valueset"},{"extension":[{"url":"http://hl7.org/fhir/tools/StructureDefinition/resource-sort","valueInteger":999999999},{"url":"http://hl7.org/fhir/StructureDefinition/implementationguide-page","valueUri":"ValueSet-nigeria-vaccine-library.html"}],"reference":{"reference":"ValueSet/nigeria-vaccine-library"},"name":"NG-Imm VaccineLibrary VS","description":"A curated list of vaccines recognized under Nigeria's national immunization program","exampleBoolean":false,"groupingId":"-term-valueset"},{"extension":[{"url":"http://hl7.org/fhir/tools/StructureDefinition/resource-sort","valueInteger":999999999},{"url":"http://hl7.org/fhir/StructureDefinition/implementationguide-page","valueUri":"ValueSet-nigeria-wards.html"}],"reference":{"reference":"ValueSet/nigeria-wards"},"name":"NG-Imm Wards VS","description":"The administrative Ward (within an LGA) where a person or a facility is.","exampleBoolean":false,"groupingId":"-term-valueset"},{"extension":[{"url":"http://hl7.org/fhir/tools/StructureDefinition/resource-sort","valueInteger":999999999},{"url":"http://hl7.org/fhir/StructureDefinition/implementationguide-page","valueUri":"CodeSystem-nigeria-wards.html"}],"reference":{"reference":"CodeSystem/nigeria-wards"},"name":"NG-Imm Administrative Wards CS","description":"This CodeSystem defines ward codes and names mapped to their respective Local Government Areas (LGAs) in Nigeria.","exampleBoolean":false,"groupingId":"-term-codesystem"},{"extension":[{"url":"http://hl7.org/fhir/tools/StructureDefinition/resource-sort","valueInteger":999999999},{"url":"http://hl7.org/fhir/StructureDefinition/implementationguide-page","valueUri":"CodeSystem-nigeria-clinical-status.html"}],"reference":{"reference":"CodeSystem/nigeria-clinical-status"},"name":"NG-Imm Adverse Event Clinical Status CS","description":"A classification system that represents the current clinical status of an individual who experienced an Adverse Event Following Immunization (AEFI), based on medical observation, investigation, or follow-up assessment.","exampleBoolean":false,"groupingId":"-term-codesystem"},{"extension":[{"url":"http://hl7.org/fhir/tools/StructureDefinition/resource-sort","valueInteger":999999999},{"url":"http://hl7.org/fhir/StructureDefinition/implementationguide-page","valueUri":"CodeSystem-nigeria-allergy-severity.html"}],"reference":{"reference":"CodeSystem/nigeria-allergy-severity"},"name":"NG-Imm Allergy Severity CS","description":"This CodeSystem captures the assessed severity of an allergic reaction following immunization.","exampleBoolean":false,"groupingId":"-term-codesystem"},{"extension":[{"url":"http://hl7.org/fhir/tools/StructureDefinition/resource-sort","valueInteger":999999999},{"url":"http://hl7.org/fhir/StructureDefinition/implementationguide-page","valueUri":"CodeSystem-nigeria-hiv-status.html"}],"reference":{"reference":"CodeSystem/nigeria-hiv-status"},"name":"NG-Imm Client HIV status CS","description":"This CodeSystem defines list of options for HIV status of a Client","exampleBoolean":false,"groupingId":"-term-codesystem"},{"extension":[{"url":"http://hl7.org/fhir/tools/StructureDefinition/resource-sort","valueInteger":999999999},{"url":"http://hl7.org/fhir/StructureDefinition/implementationguide-page","valueUri":"CodeSystem-nigeria-pregnancy-status.html"}],"reference":{"reference":"CodeSystem/nigeria-pregnancy-status"},"name":"NG-Imm Client Pregnancy status CS","description":"This CodeSystem defines list of options for Pregnancy status of a Client","exampleBoolean":false,"groupingId":"-term-codesystem"},{"extension":[{"url":"http://hl7.org/fhir/tools/StructureDefinition/resource-sort","valueInteger":999999999},{"url":"http://hl7.org/fhir/StructureDefinition/implementationguide-page","valueUri":"CodeSystem-nigeria-facility-type.html"}],"reference":{"reference":"CodeSystem/nigeria-facility-type"},"name":"NG-Imm Facility Type CS","description":"A standardized classification system used to describe the type or level of health facility within a healthcare delivery system, based on the scope of services provided, staffing, infrastructure, and administrative role.","exampleBoolean":false,"groupingId":"-term-codesystem"},{"extension":[{"url":"http://hl7.org/fhir/tools/StructureDefinition/resource-sort","valueInteger":999999999},{"url":"http://hl7.org/fhir/StructureDefinition/implementationguide-page","valueUri":"CodeSystem-nigeria-immunization-session-type.html"}],"reference":{"reference":"CodeSystem/nigeria-immunization-session-type"},"name":"NG-Imm Immunization Session types CS","description":"Type of session for immunization. Could be in a fixed facility, outreach or mobile.","exampleBoolean":false,"groupingId":"-term-codesystem"},{"extension":[{"url":"http://hl7.org/fhir/tools/StructureDefinition/resource-sort","valueInteger":999999999},{"url":"http://hl7.org/fhir/StructureDefinition/implementationguide-page","valueUri":"CodeSystem-nigeria-lgas.html"}],"reference":{"reference":"CodeSystem/nigeria-lgas"},"name":"NG-Imm LGAs in Nigeria CS","description":"This CodeSystem defines LGA codes and names mapped to their respective States in Nigeria.","exampleBoolean":false,"groupingId":"-term-codesystem"},{"extension":[{"url":"http://hl7.org/fhir/tools/StructureDefinition/resource-sort","valueInteger":999999999},{"url":"http://hl7.org/fhir/StructureDefinition/implementationguide-page","valueUri":"CodeSystem-nigeria-relationship.html"}],"reference":{"reference":"CodeSystem/nigeria-relationship"},"name":"NG-Imm Relationships CS","description":"This CodeSystem defines list of persons related to a patient, but who is not a direct target of care","exampleBoolean":false,"groupingId":"-term-codesystem"},{"extension":[{"url":"http://hl7.org/fhir/tools/StructureDefinition/resource-sort","valueInteger":999999999},{"url":"http://hl7.org/fhir/StructureDefinition/implementationguide-page","valueUri":"CodeSystem-nigeria-sibling-health-status.html"}],"reference":{"reference":"CodeSystem/nigeria-sibling-health-status"},"name":"NG-Imm Sibling Health Status CS","description":"This CodeSystem defines the health of the client's sibling","exampleBoolean":false,"groupingId":"-term-codesystem"},{"extension":[{"url":"http://hl7.org/fhir/tools/StructureDefinition/resource-sort","valueInteger":999999999},{"url":"http://hl7.org/fhir/StructureDefinition/implementationguide-page","valueUri":"CodeSystem-nigeria-states.html"}],"reference":{"reference":"CodeSystem/nigeria-states"},"name":"NG-Imm States in Nigeria CS","description":"This CodeSystem defines ward codes and names mapped to their respective States in Nigeria.","exampleBoolean":false,"groupingId":"-term-codesystem"},{"extension":[{"url":"http://hl7.org/fhir/tools/StructureDefinition/resource-sort","valueInteger":999999999},{"url":"http://hl7.org/fhir/StructureDefinition/implementationguide-page","valueUri":"CodeSystem-NGStockReportCS.html"}],"reference":{"reference":"CodeSystem/NGStockReportCS"},"name":"NG-Imm Stock Management Data Elements CS","description":"CodeSystem for Stock Management Data Elements","exampleBoolean":false,"groupingId":"-term-codesystem"},{"extension":[{"url":"http://hl7.org/fhir/tools/StructureDefinition/resource-sort","valueInteger":999999999},{"url":"http://hl7.org/fhir/StructureDefinition/implementationguide-page","valueUri":"CodeSystem-nigeria-vaccine-library.html"}],"reference":{"reference":"CodeSystem/nigeria-vaccine-library"},"name":"NG-Imm Vaccine Library with SNOMED CT codes","description":"CodeSystem for IMMZ.Z Vaccine Library Data Elements supported by this IG using SNOMED CT codes","exampleBoolean":false,"groupingId":"-term-codesystem"},{"extension":[{"url":"http://hl7.org/fhir/tools/StructureDefinition/resource-sort","valueInteger":999999999},{"url":"http://hl7.org/fhir/StructureDefinition/implementationguide-page","valueUri":"CodeSystem-nigeria-immunization-site.html"}],"reference":{"reference":"CodeSystem/nigeria-immunization-site"},"name":"NG-Imm Vaccine Site CS","description":"This CodeSystem captures the specific anatomical location on the patient's body where a vaccine was administered.","exampleBoolean":false,"groupingId":"-term-codesystem"},{"extension":[{"url":"http://hl7.org/fhir/tools/StructureDefinition/resource-sort","valueInteger":999999999},{"url":"http://hl7.org/fhir/StructureDefinition/implementationguide-page","valueUri":"CodeSystem-nigeria-immunization-contraindication.html"}],"reference":{"reference":"CodeSystem/nigeria-immunization-contraindication"},"name":"NG-Imm Vaccine contraindications CS","description":"A set of standardized codes used to represent clinical conditions, diagnoses, or circumstances that serve as contraindications to the administration of one or more vaccines.","exampleBoolean":false,"groupingId":"-term-codesystem"},{"extension":[{"url":"http://hl7.org/fhir/tools/StructureDefinition/resource-sort","valueInteger":999999999},{"url":"http://hl7.org/fhir/tools/StructureDefinition/implementationguide-resource-format","valueCode":"application/fhir+json"},{"url":"http://hl7.org/fhir/StructureDefinition/implementationguide-page","valueUri":"Binary-AEFI-Case-Report-202503.html"}],"reference":{"reference":"Binary/AEFI-Case-Report-202503"},"name":"NG-Imm Example AEFI case report","description":"An example case of Adverse Event Following Immunization Report","exampleCanonical":"https://nphcda.gov.ng/immunizationIG/StructureDefinition/IMMZGGenerateReport","groupingId":"-ex-example"},{"extension":[{"url":"http://hl7.org/fhir/tools/StructureDefinition/resource-sort","valueInteger":999999999},{"url":"http://hl7.org/fhir/StructureDefinition/implementationguide-page","valueUri":"Patient-FullExampleNgImmPatient.html"}],"reference":{"reference":"Patient/FullExampleNgImmPatient"},"name":"NG-Imm Example Full Immunization Patient","description":"A Nigeria Immunization Patient instance with all required and optional fields populated","exampleCanonical":"https://nphcda.gov.ng/immunizationIG/StructureDefinition/NgImmPatient","groupingId":"-ex-example"},{"extension":[{"url":"http://hl7.org/fhir/tools/StructureDefinition/resource-sort","valueInteger":999999999},{"url":"http://hl7.org/fhir/StructureDefinition/implementationguide-page","valueUri":"Immunization-ExampleNgImmImmunizationCompleted.html"}],"reference":{"reference":"Immunization/ExampleNgImmImmunizationCompleted"},"name":"NG-Imm Example Immunization-Completed BCG Vaccination","description":"An example of a completed BCG immunization event","exampleCanonical":"https://nphcda.gov.ng/immunizationIG/StructureDefinition/NgImmImmunization","groupingId":"-ex-example"},{"extension":[{"url":"http://hl7.org/fhir/tools/StructureDefinition/resource-sort","valueInteger":999999999},{"url":"http://hl7.org/fhir/StructureDefinition/implementationguide-page","valueUri":"MeasureReport-ExampleNgImmMeasureReport.html"}],"reference":{"reference":"MeasureReport/ExampleNgImmMeasureReport"},"name":"NG-Imm Example MeasureReport Monthly Immunization Coverage Summary - BCG","description":"An example of a summary MeasureReport generated for BCG coverage at a facility","exampleCanonical":"https://nphcda.gov.ng/immunizationIG/StructureDefinition/measure-report-profile","groupingId":"-ex-example"},{"extension":[{"url":"http://hl7.org/fhir/tools/StructureDefinition/resource-sort","valueInteger":999999999},{"url":"http://hl7.org/fhir/StructureDefinition/implementationguide-page","valueUri":"Organization-organization-example.html"}],"reference":{"reference":"Organization/organization-example"},"name":"NG-Imm Example Organization","description":"A fictional example of a typical organization.","exampleCanonical":"https://nphcda.gov.ng/immunizationIG/StructureDefinition/ng-imm-organization","groupingId":"-ex-example"},{"extension":[{"url":"http://hl7.org/fhir/tools/StructureDefinition/resource-sort","valueInteger":999999999},{"url":"http://hl7.org/fhir/StructureDefinition/implementationguide-page","valueUri":"Patient-ExampleNgImmPatient.html"}],"reference":{"reference":"Patient/ExampleNgImmPatient"},"name":"NG-Imm Example Patient","description":"A sample patient conforming to the Nigeria Immunization Patient profile","exampleCanonical":"https://nphcda.gov.ng/immunizationIG/StructureDefinition/NgImmPatient","groupingId":"-ex-example"},{"extension":[{"url":"http://hl7.org/fhir/tools/StructureDefinition/resource-sort","valueInteger":999999999},{"url":"http://hl7.org/fhir/StructureDefinition/implementationguide-page","valueUri":"Patient-ExampleNgPatientAdminWard.html"}],"reference":{"reference":"Patient/ExampleNgPatientAdminWard"},"name":"NG-Imm Example Patient with Ward data","description":"A fictional example of a patient with information on administrative ward","exampleCanonical":"https://nphcda.gov.ng/immunizationIG/StructureDefinition/NgImmPatient","groupingId":"-ex-example"},{"extension":[{"url":"http://hl7.org/fhir/tools/StructureDefinition/resource-sort","valueInteger":999999999},{"url":"http://hl7.org/fhir/StructureDefinition/implementationguide-page","valueUri":"Practitioner-ng-practitioner-example.html"}],"reference":{"reference":"Practitioner/ng-practitioner-example"},"name":"NG-Imm Example Practitioner","description":"An example of a Nigerian Routine Immunization Officer","exampleCanonical":"https://nphcda.gov.ng/immunizationIG/StructureDefinition/NgImmPractitioner","groupingId":"-ex-example"},{"extension":[{"url":"http://hl7.org/fhir/tools/StructureDefinition/resource-sort","valueInteger":999999999},{"url":"http://hl7.org/fhir/StructureDefinition/implementationguide-page","valueUri":"RelatedPerson-Sister2.html"}],"reference":{"reference":"RelatedPerson/Sister2"},"name":"NG-Imm Example Sibling","description":"An example of a mother's other child as a RelatedPerson resource.","exampleCanonical":"https://nphcda.gov.ng/immunizationIG/StructureDefinition/mother-other-children","groupingId":"-ex-example"},{"extension":[{"url":"http://hl7.org/fhir/tools/StructureDefinition/resource-sort","valueInteger":999999999},{"url":"http://hl7.org/fhir/StructureDefinition/implementationguide-page","valueUri":"RelatedPerson-Child1.html"}],"reference":{"reference":"RelatedPerson/Child1"},"name":"NG-Imm Example Sibling - Mother's Other Child","description":"An example of a mother's other child as a RelatedPerson resource.","exampleCanonical":"https://nphcda.gov.ng/immunizationIG/StructureDefinition/mother-other-children","groupingId":"-ex-example"},{"extension":[{"url":"http://hl7.org/fhir/tools/StructureDefinition/resource-sort","valueInteger":999999999},{"url":"http://hl7.org/fhir/tools/StructureDefinition/implementationguide-resource-format","valueCode":"application/fhir+json"},{"url":"http://hl7.org/fhir/StructureDefinition/implementationguide-page","valueUri":"Binary-Vaccine-Stock-Report-202503.html"}],"reference":{"reference":"Binary/Vaccine-Stock-Report-202503"},"name":"NG-Imm Example Stock report","description":"An example Stock management report","exampleCanonical":"https://nphcda.gov.ng/immunizationIG/StructureDefinition/IMMZGGenerateReport","groupingId":"-ex-example"},{"extension":[{"url":"http://hl7.org/fhir/tools/StructureDefinition/resource-sort","valueInteger":999999999},{"url":"http://hl7.org/fhir/StructureDefinition/implementationguide-page","valueUri":"AllergyIntolerance-FullExampleNgAllergyIntolerance.html"}],"reference":{"reference":"AllergyIntolerance/FullExampleNgAllergyIntolerance"},"name":"NG-Imm ExampleAllergyIntolerance","description":"A fictional example of a an allergy resulting from Immunization.","exampleCanonical":"https://nphcda.gov.ng/immunizationIG/StructureDefinition/allergy-intolerance-profile","groupingId":"-ex-example"},{"extension":[{"url":"http://hl7.org/fhir/tools/StructureDefinition/resource-sort","valueInteger":999999999},{"url":"http://hl7.org/fhir/tools/StructureDefinition/implementationguide-resource-format","valueCode":"application/fhir+json"},{"url":"http://hl7.org/fhir/StructureDefinition/implementationguide-page","valueUri":"Binary-RoutineImmunizationReport.html"}],"reference":{"reference":"Binary/RoutineImmunizationReport"},"name":"NG-Imm Routine Immunization Report - Facility A","description":"A routine monthly immunization report summarizing vaccine stock and usage for Facility A.","exampleCanonical":"https://nphcda.gov.ng/immunizationIG/StructureDefinition/IMMZGGenerateReport","groupingId":"-ex-example"},{"extension":[{"url":"http://hl7.org/fhir/tools/StructureDefinition/resource-sort","valueInteger":999999999},{"url":"http://hl7.org/fhir/StructureDefinition/implementationguide-page","valueUri":"Immunization-ExampleNgImmImmunizationNotDone.html"}],"reference":{"reference":"Immunization/ExampleNgImmImmunizationNotDone"},"name":"NG-Imm Scheduled Pentavalent Immunization Not Done Due to Fever","description":"An example where immunization was not done due to contraindication (fever)","exampleCanonical":"https://nphcda.gov.ng/immunizationIG/StructureDefinition/NgImmImmunization","groupingId":"-ex-example"}],"page":{"extension":[{"url":"http://hl7.org/fhir/tools/StructureDefinition/ig-page-name","valueUrl":"toc.html"}],"nameUrl":"toc.html","title":"Table of Contents","generation":"html","page":[{"extension":[{"url":"http://hl7.org/fhir/tools/StructureDefinition/ig-page-name","valueUrl":"index.html"}],"nameUrl":"index.html","title":"Home","generation":"markdown"},{"extension":[{"url":"http://hl7.org/fhir/tools/StructureDefinition/ig-page-name","valueUrl":"business-requirements.html"}],"nameUrl":"business-requirements.html","title":"Business Requirements (DAKs)-(L2)","generation":"markdown"},{"extension":[{"url":"http://hl7.org/fhir/tools/StructureDefinition/ig-page-name","valueUrl":"generic-personas.html"}],"nameUrl":"generic-personas.html","title":"Generic Personas","generation":"markdown"},{"extension":[{"url":"http://hl7.org/fhir/tools/StructureDefinition/ig-page-name","valueUrl":"user-scenarios.html"}],"nameUrl":"user-scenarios.html","title":"User Scenarios","generation":"markdown"},{"extension":[{"url":"http://hl7.org/fhir/tools/StructureDefinition/ig-page-name","valueUrl":"business-processes.html"}],"nameUrl":"business-processes.html","title":"Business Processes","generation":"markdown"},{"extension":[{"url":"http://hl7.org/fhir/tools/StructureDefinition/ig-page-name","valueUrl":"decision-support-logic.html"}],"nameUrl":"decision-support-logic.html","title":"Decision Support Logic [TO BE TESTED and REFINED]","generation":"markdown"},{"extension":[{"url":"http://hl7.org/fhir/tools/StructureDefinition/ig-page-name","valueUrl":"functional-requirements.html"}],"nameUrl":"functional-requirements.html","title":"Functional Requirements","generation":"markdown"},{"extension":[{"url":"http://hl7.org/fhir/tools/StructureDefinition/ig-page-name","valueUrl":"non-functional-requirements.html"}],"nameUrl":"non-functional-requirements.html","title":"Non-Functional Requirements","generation":"markdown"},{"extension":[{"url":"http://hl7.org/fhir/tools/StructureDefinition/ig-page-name","valueUrl":"search-operation.html"}],"nameUrl":"search-operation.html","title":"Search and Operation","generation":"markdown"},{"extension":[{"url":"http://hl7.org/fhir/tools/StructureDefinition/ig-page-name","valueUrl":"artifacts.html"}],"nameUrl":"artifacts.html","title":"Artifacts Summary","generation":"html","page":[{"extension":[{"url":"http://hl7.org/fhir/tools/StructureDefinition/ig-page-name","valueUrl":"CapabilityStatement-NgImmCapabilityStatementClient.html"}],"nameUrl":"CapabilityStatement-NgImmCapabilityStatementClient.html","title":"NG-Imm Client CapabilityStatement","generation":"generated"},{"extension":[{"url":"http://hl7.org/fhir/tools/StructureDefinition/ig-page-name","valueUrl":"CapabilityStatement-NgImmCapabilityStatementServer.html"}],"nameUrl":"CapabilityStatement-NgImmCapabilityStatementServer.html","title":"NG-Imm Server CapabilityStatement","generation":"generated"},{"extension":[{"url":"http://hl7.org/fhir/tools/StructureDefinition/ig-page-name","valueUrl":"SearchParameter-SearchParameter-ngimm-lga.html"}],"nameUrl":"SearchParameter-SearchParameter-ngimm-lga.html","title":"NG-Imm Search by Patient lga of residence","generation":"generated"},{"extension":[{"url":"http://hl7.org/fhir/tools/StructureDefinition/ig-page-name","valueUrl":"SearchParameter-SearchParameter-ngimm-immdate.html"}],"nameUrl":"SearchParameter-SearchParameter-ngimm-immdate.html","title":"NG-Imm Search Immunization by date of vaccination","generation":"generated"},{"extension":[{"url":"http://hl7.org/fhir/tools/StructureDefinition/ig-page-name","valueUrl":"SearchParameter-SearchParameter-ngimm-immpatient.html"}],"nameUrl":"SearchParameter-SearchParameter-ngimm-immpatient.html","title":"NG-Imm Search Immunization by patient","generation":"generated"},{"extension":[{"url":"http://hl7.org/fhir/tools/StructureDefinition/ig-page-name","valueUrl":"SearchParameter-SearchParameter-ngimm-immstatus.html"}],"nameUrl":"SearchParameter-SearchParameter-ngimm-immstatus.html","title":"NG-Imm Search Immunization by status of immunization","generation":"generated"},{"extension":[{"url":"http://hl7.org/fhir/tools/StructureDefinition/ig-page-name","valueUrl":"SearchParameter-SearchParameter-ngimm-immvaccinecode.html"}],"nameUrl":"SearchParameter-SearchParameter-ngimm-immvaccinecode.html","title":"NG-Imm Search Immunization by vaccine code","generation":"generated"},{"extension":[{"url":"http://hl7.org/fhir/tools/StructureDefinition/ig-page-name","valueUrl":"SearchParameter-SearchParameter-ngimm-birthdate.html"}],"nameUrl":"SearchParameter-SearchParameter-ngimm-birthdate.html","title":"NG-Imm Search Patient by birth date","generation":"generated"},{"extension":[{"url":"http://hl7.org/fhir/tools/StructureDefinition/ig-page-name","valueUrl":"SearchParameter-SearchParameter-ngimm-createddate.html"}],"nameUrl":"SearchParameter-SearchParameter-ngimm-createddate.html","title":"NG-Imm Search Patient by date of creation","generation":"generated"},{"extension":[{"url":"http://hl7.org/fhir/tools/StructureDefinition/ig-page-name","valueUrl":"SearchParameter-SearchParameter-ngimm-firstname.html"}],"nameUrl":"SearchParameter-SearchParameter-ngimm-firstname.html","title":"NG-Imm Search Patient by firstname","generation":"generated"},{"extension":[{"url":"http://hl7.org/fhir/tools/StructureDefinition/ig-page-name","valueUrl":"SearchParameter-SearchParameter-ngimm-gender.html"}],"nameUrl":"SearchParameter-SearchParameter-ngimm-gender.html","title":"NG-Imm Search Patient by gender","generation":"generated"},{"extension":[{"url":"http://hl7.org/fhir/tools/StructureDefinition/ig-page-name","valueUrl":"SearchParameter-SearchParameter-ngimm-identifier.html"}],"nameUrl":"SearchParameter-SearchParameter-ngimm-identifier.html","title":"NG-Imm Search Patient by Identifier","generation":"generated"},{"extension":[{"url":"http://hl7.org/fhir/tools/StructureDefinition/ig-page-name","valueUrl":"SearchParameter-SearchParameter-ngimm-lastname.html"}],"nameUrl":"SearchParameter-SearchParameter-ngimm-lastname.html","title":"NG-Imm Search Patient by lastname","generation":"generated"},{"extension":[{"url":"http://hl7.org/fhir/tools/StructureDefinition/ig-page-name","valueUrl":"SearchParameter-SearchParameter-ngimm-state.html"}],"nameUrl":"SearchParameter-SearchParameter-ngimm-state.html","title":"NG-Imm Search Patient by state","generation":"generated"},{"extension":[{"url":"http://hl7.org/fhir/tools/StructureDefinition/ig-page-name","valueUrl":"StructureDefinition-register-facility-model.html"}],"nameUrl":"StructureDefinition-register-facility-model.html","title":"NG-Imm-A RegisterFacility[information only]","generation":"generated"},{"extension":[{"url":"http://hl7.org/fhir/tools/StructureDefinition/ig-page-name","valueUrl":"StructureDefinition-register-client-model.html"}],"nameUrl":"StructureDefinition-register-client-model.html","title":"NG-Imm-C5 RegisterClient[information only]","generation":"generated"},{"extension":[{"url":"http://hl7.org/fhir/tools/StructureDefinition/ig-page-name","valueUrl":"StructureDefinition-UpdateClientHistory.html"}],"nameUrl":"StructureDefinition-UpdateClientHistory.html","title":"NG-Imm-C6 UpdateClientHistory[information only]","generation":"generated"},{"extension":[{"url":"http://hl7.org/fhir/tools/StructureDefinition/ig-page-name","valueUrl":"StructureDefinition-AdministerVaccine.html"}],"nameUrl":"StructureDefinition-AdministerVaccine.html","title":"NG-Imm-D AdministerVaccine[information only]","generation":"generated"},{"extension":[{"url":"http://hl7.org/fhir/tools/StructureDefinition/ig-page-name","valueUrl":"StructureDefinition-manage-aefi.html"}],"nameUrl":"StructureDefinition-manage-aefi.html","title":"NG-Imm-E Manage & ReportAEFI[information only]","generation":"generated"},{"extension":[{"url":"http://hl7.org/fhir/tools/StructureDefinition/ig-page-name","valueUrl":"StructureDefinition-DefaulterTracking.html"}],"nameUrl":"StructureDefinition-DefaulterTracking.html","title":"NG-Imm-G DefaulterTracking[information only]","generation":"generated"},{"extension":[{"url":"http://hl7.org/fhir/tools/StructureDefinition/ig-page-name","valueUrl":"StructureDefinition-IMMZGGenerateReport.html"}],"nameUrl":"StructureDefinition-IMMZGGenerateReport.html","title":"NG-Imm-H GenerateReport[information only]","generation":"generated"},{"extension":[{"url":"http://hl7.org/fhir/tools/StructureDefinition/ig-page-name","valueUrl":"StructureDefinition-allergy-intolerance-profile.html"}],"nameUrl":"StructureDefinition-allergy-intolerance-profile.html","title":"NG-Imm AllergyIntolerance","generation":"generated"},{"extension":[{"url":"http://hl7.org/fhir/tools/StructureDefinition/ig-page-name","valueUrl":"StructureDefinition-NgImmImmunization.html"}],"nameUrl":"StructureDefinition-NgImmImmunization.html","title":"NG-Imm Immunization","generation":"generated"},{"extension":[{"url":"http://hl7.org/fhir/tools/StructureDefinition/ig-page-name","valueUrl":"StructureDefinition-ngimm-measure.html"}],"nameUrl":"StructureDefinition-ngimm-measure.html","title":"NG-Imm Measure","generation":"generated"},{"extension":[{"url":"http://hl7.org/fhir/tools/StructureDefinition/ig-page-name","valueUrl":"StructureDefinition-measure-report-profile.html"}],"nameUrl":"StructureDefinition-measure-report-profile.html","title":"NG-Imm MeasureReport","generation":"generated"},{"extension":[{"url":"http://hl7.org/fhir/tools/StructureDefinition/ig-page-name","valueUrl":"StructureDefinition-ng-imm-organization.html"}],"nameUrl":"StructureDefinition-ng-imm-organization.html","title":"NG-Imm Organization","generation":"generated"},{"extension":[{"url":"http://hl7.org/fhir/tools/StructureDefinition/ig-page-name","valueUrl":"StructureDefinition-NgImmPatient.html"}],"nameUrl":"StructureDefinition-NgImmPatient.html","title":"NG-Imm Patient","generation":"generated"},{"extension":[{"url":"http://hl7.org/fhir/tools/StructureDefinition/ig-page-name","valueUrl":"StructureDefinition-NgImmPractitioner.html"}],"nameUrl":"StructureDefinition-NgImmPractitioner.html","title":"NG-Imm Practitioner","generation":"generated"},{"extension":[{"url":"http://hl7.org/fhir/tools/StructureDefinition/ig-page-name","valueUrl":"StructureDefinition-mother-other-children.html"}],"nameUrl":"StructureDefinition-mother-other-children.html","title":"NG-Imm RelatedPerson","generation":"generated"},{"extension":[{"url":"http://hl7.org/fhir/tools/StructureDefinition/ig-page-name","valueUrl":"StructureDefinition-nigeria-administrative-ward.html"}],"nameUrl":"StructureDefinition-nigeria-administrative-ward.html","title":"NG-Imm Administrative Wards ","generation":"generated"},{"extension":[{"url":"http://hl7.org/fhir/tools/StructureDefinition/ig-page-name","valueUrl":"StructureDefinition-allergy-reference-dose-number.html"}],"nameUrl":"StructureDefinition-allergy-reference-dose-number.html","title":"NG-Imm Allergy Dose Number","generation":"generated"},{"extension":[{"url":"http://hl7.org/fhir/tools/StructureDefinition/ig-page-name","valueUrl":"StructureDefinition-age-in-months.html"}],"nameUrl":"StructureDefinition-age-in-months.html","title":"NG-Imm Client Age in Months","generation":"generated"},{"extension":[{"url":"http://hl7.org/fhir/tools/StructureDefinition/ig-page-name","valueUrl":"StructureDefinition-age-in-weeks.html"}],"nameUrl":"StructureDefinition-age-in-weeks.html","title":"NG-Imm Client Age in Weeks","generation":"generated"},{"extension":[{"url":"http://hl7.org/fhir/tools/StructureDefinition/ig-page-name","valueUrl":"StructureDefinition-age-in-years.html"}],"nameUrl":"StructureDefinition-age-in-years.html","title":"NG-Imm Client Age in Years","generation":"generated"},{"extension":[{"url":"http://hl7.org/fhir/tools/StructureDefinition/ig-page-name","valueUrl":"StructureDefinition-hiv-status.html"}],"nameUrl":"StructureDefinition-hiv-status.html","title":"NG-Imm Client's HIV status","generation":"generated"},{"extension":[{"url":"http://hl7.org/fhir/tools/StructureDefinition/ig-page-name","valueUrl":"StructureDefinition-pregnancy-status.html"}],"nameUrl":"StructureDefinition-pregnancy-status.html","title":"NG-Imm Client's Pregnancy status","generation":"generated"},{"extension":[{"url":"http://hl7.org/fhir/tools/StructureDefinition/ig-page-name","valueUrl":"StructureDefinition-date-client-created.html"}],"nameUrl":"StructureDefinition-date-client-created.html","title":"NG-Imm Date client record was created","generation":"generated"},{"extension":[{"url":"http://hl7.org/fhir/tools/StructureDefinition/ig-page-name","valueUrl":"StructureDefinition-signature.html"}],"nameUrl":"StructureDefinition-signature.html","title":"NG-Imm Digital Signature","generation":"generated"},{"extension":[{"url":"http://hl7.org/fhir/tools/StructureDefinition/ig-page-name","valueUrl":"StructureDefinition-allergy-reference-dose-series.html"}],"nameUrl":"StructureDefinition-allergy-reference-dose-series.html","title":"NG-Imm Dose Series","generation":"generated"},{"extension":[{"url":"http://hl7.org/fhir/tools/StructureDefinition/ig-page-name","valueUrl":"StructureDefinition-contraindicated.html"}],"nameUrl":"StructureDefinition-contraindicated.html","title":"NG-Imm Immunization Contraindicated","generation":"generated"},{"extension":[{"url":"http://hl7.org/fhir/tools/StructureDefinition/ig-page-name","valueUrl":"StructureDefinition-next-dose-date.html"}],"nameUrl":"StructureDefinition-next-dose-date.html","title":"NG-Imm Next Dose Date","generation":"generated"},{"extension":[{"url":"http://hl7.org/fhir/tools/StructureDefinition/ig-page-name","valueUrl":"StructureDefinition-primary-vaccine-status.html"}],"nameUrl":"StructureDefinition-primary-vaccine-status.html","title":"NG-Imm Primary VaccineStatus","generation":"generated"},{"extension":[{"url":"http://hl7.org/fhir/tools/StructureDefinition/ig-page-name","valueUrl":"StructureDefinition-session-type.html"}],"nameUrl":"StructureDefinition-session-type.html","title":"NG-Imm Session Type","generation":"generated"},{"extension":[{"url":"http://hl7.org/fhir/tools/StructureDefinition/ig-page-name","valueUrl":"StructureDefinition-sibling-health-status.html"}],"nameUrl":"StructureDefinition-sibling-health-status.html","title":"NG-Imm Sibling's health status","generation":"generated"},{"extension":[{"url":"http://hl7.org/fhir/tools/StructureDefinition/ig-page-name","valueUrl":"StructureDefinition-contraindications.html"}],"nameUrl":"StructureDefinition-contraindications.html","title":"NG-Imm Vaccine Contraindications","generation":"generated"},{"extension":[{"url":"http://hl7.org/fhir/tools/StructureDefinition/ig-page-name","valueUrl":"StructureDefinition-birth-weight.html"}],"nameUrl":"StructureDefinition-birth-weight.html","title":"NG-Imm Weight at birth","generation":"generated"},{"extension":[{"url":"http://hl7.org/fhir/tools/StructureDefinition/ig-page-name","valueUrl":"ValueSet-nigeria-verifiction-status.html"}],"nameUrl":"ValueSet-nigeria-verifiction-status.html","title":"NG-Imm AEFI Verification Status VS","generation":"generated"},{"extension":[{"url":"http://hl7.org/fhir/tools/StructureDefinition/ig-page-name","valueUrl":"ValueSet-nigeria-allergy-severity.html"}],"nameUrl":"ValueSet-nigeria-allergy-severity.html","title":"NG-Imm Allergy Severity VS","generation":"generated"},{"extension":[{"url":"http://hl7.org/fhir/tools/StructureDefinition/ig-page-name","valueUrl":"ValueSet-nigeria-hiv-status.html"}],"nameUrl":"ValueSet-nigeria-hiv-status.html","title":"NG-Imm Client HIV Status VS","generation":"generated"},{"extension":[{"url":"http://hl7.org/fhir/tools/StructureDefinition/ig-page-name","valueUrl":"ValueSet-nigeria-pregnancy-status.html"}],"nameUrl":"ValueSet-nigeria-pregnancy-status.html","title":"NG-Imm Client Preganancy Status VS","generation":"generated"},{"extension":[{"url":"http://hl7.org/fhir/tools/StructureDefinition/ig-page-name","valueUrl":"ValueSet-nigeria-clinical-status.html"}],"nameUrl":"ValueSet-nigeria-clinical-status.html","title":"NG-Imm Clinical Status VS","generation":"generated"},{"extension":[{"url":"http://hl7.org/fhir/tools/StructureDefinition/ig-page-name","valueUrl":"ValueSet-nigeria-gender.html"}],"nameUrl":"ValueSet-nigeria-gender.html","title":"NG-Imm Gender or Sex VS","generation":"generated"},{"extension":[{"url":"http://hl7.org/fhir/tools/StructureDefinition/ig-page-name","valueUrl":"ValueSet-nigeria-facility-types.html"}],"nameUrl":"ValueSet-nigeria-facility-types.html","title":"NG-Imm HealthFacility Type VS","generation":"generated"},{"extension":[{"url":"http://hl7.org/fhir/tools/StructureDefinition/ig-page-name","valueUrl":"ValueSet-nigeria-lgas.html"}],"nameUrl":"ValueSet-nigeria-lgas.html","title":"NG-Imm LGAs VS","generation":"generated"},{"extension":[{"url":"http://hl7.org/fhir/tools/StructureDefinition/ig-page-name","valueUrl":"ValueSet-nigeria-primary-vaccine-status.html"}],"nameUrl":"ValueSet-nigeria-primary-vaccine-status.html","title":"NG-Imm Primary vaccine Status VS","generation":"generated"},{"extension":[{"url":"http://hl7.org/fhir/tools/StructureDefinition/ig-page-name","valueUrl":"ValueSet-nigeria-Immunization-status-reason.html"}],"nameUrl":"ValueSet-nigeria-Immunization-status-reason.html","title":"NG-Imm Reason for missed Vaccination VS","generation":"generated"},{"extension":[{"url":"http://hl7.org/fhir/tools/StructureDefinition/ig-page-name","valueUrl":"ValueSet-nigeria-relationship.html"}],"nameUrl":"ValueSet-nigeria-relationship.html","title":"NG-Imm Relationships VS","generation":"generated"},{"extension":[{"url":"http://hl7.org/fhir/tools/StructureDefinition/ig-page-name","valueUrl":"ValueSet-nigeria-session-type.html"}],"nameUrl":"ValueSet-nigeria-session-type.html","title":"NG-Imm Session Type VS","generation":"generated"},{"extension":[{"url":"http://hl7.org/fhir/tools/StructureDefinition/ig-page-name","valueUrl":"ValueSet-nigeria-sibling-health-status.html"}],"nameUrl":"ValueSet-nigeria-sibling-health-status.html","title":"NG-Imm Sibling Health Status VS","generation":"generated"},{"extension":[{"url":"http://hl7.org/fhir/tools/StructureDefinition/ig-page-name","valueUrl":"ValueSet-nigeria-states.html"}],"nameUrl":"ValueSet-nigeria-states.html","title":"NG-Imm States VS","generation":"generated"},{"extension":[{"url":"http://hl7.org/fhir/tools/StructureDefinition/ig-page-name","valueUrl":"ValueSet-nigeria-vaccine-contraindication.html"}],"nameUrl":"ValueSet-nigeria-vaccine-contraindication.html","title":"NG-Imm Vaccine Contraindication VS","generation":"generated"},{"extension":[{"url":"http://hl7.org/fhir/tools/StructureDefinition/ig-page-name","valueUrl":"ValueSet-nigeria-vaccine-route.html"}],"nameUrl":"ValueSet-nigeria-vaccine-route.html","title":"NG-Imm Vaccine Route VS","generation":"generated"},{"extension":[{"url":"http://hl7.org/fhir/tools/StructureDefinition/ig-page-name","valueUrl":"ValueSet-nigeria-vaccine-site.html"}],"nameUrl":"ValueSet-nigeria-vaccine-site.html","title":"NG-Imm Vaccine Site VS","generation":"generated"},{"extension":[{"url":"http://hl7.org/fhir/tools/StructureDefinition/ig-page-name","valueUrl":"ValueSet-nigeria-vaccine-library.html"}],"nameUrl":"ValueSet-nigeria-vaccine-library.html","title":"NG-Imm VaccineLibrary VS","generation":"generated"},{"extension":[{"url":"http://hl7.org/fhir/tools/StructureDefinition/ig-page-name","valueUrl":"ValueSet-nigeria-wards.html"}],"nameUrl":"ValueSet-nigeria-wards.html","title":"NG-Imm Wards VS","generation":"generated"},{"extension":[{"url":"http://hl7.org/fhir/tools/StructureDefinition/ig-page-name","valueUrl":"CodeSystem-nigeria-wards.html"}],"nameUrl":"CodeSystem-nigeria-wards.html","title":"NG-Imm Administrative Wards CS","generation":"generated"},{"extension":[{"url":"http://hl7.org/fhir/tools/StructureDefinition/ig-page-name","valueUrl":"CodeSystem-nigeria-clinical-status.html"}],"nameUrl":"CodeSystem-nigeria-clinical-status.html","title":"NG-Imm Adverse Event Clinical Status CS","generation":"generated"},{"extension":[{"url":"http://hl7.org/fhir/tools/StructureDefinition/ig-page-name","valueUrl":"CodeSystem-nigeria-allergy-severity.html"}],"nameUrl":"CodeSystem-nigeria-allergy-severity.html","title":"NG-Imm Allergy Severity CS","generation":"generated"},{"extension":[{"url":"http://hl7.org/fhir/tools/StructureDefinition/ig-page-name","valueUrl":"CodeSystem-nigeria-hiv-status.html"}],"nameUrl":"CodeSystem-nigeria-hiv-status.html","title":"NG-Imm Client HIV status CS","generation":"generated"},{"extension":[{"url":"http://hl7.org/fhir/tools/StructureDefinition/ig-page-name","valueUrl":"CodeSystem-nigeria-pregnancy-status.html"}],"nameUrl":"CodeSystem-nigeria-pregnancy-status.html","title":"NG-Imm Client Pregnancy status CS","generation":"generated"},{"extension":[{"url":"http://hl7.org/fhir/tools/StructureDefinition/ig-page-name","valueUrl":"CodeSystem-nigeria-facility-type.html"}],"nameUrl":"CodeSystem-nigeria-facility-type.html","title":"NG-Imm Facility Type CS","generation":"generated"},{"extension":[{"url":"http://hl7.org/fhir/tools/StructureDefinition/ig-page-name","valueUrl":"CodeSystem-nigeria-immunization-session-type.html"}],"nameUrl":"CodeSystem-nigeria-immunization-session-type.html","title":"NG-Imm Immunization Session types CS","generation":"generated"},{"extension":[{"url":"http://hl7.org/fhir/tools/StructureDefinition/ig-page-name","valueUrl":"CodeSystem-nigeria-lgas.html"}],"nameUrl":"CodeSystem-nigeria-lgas.html","title":"NG-Imm LGAs in Nigeria CS","generation":"generated"},{"extension":[{"url":"http://hl7.org/fhir/tools/StructureDefinition/ig-page-name","valueUrl":"CodeSystem-nigeria-relationship.html"}],"nameUrl":"CodeSystem-nigeria-relationship.html","title":"NG-Imm Relationships CS","generation":"generated"},{"extension":[{"url":"http://hl7.org/fhir/tools/StructureDefinition/ig-page-name","valueUrl":"CodeSystem-nigeria-sibling-health-status.html"}],"nameUrl":"CodeSystem-nigeria-sibling-health-status.html","title":"NG-Imm Sibling Health Status CS","generation":"generated"},{"extension":[{"url":"http://hl7.org/fhir/tools/StructureDefinition/ig-page-name","valueUrl":"CodeSystem-nigeria-states.html"}],"nameUrl":"CodeSystem-nigeria-states.html","title":"NG-Imm States in Nigeria CS","generation":"generated"},{"extension":[{"url":"http://hl7.org/fhir/tools/StructureDefinition/ig-page-name","valueUrl":"CodeSystem-NGStockReportCS.html"}],"nameUrl":"CodeSystem-NGStockReportCS.html","title":"NG-Imm Stock Management Data Elements CS","generation":"generated"},{"extension":[{"url":"http://hl7.org/fhir/tools/StructureDefinition/ig-page-name","valueUrl":"CodeSystem-nigeria-immunization-contraindication.html"}],"nameUrl":"CodeSystem-nigeria-immunization-contraindication.html","title":"NG-Imm Vaccine contraindications CS","generation":"generated"},{"extension":[{"url":"http://hl7.org/fhir/tools/StructureDefinition/ig-page-name","valueUrl":"CodeSystem-nigeria-vaccine-library.html"}],"nameUrl":"CodeSystem-nigeria-vaccine-library.html","title":"NG-Imm Vaccine Library with SNOMED CT codes","generation":"generated"},{"extension":[{"url":"http://hl7.org/fhir/tools/StructureDefinition/ig-page-name","valueUrl":"CodeSystem-nigeria-immunization-site.html"}],"nameUrl":"CodeSystem-nigeria-immunization-site.html","title":"NG-Imm Vaccine Site CS","generation":"generated"},{"extension":[{"url":"http://hl7.org/fhir/tools/StructureDefinition/ig-page-name","valueUrl":"Binary-AEFI-Case-Report-202503.html"}],"nameUrl":"Binary-AEFI-Case-Report-202503.html","title":"NG-Imm Example AEFI case report","generation":"generated"},{"extension":[{"url":"http://hl7.org/fhir/tools/StructureDefinition/ig-page-name","valueUrl":"Patient-FullExampleNgImmPatient.html"}],"nameUrl":"Patient-FullExampleNgImmPatient.html","title":"NG-Imm Example Full Immunization Patient","generation":"generated"},{"extension":[{"url":"http://hl7.org/fhir/tools/StructureDefinition/ig-page-name","valueUrl":"Immunization-ExampleNgImmImmunizationCompleted.html"}],"nameUrl":"Immunization-ExampleNgImmImmunizationCompleted.html","title":"NG-Imm Example Immunization-Completed BCG Vaccination","generation":"generated"},{"extension":[{"url":"http://hl7.org/fhir/tools/StructureDefinition/ig-page-name","valueUrl":"MeasureReport-ExampleNgImmMeasureReport.html"}],"nameUrl":"MeasureReport-ExampleNgImmMeasureReport.html","title":"NG-Imm Example MeasureReport Monthly Immunization Coverage Summary - BCG","generation":"generated"},{"extension":[{"url":"http://hl7.org/fhir/tools/StructureDefinition/ig-page-name","valueUrl":"Organization-organization-example.html"}],"nameUrl":"Organization-organization-example.html","title":"NG-Imm Example Organization","generation":"generated"},{"extension":[{"url":"http://hl7.org/fhir/tools/StructureDefinition/ig-page-name","valueUrl":"Patient-ExampleNgImmPatient.html"}],"nameUrl":"Patient-ExampleNgImmPatient.html","title":"NG-Imm Example Patient","generation":"generated"},{"extension":[{"url":"http://hl7.org/fhir/tools/StructureDefinition/ig-page-name","valueUrl":"Patient-ExampleNgPatientAdminWard.html"}],"nameUrl":"Patient-ExampleNgPatientAdminWard.html","title":"NG-Imm Example Patient with Ward data","generation":"generated"},{"extension":[{"url":"http://hl7.org/fhir/tools/StructureDefinition/ig-page-name","valueUrl":"Practitioner-ng-practitioner-example.html"}],"nameUrl":"Practitioner-ng-practitioner-example.html","title":"NG-Imm Example Practitioner","generation":"generated"},{"extension":[{"url":"http://hl7.org/fhir/tools/StructureDefinition/ig-page-name","valueUrl":"RelatedPerson-Sister2.html"}],"nameUrl":"RelatedPerson-Sister2.html","title":"NG-Imm Example Sibling","generation":"generated"},{"extension":[{"url":"http://hl7.org/fhir/tools/StructureDefinition/ig-page-name","valueUrl":"RelatedPerson-Child1.html"}],"nameUrl":"RelatedPerson-Child1.html","title":"NG-Imm Example Sibling - Mother's Other Child","generation":"generated"},{"extension":[{"url":"http://hl7.org/fhir/tools/StructureDefinition/ig-page-name","valueUrl":"Binary-Vaccine-Stock-Report-202503.html"}],"nameUrl":"Binary-Vaccine-Stock-Report-202503.html","title":"NG-Imm Example Stock report","generation":"generated"},{"extension":[{"url":"http://hl7.org/fhir/tools/StructureDefinition/ig-page-name","valueUrl":"AllergyIntolerance-FullExampleNgAllergyIntolerance.html"}],"nameUrl":"AllergyIntolerance-FullExampleNgAllergyIntolerance.html","title":"NG-Imm ExampleAllergyIntolerance","generation":"generated"},{"extension":[{"url":"http://hl7.org/fhir/tools/StructureDefinition/ig-page-name","valueUrl":"Binary-RoutineImmunizationReport.html"}],"nameUrl":"Binary-RoutineImmunizationReport.html","title":"NG-Imm Routine Immunization Report - Facility A","generation":"generated"},{"extension":[{"url":"http://hl7.org/fhir/tools/StructureDefinition/ig-page-name","valueUrl":"Immunization-ExampleNgImmImmunizationNotDone.html"}],"nameUrl":"Immunization-ExampleNgImmImmunizationNotDone.html","title":"NG-Imm Scheduled Pentavalent Immunization Not Done Due to Fever","generation":"generated"}]}]},"parameter":[{"code":"path-resource","value":"input/capabilities"},{"code":"path-resource","value":"input/examples"},{"code":"path-resource","value":"input/extensions"},{"code":"path-resource","value":"input/models"},{"code":"path-resource","value":"input/operations"},{"code":"path-resource","value":"input/profiles"},{"code":"path-resource","value":"input/resources"},{"code":"path-resource","value":"input/vocabulary"},{"code":"path-resource","value":"input/maps"},{"code":"path-resource","value":"input/testing"},{"code":"path-resource","value":"input/history"},{"code":"path-resource","value":"fsh-generated/resources"},{"code":"path-pages","value":"template/config"},{"code":"path-pages","value":"input/images"},{"code":"path-tx-cache","value":"input-cache/txcache"}]}}