{"resourceType":"ImplementationGuide","id":"fhir.nigeriaImmunizationIG","text":{"status":"generated","div":"<div xmlns=\"http://www.w3.org/1999/xhtml\"><p class=\"res-header-id\"><b>Generated Narrative: ImplementationGuide fhir.nigeriaImmunizationIG</b></p><a name=\"fhir.nigeriaImmunizationIG\"> </a><a name=\"hcfhir.nigeriaImmunizationIG\"> </a><h2>NigeriaimmunizationFHIRIG</h2><p>The official URL for this implementation guide is: </p><pre>https://nphcda.gov.ng/immunizationIG/ImplementationGuide/fhir.nigeriaImmunizationIG</pre><div><p>Nigeria Immunization FHIR IG</p>\n</div></div>"},"url":"https://nphcda.gov.ng/immunizationIG/ImplementationGuide/fhir.nigeriaImmunizationIG","version":"0.5.0","name":"NigeriaimmunizationFHIRIG","title":"Nigeria Immunization FHIR IG","status":"draft","date":"2025-08-03T02:35:31+01:00","publisher":"https://nphcda.gov.ng","contact":[{"name":"https://nphcda.gov.ng","telecom":[{"system":"url","value":"https://nphcda.gov.ng"}]},{"name":"Nigeria Primary Healthcare Development Agency.","telecom":[{"system":"email","value":"ig@nphcda.gov.ng","use":"work"}]}],"description":"Nigeria Immunization FHIR IG","jurisdiction":[{"coding":[{"system":"urn:iso:std:iso:3166","code":"NG","display":"Nigeria"}]}],"packageId":"fhir.nigeriaImmunizationIG","license":"CC0-1.0","fhirVersion":["4.0.1"],"dependsOn":[{"id":"hl7tx","extension":[{"url":"http://hl7.org/fhir/tools/StructureDefinition/implementationguide-dependency-comment","valueMarkdown":"Automatically added as a dependency - all IGs depend on HL7 Terminology"}],"uri":"http://terminology.hl7.org/ImplementationGuide/hl7.terminology","packageId":"hl7.terminology.r4","version":"6.5.0"},{"id":"hl7ext","extension":[{"url":"http://hl7.org/fhir/tools/StructureDefinition/implementationguide-dependency-comment","valueMarkdown":"Automatically added as a dependency - all IGs depend on the HL7 Extension Pack"}],"uri":"http://hl7.org/fhir/extensions/ImplementationGuide/hl7.fhir.uv.extensions","packageId":"hl7.fhir.uv.extensions.r4","version":"5.3.0-ballot-tc1"}],"definition":{"extension":[{"extension":[{"url":"code","valueString":"copyrightyear"},{"url":"value","valueString":"2025+"}],"url":"http://hl7.org/fhir/tools/StructureDefinition/ig-parameter"},{"extension":[{"url":"code","valueString":"releaselabel"},{"url":"value","valueString":"draft"}],"url":"http://hl7.org/fhir/tools/StructureDefinition/ig-parameter"},{"extension":[{"url":"code","valueString":"autoload-resources"},{"url":"value","valueString":"true"}],"url":"http://hl7.org/fhir/tools/StructureDefinition/ig-parameter"},{"extension":[{"url":"code","valueString":"path-liquid"},{"url":"value","valueString":"template/liquid"}],"url":"http://hl7.org/fhir/tools/StructureDefinition/ig-parameter"},{"extension":[{"url":"code","valueString":"path-liquid"},{"url":"value","valueString":"input/liquid"}],"url":"http://hl7.org/fhir/tools/StructureDefinition/ig-parameter"},{"extension":[{"url":"code","valueString":"path-qa"},{"url":"value","valueString":"temp/qa"}],"url":"http://hl7.org/fhir/tools/StructureDefinition/ig-parameter"},{"extension":[{"url":"code","valueString":"path-temp"},{"url":"value","valueString":"temp/pages"}],"url":"http://hl7.org/fhir/tools/StructureDefinition/ig-parameter"},{"extension":[{"url":"code","valueString":"path-output"},{"url":"value","valueString":"output"}],"url":"http://hl7.org/fhir/tools/StructureDefinition/ig-parameter"},{"extension":[{"url":"code","valueString":"path-suppressed-warnings"},{"url":"value","valueString":"input/ignoreWarnings.txt"}],"url":"http://hl7.org/fhir/tools/StructureDefinition/ig-parameter"},{"extension":[{"url":"code","valueString":"path-history"},{"url":"value","valueString":"https://nphcda.gov.ng/immunizationIG/history.html"}],"url":"http://hl7.org/fhir/tools/StructureDefinition/ig-parameter"},{"extension":[{"url":"code","valueString":"template-html"},{"url":"value","valueString":"template-page.html"}],"url":"http://hl7.org/fhir/tools/StructureDefinition/ig-parameter"},{"extension":[{"url":"code","valueString":"template-md"},{"url":"value","valueString":"template-page-md.html"}],"url":"http://hl7.org/fhir/tools/StructureDefinition/ig-parameter"},{"extension":[{"url":"code","valueString":"apply-contact"},{"url":"value","valueString":"true"}],"url":"http://hl7.org/fhir/tools/StructureDefinition/ig-parameter"},{"extension":[{"url":"code","valueString":"apply-context"},{"url":"value","valueString":"true"}],"url":"http://hl7.org/fhir/tools/StructureDefinition/ig-parameter"},{"extension":[{"url":"code","valueString":"apply-copyright"},{"url":"value","valueString":"true"}],"url":"http://hl7.org/fhir/tools/StructureDefinition/ig-parameter"},{"extension":[{"url":"code","valueString":"apply-jurisdiction"},{"url":"value","valueString":"true"}],"url":"http://hl7.org/fhir/tools/StructureDefinition/ig-parameter"},{"extension":[{"url":"code","valueString":"apply-license"},{"url":"value","valueString":"true"}],"url":"http://hl7.org/fhir/tools/StructureDefinition/ig-parameter"},{"extension":[{"url":"code","valueString":"apply-publisher"},{"url":"value","valueString":"true"}],"url":"http://hl7.org/fhir/tools/StructureDefinition/ig-parameter"},{"extension":[{"url":"code","valueString":"apply-version"},{"url":"value","valueString":"true"}],"url":"http://hl7.org/fhir/tools/StructureDefinition/ig-parameter"},{"extension":[{"url":"code","valueString":"apply-wg"},{"url":"value","valueString":"true"}],"url":"http://hl7.org/fhir/tools/StructureDefinition/ig-parameter"},{"extension":[{"url":"code","valueString":"active-tables"},{"url":"value","valueString":"true"}],"url":"http://hl7.org/fhir/tools/StructureDefinition/ig-parameter"},{"extension":[{"url":"code","valueString":"fmm-definition"},{"url":"value","valueString":"http://hl7.org/fhir/versions.html#maturity"}],"url":"http://hl7.org/fhir/tools/StructureDefinition/ig-parameter"},{"extension":[{"url":"code","valueString":"propagate-status"},{"url":"value","valueString":"true"}],"url":"http://hl7.org/fhir/tools/StructureDefinition/ig-parameter"},{"extension":[{"url":"code","valueString":"excludelogbinaryformat"},{"url":"value","valueString":"true"}],"url":"http://hl7.org/fhir/tools/StructureDefinition/ig-parameter"},{"extension":[{"url":"code","valueString":"tabbed-snapshots"},{"url":"value","valueString":"true"}],"url":"http://hl7.org/fhir/tools/StructureDefinition/ig-parameter"},{"url":"http://hl7.org/fhir/tools/StructureDefinition/ig-internal-dependency","valueCode":"hl7.fhir.uv.tools.r4#0.7.1"},{"extension":[{"url":"code","valueCode":"copyrightyear"},{"url":"value","valueString":"2025+"}],"url":"http://hl7.org/fhir/tools/StructureDefinition/ig-parameter"},{"extension":[{"url":"code","valueCode":"releaselabel"},{"url":"value","valueString":"draft"}],"url":"http://hl7.org/fhir/tools/StructureDefinition/ig-parameter"},{"extension":[{"url":"code","valueCode":"autoload-resources"},{"url":"value","valueString":"true"}],"url":"http://hl7.org/fhir/tools/StructureDefinition/ig-parameter"},{"extension":[{"url":"code","valueCode":"path-liquid"},{"url":"value","valueString":"template/liquid"}],"url":"http://hl7.org/fhir/tools/StructureDefinition/ig-parameter"},{"extension":[{"url":"code","valueCode":"path-liquid"},{"url":"value","valueString":"input/liquid"}],"url":"http://hl7.org/fhir/tools/StructureDefinition/ig-parameter"},{"extension":[{"url":"code","valueCode":"path-qa"},{"url":"value","valueString":"temp/qa"}],"url":"http://hl7.org/fhir/tools/StructureDefinition/ig-parameter"},{"extension":[{"url":"code","valueCode":"path-temp"},{"url":"value","valueString":"temp/pages"}],"url":"http://hl7.org/fhir/tools/StructureDefinition/ig-parameter"},{"extension":[{"url":"code","valueCode":"path-output"},{"url":"value","valueString":"output"}],"url":"http://hl7.org/fhir/tools/StructureDefinition/ig-parameter"},{"extension":[{"url":"code","valueCode":"path-suppressed-warnings"},{"url":"value","valueString":"input/ignoreWarnings.txt"}],"url":"http://hl7.org/fhir/tools/StructureDefinition/ig-parameter"},{"extension":[{"url":"code","valueCode":"path-history"},{"url":"value","valueString":"https://nphcda.gov.ng/immunizationIG/history.html"}],"url":"http://hl7.org/fhir/tools/StructureDefinition/ig-parameter"},{"extension":[{"url":"code","valueCode":"template-html"},{"url":"value","valueString":"template-page.html"}],"url":"http://hl7.org/fhir/tools/StructureDefinition/ig-parameter"},{"extension":[{"url":"code","valueCode":"template-md"},{"url":"value","valueString":"template-page-md.html"}],"url":"http://hl7.org/fhir/tools/StructureDefinition/ig-parameter"},{"extension":[{"url":"code","valueCode":"apply-contact"},{"url":"value","valueString":"true"}],"url":"http://hl7.org/fhir/tools/StructureDefinition/ig-parameter"},{"extension":[{"url":"code","valueCode":"apply-context"},{"url":"value","valueString":"true"}],"url":"http://hl7.org/fhir/tools/StructureDefinition/ig-parameter"},{"extension":[{"url":"code","valueCode":"apply-copyright"},{"url":"value","valueString":"true"}],"url":"http://hl7.org/fhir/tools/StructureDefinition/ig-parameter"},{"extension":[{"url":"code","valueCode":"apply-jurisdiction"},{"url":"value","valueString":"true"}],"url":"http://hl7.org/fhir/tools/StructureDefinition/ig-parameter"},{"extension":[{"url":"code","valueCode":"apply-license"},{"url":"value","valueString":"true"}],"url":"http://hl7.org/fhir/tools/StructureDefinition/ig-parameter"},{"extension":[{"url":"code","valueCode":"apply-publisher"},{"url":"value","valueString":"true"}],"url":"http://hl7.org/fhir/tools/StructureDefinition/ig-parameter"},{"extension":[{"url":"code","valueCode":"apply-version"},{"url":"value","valueString":"true"}],"url":"http://hl7.org/fhir/tools/StructureDefinition/ig-parameter"},{"extension":[{"url":"code","valueCode":"apply-wg"},{"url":"value","valueString":"true"}],"url":"http://hl7.org/fhir/tools/StructureDefinition/ig-parameter"},{"extension":[{"url":"code","valueCode":"active-tables"},{"url":"value","valueString":"true"}],"url":"http://hl7.org/fhir/tools/StructureDefinition/ig-parameter"},{"extension":[{"url":"code","valueCode":"fmm-definition"},{"url":"value","valueString":"http://hl7.org/fhir/versions.html#maturity"}],"url":"http://hl7.org/fhir/tools/StructureDefinition/ig-parameter"},{"extension":[{"url":"code","valueCode":"propagate-status"},{"url":"value","valueString":"true"}],"url":"http://hl7.org/fhir/tools/StructureDefinition/ig-parameter"},{"extension":[{"url":"code","valueCode":"excludelogbinaryformat"},{"url":"value","valueString":"true"}],"url":"http://hl7.org/fhir/tools/StructureDefinition/ig-parameter"},{"extension":[{"url":"code","valueCode":"tabbed-snapshots"},{"url":"value","valueString":"true"}],"url":"http://hl7.org/fhir/tools/StructureDefinition/ig-parameter"},{"extension":[{"url":"code","valueCode":"copyrightyear"},{"url":"value","valueString":"2025+"}],"url":"http://hl7.org/fhir/tools/StructureDefinition/ig-parameter"},{"extension":[{"url":"code","valueCode":"releaselabel"},{"url":"value","valueString":"draft"}],"url":"http://hl7.org/fhir/tools/StructureDefinition/ig-parameter"},{"extension":[{"url":"code","valueCode":"autoload-resources"},{"url":"value","valueString":"true"}],"url":"http://hl7.org/fhir/tools/StructureDefinition/ig-parameter"},{"extension":[{"url":"code","valueCode":"path-liquid"},{"url":"value","valueString":"template/liquid"}],"url":"http://hl7.org/fhir/tools/StructureDefinition/ig-parameter"},{"extension":[{"url":"code","valueCode":"path-liquid"},{"url":"value","valueString":"input/liquid"}],"url":"http://hl7.org/fhir/tools/StructureDefinition/ig-parameter"},{"extension":[{"url":"code","valueCode":"path-qa"},{"url":"value","valueString":"temp/qa"}],"url":"http://hl7.org/fhir/tools/StructureDefinition/ig-parameter"},{"extension":[{"url":"code","valueCode":"path-temp"},{"url":"value","valueString":"temp/pages"}],"url":"http://hl7.org/fhir/tools/StructureDefinition/ig-parameter"},{"extension":[{"url":"code","valueCode":"path-output"},{"url":"value","valueString":"output"}],"url":"http://hl7.org/fhir/tools/StructureDefinition/ig-parameter"},{"extension":[{"url":"code","valueCode":"path-suppressed-warnings"},{"url":"value","valueString":"input/ignoreWarnings.txt"}],"url":"http://hl7.org/fhir/tools/StructureDefinition/ig-parameter"},{"extension":[{"url":"code","valueCode":"path-history"},{"url":"value","valueString":"https://nphcda.gov.ng/immunizationIG/history.html"}],"url":"http://hl7.org/fhir/tools/StructureDefinition/ig-parameter"},{"extension":[{"url":"code","valueCode":"template-html"},{"url":"value","valueString":"template-page.html"}],"url":"http://hl7.org/fhir/tools/StructureDefinition/ig-parameter"},{"extension":[{"url":"code","valueCode":"template-md"},{"url":"value","valueString":"template-page-md.html"}],"url":"http://hl7.org/fhir/tools/StructureDefinition/ig-parameter"},{"extension":[{"url":"code","valueCode":"apply-contact"},{"url":"value","valueString":"true"}],"url":"http://hl7.org/fhir/tools/StructureDefinition/ig-parameter"},{"extension":[{"url":"code","valueCode":"apply-context"},{"url":"value","valueString":"true"}],"url":"http://hl7.org/fhir/tools/StructureDefinition/ig-parameter"},{"extension":[{"url":"code","valueCode":"apply-copyright"},{"url":"value","valueString":"true"}],"url":"http://hl7.org/fhir/tools/StructureDefinition/ig-parameter"},{"extension":[{"url":"code","valueCode":"apply-jurisdiction"},{"url":"value","valueString":"true"}],"url":"http://hl7.org/fhir/tools/StructureDefinition/ig-parameter"},{"extension":[{"url":"code","valueCode":"apply-license"},{"url":"value","valueString":"true"}],"url":"http://hl7.org/fhir/tools/StructureDefinition/ig-parameter"},{"extension":[{"url":"code","valueCode":"apply-publisher"},{"url":"value","valueString":"true"}],"url":"http://hl7.org/fhir/tools/StructureDefinition/ig-parameter"},{"extension":[{"url":"code","valueCode":"apply-version"},{"url":"value","valueString":"true"}],"url":"http://hl7.org/fhir/tools/StructureDefinition/ig-parameter"},{"extension":[{"url":"code","valueCode":"apply-wg"},{"url":"value","valueString":"true"}],"url":"http://hl7.org/fhir/tools/StructureDefinition/ig-parameter"},{"extension":[{"url":"code","valueCode":"active-tables"},{"url":"value","valueString":"true"}],"url":"http://hl7.org/fhir/tools/StructureDefinition/ig-parameter"},{"extension":[{"url":"code","valueCode":"fmm-definition"},{"url":"value","valueString":"http://hl7.org/fhir/versions.html#maturity"}],"url":"http://hl7.org/fhir/tools/StructureDefinition/ig-parameter"},{"extension":[{"url":"code","valueCode":"propagate-status"},{"url":"value","valueString":"true"}],"url":"http://hl7.org/fhir/tools/StructureDefinition/ig-parameter"},{"extension":[{"url":"code","valueCode":"excludelogbinaryformat"},{"url":"value","valueString":"true"}],"url":"http://hl7.org/fhir/tools/StructureDefinition/ig-parameter"},{"extension":[{"url":"code","valueCode":"tabbed-snapshots"},{"url":"value","valueString":"true"}],"url":"http://hl7.org/fhir/tools/StructureDefinition/ig-parameter"}],"grouping":[{"id":"-dyn-capabilitystatement","name":"Behavior: Capability Statements","description":"The following artifacts define the specific capabilities that different types of systems are expected to have in order to comply with this implementation guide.  Systems conforming to this implementation guide are expected to declare conformance to one or more of the following capability statements."},{"id":"-str-logicalmodel","name":"Structures: Logical Models","description":"These define data models that represent the domain covered by this implementation guide in more business-friendly terms than the underlying FHIR resources."},{"id":"-str-profile","name":"Structures: Resource Profiles","description":"These define constraints on FHIR resources for systems conforming to this implementation guide."},{"id":"-str-extension","name":"Structures: Extension Definitions","description":"These define constraints on FHIR data types for systems conforming to this implementation guide."},{"id":"-term-valueset","name":"Terminology: Value Sets","description":"These define sets of codes used by systems conforming to this implementation guide."},{"id":"-term-codesystem","name":"Terminology: Code Systems","description":"These define new code systems used by systems conforming to this implementation guide."},{"id":"-map-structuremap","name":"Terminology: Structure Maps","description":"These define transformations to convert between data structures used by systems conforming to this implementation guide."},{"id":"-ex-example","name":"Example: Example Instances","description":"These are example instances that show what data produced and consumed by systems conforming with this implementation guide might look like."}],"resource":[{"extension":[{"url":"http://hl7.org/fhir/tools/StructureDefinition/resource-sort","valueInteger":999999999},{"url":"http://hl7.org/fhir/StructureDefinition/implementationguide-page","valueUri":"CapabilityStatement-NgImmCapabilityStatementClient.html"}],"reference":{"reference":"CapabilityStatement/NgImmCapabilityStatementClient"},"name":"NG-Imm Client CapabilityStatement","description":"This CapabilityStatement defines the expected behavior of client systems that interact with NG-IMM FHIR servers in Nigeria’s immunization ecosystem.\n\nClients must support standard RESTful interactions with NG-IMM-compliant FHIR APIs and use appropriate operations to submit, export, and validate structured data. \nThey are also expected to initiate transformation of logical models (e.g. RegisterClientModel, AdministerVaccine) into formal FHIR resources using `$transform`.\n\n### Use of HTTP Methods:\n- **POST**: Used by clients to create new Patient, Immunization, or Bundle resources.\n- **PUT**: Used to fully replace an existing resource with updated data.\n- **PATCH**: Used to update only specific elements of a resource.","exampleBoolean":false,"groupingId":"-dyn-capabilitystatement"},{"extension":[{"url":"http://hl7.org/fhir/tools/StructureDefinition/resource-sort","valueInteger":999999999},{"url":"http://hl7.org/fhir/StructureDefinition/implementationguide-page","valueUri":"CapabilityStatement-NgImmCapabilityStatementServer.html"}],"reference":{"reference":"CapabilityStatement/NgImmCapabilityStatementServer"},"name":"NG-Imm Server CapabilityStatement","description":"This CapabilityStatement describes the expected behavior of FHIR servers implementing Nigeria’s Immunization Implementation Guide (NG-IMM).\n\nIt includes full RESTful support for key profiles (`NgImmPatient`, `NgImmImmunization`, and `NgImmBundle`) and logical model transformations. The server also supports data submission, export, and validation via custom operations, as well as tracking updates through `Provenance`.\n\n### Use of HTTP Methods:\n- **POST**: Used to create a new resource. The server assigns the resource ID.\n- **PUT**: Used to fully replace an existing resource identified by a known ID.\n- **PATCH**: Used for partial updates to existing resources.\n\n### Provenance:\nClients MUST include a `Provenance` resource when performing PUT or PATCH on `Patient` to ensure traceability and support audit trails.","exampleBoolean":false,"groupingId":"-dyn-capabilitystatement"},{"extension":[{"url":"http://hl7.org/fhir/tools/StructureDefinition/resource-sort","valueInteger":999999999},{"url":"http://hl7.org/fhir/StructureDefinition/implementationguide-page","valueUri":"StructureDefinition-register-facility-model.html"}],"reference":{"reference":"StructureDefinition/register-facility-model"},"name":"NG-Imm-A RegisterFacility","description":"IMMZ.A - A logical model representing a health facility being registered in the immunization system.","exampleBoolean":false,"groupingId":"-str-logicalmodel"},{"extension":[{"url":"http://hl7.org/fhir/tools/StructureDefinition/resource-sort","valueInteger":999999999},{"url":"http://hl7.org/fhir/StructureDefinition/implementationguide-page","valueUri":"StructureDefinition-register-client-model.html"}],"reference":{"reference":"StructureDefinition/register-client-model"},"name":"NG-Imm-C5 RegisterClient","description":"IMMZ.C5 - A logical model representing a client being registered in the immunization system.","exampleBoolean":false,"groupingId":"-str-logicalmodel"},{"extension":[{"url":"http://hl7.org/fhir/tools/StructureDefinition/resource-sort","valueInteger":999999999},{"url":"http://hl7.org/fhir/StructureDefinition/implementationguide-page","valueUri":"StructureDefinition-UpdateClientHistory.html"}],"reference":{"reference":"StructureDefinition/UpdateClientHistory"},"name":"NG-Imm-C6 UpdateClientHistory","description":"IMMZ.C6 - A logical model for tracking client immunization history updates.","exampleBoolean":false,"groupingId":"-str-logicalmodel"},{"extension":[{"url":"http://hl7.org/fhir/tools/StructureDefinition/resource-sort","valueInteger":999999999},{"url":"http://hl7.org/fhir/StructureDefinition/implementationguide-page","valueUri":"StructureDefinition-AdministerVaccine.html"}],"reference":{"reference":"StructureDefinition/AdministerVaccine"},"name":"NG-Imm-D AdministerVaccine","description":"IMMZ.D - A logical model for capturing vaccine administration details","exampleBoolean":false,"groupingId":"-str-logicalmodel"},{"extension":[{"url":"http://hl7.org/fhir/tools/StructureDefinition/resource-sort","valueInteger":999999999},{"url":"http://hl7.org/fhir/StructureDefinition/implementationguide-page","valueUri":"StructureDefinition-manage-aefi.html"}],"reference":{"reference":"StructureDefinition/manage-aefi"},"name":"NG-Imm-E Manage & ReportAEFI","description":"IMMZ.E - A logical model for recording and managing AEFI treatment.","exampleBoolean":false,"groupingId":"-str-logicalmodel"},{"extension":[{"url":"http://hl7.org/fhir/tools/StructureDefinition/resource-sort","valueInteger":999999999},{"url":"http://hl7.org/fhir/StructureDefinition/implementationguide-page","valueUri":"StructureDefinition-DefaulterTracking.html"}],"reference":{"reference":"StructureDefinition/DefaulterTracking"},"name":"NG-Imm-G DefaulterTracking","description":"IMMZ.G - A logical model for tracking immunization defaulters.","exampleBoolean":false,"groupingId":"-str-logicalmodel"},{"extension":[{"url":"http://hl7.org/fhir/tools/StructureDefinition/resource-sort","valueInteger":999999999},{"url":"http://hl7.org/fhir/StructureDefinition/implementationguide-page","valueUri":"StructureDefinition-IMMZGGenerateReport.html"}],"reference":{"reference":"StructureDefinition/IMMZGGenerateReport"},"name":"NG-Imm-H GenerateReport","description":"IMMZ.H - Data elements for the IMMZ.G Report Generation Data Dictionary.","exampleBoolean":false,"groupingId":"-str-logicalmodel"},{"extension":[{"url":"http://hl7.org/fhir/tools/StructureDefinition/resource-sort","valueInteger":999999999},{"url":"http://hl7.org/fhir/StructureDefinition/implementationguide-page","valueUri":"StructureDefinition-allergy-intolerance-profile.html"}],"reference":{"reference":"StructureDefinition/allergy-intolerance-profile"},"name":"NG-Imm AllergyIntolerance","description":"Nigeria Immunization Allergy Intolerance Profile","exampleBoolean":false,"groupingId":"-str-profile"},{"extension":[{"url":"http://hl7.org/fhir/tools/StructureDefinition/resource-sort","valueInteger":999999999},{"url":"http://hl7.org/fhir/StructureDefinition/implementationguide-page","valueUri":"StructureDefinition-ng-imm-encounter.html"}],"reference":{"reference":"StructureDefinition/ng-imm-encounter"},"name":"NG-Imm Encounter","description":"A profile for encounters in the Nigerian  Immunization guide, used to document immunization visits and related healthcare interactions.","exampleBoolean":false,"groupingId":"-str-profile"},{"extension":[{"url":"http://hl7.org/fhir/tools/StructureDefinition/resource-sort","valueInteger":999999999},{"url":"http://hl7.org/fhir/StructureDefinition/implementationguide-page","valueUri":"StructureDefinition-NgImmImmunization.html"}],"reference":{"reference":"StructureDefinition/NgImmImmunization"},"name":"NG-Imm Immunization","description":"Nigerian Profile for Immunization resource.","exampleBoolean":false,"groupingId":"-str-profile"},{"extension":[{"url":"http://hl7.org/fhir/tools/StructureDefinition/resource-sort","valueInteger":999999999},{"url":"http://hl7.org/fhir/StructureDefinition/implementationguide-page","valueUri":"StructureDefinition-nigeria-location.html"}],"reference":{"reference":"StructureDefinition/nigeria-location"},"name":"NG-Imm Location","description":"A profile for immunization service locations, including health facilities, outreach sites, and mobile vaccination units.","exampleBoolean":false,"groupingId":"-str-profile"},{"extension":[{"url":"http://hl7.org/fhir/tools/StructureDefinition/resource-sort","valueInteger":999999999},{"url":"http://hl7.org/fhir/StructureDefinition/implementationguide-page","valueUri":"StructureDefinition-ngimm-measure.html"}],"reference":{"reference":"StructureDefinition/ngimm-measure"},"name":"NG-Imm Measure","description":"A profile on the Measure resource used to define immunization indicators within Nigeria's routine immunization program.","exampleBoolean":false,"groupingId":"-str-profile"},{"extension":[{"url":"http://hl7.org/fhir/tools/StructureDefinition/resource-sort","valueInteger":999999999},{"url":"http://hl7.org/fhir/StructureDefinition/implementationguide-page","valueUri":"StructureDefinition-measure-report-profile.html"}],"reference":{"reference":"StructureDefinition/measure-report-profile"},"name":"NG-Imm MeasureReport","description":"Nigeria Immunization Measure Report Profile","exampleBoolean":false,"groupingId":"-str-profile"},{"extension":[{"url":"http://hl7.org/fhir/tools/StructureDefinition/resource-sort","valueInteger":999999999},{"url":"http://hl7.org/fhir/StructureDefinition/implementationguide-page","valueUri":"StructureDefinition-ng-imm-organization.html"}],"reference":{"reference":"StructureDefinition/ng-imm-organization"},"name":"NG-Imm Organization","description":"An organization profile representing healthcare facilities responsible for immunization services or other types of organizations.","exampleBoolean":false,"groupingId":"-str-profile"},{"extension":[{"url":"http://hl7.org/fhir/tools/StructureDefinition/resource-sort","valueInteger":999999999},{"url":"http://hl7.org/fhir/StructureDefinition/implementationguide-page","valueUri":"StructureDefinition-NgImmPatient.html"}],"reference":{"reference":"StructureDefinition/NgImmPatient"},"name":"NG-Imm Patient","description":"Nigeria Immunization Patient Profile","exampleBoolean":false,"groupingId":"-str-profile"},{"extension":[{"url":"http://hl7.org/fhir/tools/StructureDefinition/resource-sort","valueInteger":999999999},{"url":"http://hl7.org/fhir/StructureDefinition/implementationguide-page","valueUri":"StructureDefinition-NgImmPractitioner.html"}],"reference":{"reference":"StructureDefinition/NgImmPractitioner"},"name":"NG-Imm Practitioner","description":"Profile for a Nigerian Practitioner","exampleBoolean":false,"groupingId":"-str-profile"},{"extension":[{"url":"http://hl7.org/fhir/tools/StructureDefinition/resource-sort","valueInteger":999999999},{"url":"http://hl7.org/fhir/StructureDefinition/implementationguide-page","valueUri":"StructureDefinition-mother-other-children.html"}],"reference":{"reference":"StructureDefinition/mother-other-children"},"name":"NG-Imm RelatedPerson","description":"Sibling that represents the mother's other children as RelatedPersons.","exampleBoolean":false,"groupingId":"-str-profile"},{"extension":[{"url":"http://hl7.org/fhir/tools/StructureDefinition/resource-sort","valueInteger":999999999},{"url":"http://hl7.org/fhir/StructureDefinition/implementationguide-page","valueUri":"StructureDefinition-NgImmBundle.html"}],"reference":{"reference":"StructureDefinition/NgImmBundle"},"name":"Nigeria Immunization Bundle","description":"FHIR Bundle profile for grouping Nigeria Immunization resources including Patient, Immunization, AllergyIntolerance, RelatedPerson, and Organization. Supports request/response/search metadata for interoperability.","exampleBoolean":false,"groupingId":"-str-profile"},{"extension":[{"url":"http://hl7.org/fhir/tools/StructureDefinition/resource-sort","valueInteger":999999999},{"url":"http://hl7.org/fhir/StructureDefinition/implementationguide-page","valueUri":"StructureDefinition-nigeria-administrative-ward.html"}],"reference":{"reference":"StructureDefinition/nigeria-administrative-ward"},"name":"NG-Imm Administrative Wards ","description":"Captures the administrative ward within a geographic address","exampleBoolean":false,"groupingId":"-str-extension"},{"extension":[{"url":"http://hl7.org/fhir/tools/StructureDefinition/resource-sort","valueInteger":999999999},{"url":"http://hl7.org/fhir/StructureDefinition/implementationguide-page","valueUri":"StructureDefinition-allergy-reference-dose-number.html"}],"reference":{"reference":"StructureDefinition/allergy-reference-dose-number"},"name":"NG-Imm Allergy Dose Number","description":"Reference immunization dose number for this AllergyIntolerance.","exampleBoolean":false,"groupingId":"-str-extension"},{"extension":[{"url":"http://hl7.org/fhir/tools/StructureDefinition/resource-sort","valueInteger":999999999},{"url":"http://hl7.org/fhir/StructureDefinition/implementationguide-page","valueUri":"StructureDefinition-age-in-months.html"}],"reference":{"reference":"StructureDefinition/age-in-months"},"name":"NG-Imm Client Age in Months","description":"Age of the Immunization Client recorded in months","exampleBoolean":false,"groupingId":"-str-extension"},{"extension":[{"url":"http://hl7.org/fhir/tools/StructureDefinition/resource-sort","valueInteger":999999999},{"url":"http://hl7.org/fhir/StructureDefinition/implementationguide-page","valueUri":"StructureDefinition-age-in-weeks.html"}],"reference":{"reference":"StructureDefinition/age-in-weeks"},"name":"NG-Imm Client Age in Weeks","description":"Age of the Immunization Client recorded in weeks","exampleBoolean":false,"groupingId":"-str-extension"},{"extension":[{"url":"http://hl7.org/fhir/tools/StructureDefinition/resource-sort","valueInteger":999999999},{"url":"http://hl7.org/fhir/StructureDefinition/implementationguide-page","valueUri":"StructureDefinition-age-in-years.html"}],"reference":{"reference":"StructureDefinition/age-in-years"},"name":"NG-Imm Client Age in Years","description":"Age of the Immunization Client recorded in years","exampleBoolean":false,"groupingId":"-str-extension"},{"extension":[{"url":"http://hl7.org/fhir/tools/StructureDefinition/resource-sort","valueInteger":999999999},{"url":"http://hl7.org/fhir/StructureDefinition/implementationguide-page","valueUri":"StructureDefinition-hiv-status.html"}],"reference":{"reference":"StructureDefinition/hiv-status"},"name":"NG-Imm Client's HIV status","description":"The HIV status (positive, negative, or unknown) of the Immunization Client","exampleBoolean":false,"groupingId":"-str-extension"},{"extension":[{"url":"http://hl7.org/fhir/tools/StructureDefinition/resource-sort","valueInteger":999999999},{"url":"http://hl7.org/fhir/StructureDefinition/implementationguide-page","valueUri":"StructureDefinition-pregnancy-status.html"}],"reference":{"reference":"StructureDefinition/pregnancy-status"},"name":"NG-Imm Client's Pregnancy status","description":"The Pregnancy status (pregnant or not-pregnant) of the Immunization Client","exampleBoolean":false,"groupingId":"-str-extension"},{"extension":[{"url":"http://hl7.org/fhir/tools/StructureDefinition/resource-sort","valueInteger":999999999},{"url":"http://hl7.org/fhir/StructureDefinition/implementationguide-page","valueUri":"StructureDefinition-signature.html"}],"reference":{"reference":"StructureDefinition/signature"},"name":"NG-Imm Digital Signature","description":"A digital or electronic signature capturing who signed, when, type, and signature data.","exampleBoolean":false,"groupingId":"-str-extension"},{"extension":[{"url":"http://hl7.org/fhir/tools/StructureDefinition/resource-sort","valueInteger":999999999},{"url":"http://hl7.org/fhir/StructureDefinition/implementationguide-page","valueUri":"StructureDefinition-allergy-reference-dose-series.html"}],"reference":{"reference":"StructureDefinition/allergy-reference-dose-series"},"name":"NG-Imm Dose Series","description":"Dose series number from the referenced Immunization.protocolApplied.doseNumber.","exampleBoolean":false,"groupingId":"-str-extension"},{"extension":[{"url":"http://hl7.org/fhir/tools/StructureDefinition/resource-sort","valueInteger":999999999},{"url":"http://hl7.org/fhir/StructureDefinition/implementationguide-page","valueUri":"StructureDefinition-contraindicated.html"}],"reference":{"reference":"StructureDefinition/contraindicated"},"name":"NG-Imm Immunization Contraindicated","description":"Indicates whether the immunization was contraindicated","exampleBoolean":false,"groupingId":"-str-extension"},{"extension":[{"url":"http://hl7.org/fhir/tools/StructureDefinition/resource-sort","valueInteger":999999999},{"url":"http://hl7.org/fhir/StructureDefinition/implementationguide-page","valueUri":"StructureDefinition-next-dose-date.html"}],"reference":{"reference":"StructureDefinition/next-dose-date"},"name":"NG-Imm Next Dose Date","description":"The recommended due date for the next vaccine dose in the schedule.","exampleBoolean":false,"groupingId":"-str-extension"},{"extension":[{"url":"http://hl7.org/fhir/tools/StructureDefinition/resource-sort","valueInteger":999999999},{"url":"http://hl7.org/fhir/StructureDefinition/implementationguide-page","valueUri":"StructureDefinition-session-type.html"}],"reference":{"reference":"StructureDefinition/session-type"},"name":"NG-Imm Session Type","description":"Type of session for immunization (e.g., fixed-site clinic, outreach session, campaign site).","exampleBoolean":false,"groupingId":"-str-extension"},{"extension":[{"url":"http://hl7.org/fhir/tools/StructureDefinition/resource-sort","valueInteger":999999999},{"url":"http://hl7.org/fhir/StructureDefinition/implementationguide-page","valueUri":"StructureDefinition-sibling-health-status.html"}],"reference":{"reference":"StructureDefinition/sibling-health-status"},"name":"NG-Imm Sibling's health status","description":"The health status of the Client's sibling","exampleBoolean":false,"groupingId":"-str-extension"},{"extension":[{"url":"http://hl7.org/fhir/tools/StructureDefinition/resource-sort","valueInteger":999999999},{"url":"http://hl7.org/fhir/StructureDefinition/implementationguide-page","valueUri":"StructureDefinition-contraindications.html"}],"reference":{"reference":"StructureDefinition/contraindications"},"name":"NG-Imm Vaccine Contraindications","description":"Indicates specific situations in which it is not recommended to administer certain vaccines (e.g severe AEFI, History of Anaphylactic reactions, Symptomatic HIV infection)","exampleBoolean":false,"groupingId":"-str-extension"},{"extension":[{"url":"http://hl7.org/fhir/tools/StructureDefinition/resource-sort","valueInteger":999999999},{"url":"http://hl7.org/fhir/StructureDefinition/implementationguide-page","valueUri":"StructureDefinition-birth-weight.html"}],"reference":{"reference":"StructureDefinition/birth-weight"},"name":"NG-Imm Weight at birth","description":"Weight  of the Immunization Client at birth","exampleBoolean":false,"groupingId":"-str-extension"},{"extension":[{"url":"http://hl7.org/fhir/tools/StructureDefinition/resource-sort","valueInteger":999999999},{"url":"http://hl7.org/fhir/StructureDefinition/implementationguide-page","valueUri":"StructureDefinition-organozation-owner.html"}],"reference":{"reference":"StructureDefinition/organozation-owner"},"name":"NG-Imm owner of health institution","description":"An extension to define the owner of the health institution","exampleBoolean":false,"groupingId":"-str-extension"},{"extension":[{"url":"http://hl7.org/fhir/tools/StructureDefinition/resource-sort","valueInteger":999999999},{"url":"http://hl7.org/fhir/StructureDefinition/implementationguide-page","valueUri":"ValueSet-nigeria-hiv-status.html"}],"reference":{"reference":"ValueSet/nigeria-hiv-status"},"name":"NG-Imm Client HIV Status VS","description":"Client HIV Status","exampleBoolean":false,"groupingId":"-term-valueset"},{"extension":[{"url":"http://hl7.org/fhir/tools/StructureDefinition/resource-sort","valueInteger":999999999},{"url":"http://hl7.org/fhir/StructureDefinition/implementationguide-page","valueUri":"ValueSet-nigeria-pregnancy-status.html"}],"reference":{"reference":"ValueSet/nigeria-pregnancy-status"},"name":"NG-Imm Client Preganancy Status VS","description":"Client Pregnancy Status","exampleBoolean":false,"groupingId":"-term-valueset"},{"extension":[{"url":"http://hl7.org/fhir/tools/StructureDefinition/resource-sort","valueInteger":999999999},{"url":"http://hl7.org/fhir/StructureDefinition/implementationguide-page","valueUri":"ValueSet-nigeria-clinical-status.html"}],"reference":{"reference":"ValueSet/nigeria-clinical-status"},"name":"NG-Imm Clinical Status VS","description":"The outcome of the reaction","exampleBoolean":false,"groupingId":"-term-valueset"},{"extension":[{"url":"http://hl7.org/fhir/tools/StructureDefinition/resource-sort","valueInteger":999999999},{"url":"http://hl7.org/fhir/StructureDefinition/implementationguide-page","valueUri":"ValueSet-nigeria-gender.html"}],"reference":{"reference":"ValueSet/nigeria-gender"},"name":"NG-Imm Gender or Sex VS","description":"Subset of HL7 administrative-gender limited to 'male' and 'female'.","exampleBoolean":false,"groupingId":"-term-valueset"},{"extension":[{"url":"http://hl7.org/fhir/tools/StructureDefinition/resource-sort","valueInteger":999999999},{"url":"http://hl7.org/fhir/StructureDefinition/implementationguide-page","valueUri":"ValueSet-nigeria-facility-types.html"}],"reference":{"reference":"ValueSet/nigeria-facility-types"},"name":"NG-Imm HealthFacility Type VS","description":"Classification of Nigerian health facilities","exampleBoolean":false,"groupingId":"-term-valueset"},{"extension":[{"url":"http://hl7.org/fhir/tools/StructureDefinition/resource-sort","valueInteger":999999999},{"url":"http://hl7.org/fhir/StructureDefinition/implementationguide-page","valueUri":"ValueSet-nigeria-lgas.html"}],"reference":{"reference":"ValueSet/nigeria-lgas"},"name":"NG-Imm LGAs VS","description":"The administrative Local Government Areas where a person or a facility is.","exampleBoolean":false,"groupingId":"-term-valueset"},{"extension":[{"url":"http://hl7.org/fhir/tools/StructureDefinition/resource-sort","valueInteger":999999999},{"url":"http://hl7.org/fhir/StructureDefinition/implementationguide-page","valueUri":"ValueSet-nigeria-languages.html"}],"reference":{"reference":"ValueSet/nigeria-languages"},"name":"NG-Imm Languages VS","description":"The Patient's preferred language for communication.","exampleBoolean":false,"groupingId":"-term-valueset"},{"extension":[{"url":"http://hl7.org/fhir/tools/StructureDefinition/resource-sort","valueInteger":999999999},{"url":"http://hl7.org/fhir/StructureDefinition/implementationguide-page","valueUri":"ValueSet-nigeria-location-owner.html"}],"reference":{"reference":"ValueSet/nigeria-location-owner"},"name":"NG-Imm Location Owner","description":"The owner of an Immunization location","exampleBoolean":false,"groupingId":"-term-valueset"},{"extension":[{"url":"http://hl7.org/fhir/tools/StructureDefinition/resource-sort","valueInteger":999999999},{"url":"http://hl7.org/fhir/StructureDefinition/implementationguide-page","valueUri":"ValueSet-nigeria-relationship.html"}],"reference":{"reference":"ValueSet/nigeria-relationship"},"name":"NG-Imm Relationships VS","description":"list of persons related to a patient, but who is not a direct target of care.","exampleBoolean":false,"groupingId":"-term-valueset"},{"extension":[{"url":"http://hl7.org/fhir/tools/StructureDefinition/resource-sort","valueInteger":999999999},{"url":"http://hl7.org/fhir/StructureDefinition/implementationguide-page","valueUri":"ValueSet-nigeria-session-type.html"}],"reference":{"reference":"ValueSet/nigeria-session-type"},"name":"NG-Imm Session Type VS","description":"Type of session for immunization. Could be in a fixed facility, outreach or mobile.","exampleBoolean":false,"groupingId":"-term-valueset"},{"extension":[{"url":"http://hl7.org/fhir/tools/StructureDefinition/resource-sort","valueInteger":999999999},{"url":"http://hl7.org/fhir/StructureDefinition/implementationguide-page","valueUri":"ValueSet-nigeria-sibling-health-status.html"}],"reference":{"reference":"ValueSet/nigeria-sibling-health-status"},"name":"NG-Imm Sibling Health Status VS","description":"This CodeSystem defines the health of the client's sibling","exampleBoolean":false,"groupingId":"-term-valueset"},{"extension":[{"url":"http://hl7.org/fhir/tools/StructureDefinition/resource-sort","valueInteger":999999999},{"url":"http://hl7.org/fhir/StructureDefinition/implementationguide-page","valueUri":"ValueSet-nigeria-states.html"}],"reference":{"reference":"ValueSet/nigeria-states"},"name":"NG-Imm States VS","description":"The state where a person or a facility is.","exampleBoolean":false,"groupingId":"-term-valueset"},{"extension":[{"url":"http://hl7.org/fhir/tools/StructureDefinition/resource-sort","valueInteger":999999999},{"url":"http://hl7.org/fhir/StructureDefinition/implementationguide-page","valueUri":"ValueSet-nigeria-vaccine-contraindication.html"}],"reference":{"reference":"ValueSet/nigeria-vaccine-contraindication"},"name":"NG-Imm Vaccine Contraindication VS","description":"A set of standardized codes used to represent clinical conditions, diagnoses, or circumstances that serve as contraindications to the administration of one or more vaccines.","exampleBoolean":false,"groupingId":"-term-valueset"},{"extension":[{"url":"http://hl7.org/fhir/tools/StructureDefinition/resource-sort","valueInteger":999999999},{"url":"http://hl7.org/fhir/StructureDefinition/implementationguide-page","valueUri":"ValueSet-nigeria-vaccine-library.html"}],"reference":{"reference":"ValueSet/nigeria-vaccine-library"},"name":"NG-Imm VaccineLibrary VS","description":"A curated list of vaccines recognized under Nigeria's national immunization program","exampleBoolean":false,"groupingId":"-term-valueset"},{"extension":[{"url":"http://hl7.org/fhir/tools/StructureDefinition/resource-sort","valueInteger":999999999},{"url":"http://hl7.org/fhir/StructureDefinition/implementationguide-page","valueUri":"ValueSet-nigeria-wards.html"}],"reference":{"reference":"ValueSet/nigeria-wards"},"name":"NG-Imm Wards VS","description":"The administrative Ward (within an LGA) where a person or a facility is.","exampleBoolean":false,"groupingId":"-term-valueset"},{"extension":[{"url":"http://hl7.org/fhir/tools/StructureDefinition/resource-sort","valueInteger":999999999},{"url":"http://hl7.org/fhir/StructureDefinition/implementationguide-page","valueUri":"CodeSystem-nigeria-wards.html"}],"reference":{"reference":"CodeSystem/nigeria-wards"},"name":"NG-Imm Administrative Wards CS","description":"This CodeSystem defines ward codes and names mapped to their respective Local Government Areas (LGAs) in Nigeria.","exampleBoolean":false,"groupingId":"-term-codesystem"},{"extension":[{"url":"http://hl7.org/fhir/tools/StructureDefinition/resource-sort","valueInteger":999999999},{"url":"http://hl7.org/fhir/StructureDefinition/implementationguide-page","valueUri":"CodeSystem-nigeria-clinical-status.html"}],"reference":{"reference":"CodeSystem/nigeria-clinical-status"},"name":"NG-Imm Adverse Event Clinical Status CS","description":"A classification system that represents the current clinical status of an individual who experienced an Adverse Event Following Immunization (AEFI), based on medical observation, investigation, or follow-up assessment.","exampleBoolean":false,"groupingId":"-term-codesystem"},{"extension":[{"url":"http://hl7.org/fhir/tools/StructureDefinition/resource-sort","valueInteger":999999999},{"url":"http://hl7.org/fhir/StructureDefinition/implementationguide-page","valueUri":"CodeSystem-nigeria-hiv-status.html"}],"reference":{"reference":"CodeSystem/nigeria-hiv-status"},"name":"NG-Imm Client HIV status CS","description":"This CodeSystem defines list of options for HIV status of a Client","exampleBoolean":false,"groupingId":"-term-codesystem"},{"extension":[{"url":"http://hl7.org/fhir/tools/StructureDefinition/resource-sort","valueInteger":999999999},{"url":"http://hl7.org/fhir/StructureDefinition/implementationguide-page","valueUri":"CodeSystem-nigeria-pregnancy-status.html"}],"reference":{"reference":"CodeSystem/nigeria-pregnancy-status"},"name":"NG-Imm Client Pregnancy status CS","description":"This CodeSystem defines list of options for Pregnancy status of a Client","exampleBoolean":false,"groupingId":"-term-codesystem"},{"extension":[{"url":"http://hl7.org/fhir/tools/StructureDefinition/resource-sort","valueInteger":999999999},{"url":"http://hl7.org/fhir/StructureDefinition/implementationguide-page","valueUri":"CodeSystem-nigeria-facility-type.html"}],"reference":{"reference":"CodeSystem/nigeria-facility-type"},"name":"NG-Imm Facility Type CS","description":"A standardized classification system used to describe the type or level of health facility within a healthcare delivery system, based on the scope of services provided, staffing, infrastructure, and administrative role.","exampleBoolean":false,"groupingId":"-term-codesystem"},{"extension":[{"url":"http://hl7.org/fhir/tools/StructureDefinition/resource-sort","valueInteger":999999999},{"url":"http://hl7.org/fhir/StructureDefinition/implementationguide-page","valueUri":"CodeSystem-nigeria-gender.html"}],"reference":{"reference":"CodeSystem/nigeria-gender"},"name":"NG-Imm Gender CS","description":"The administrative gender of a person.","exampleBoolean":false,"groupingId":"-term-codesystem"},{"extension":[{"url":"http://hl7.org/fhir/tools/StructureDefinition/resource-sort","valueInteger":999999999},{"url":"http://hl7.org/fhir/StructureDefinition/implementationguide-page","valueUri":"CodeSystem-nigeria-immunization-session-type.html"}],"reference":{"reference":"CodeSystem/nigeria-immunization-session-type"},"name":"NG-Imm Immunization Session types CS","description":"Type of session for immunization. Could be in a fixed facility, outreach or mobile.","exampleBoolean":false,"groupingId":"-term-codesystem"},{"extension":[{"url":"http://hl7.org/fhir/tools/StructureDefinition/resource-sort","valueInteger":999999999},{"url":"http://hl7.org/fhir/StructureDefinition/implementationguide-page","valueUri":"CodeSystem-nigeria-lgas.html"}],"reference":{"reference":"CodeSystem/nigeria-lgas"},"name":"NG-Imm LGAs in Nigeria CS","description":"This CodeSystem defines LGA codes and names mapped to their respective States in Nigeria.","exampleBoolean":false,"groupingId":"-term-codesystem"},{"extension":[{"url":"http://hl7.org/fhir/tools/StructureDefinition/resource-sort","valueInteger":999999999},{"url":"http://hl7.org/fhir/StructureDefinition/implementationguide-page","valueUri":"CodeSystem-nigeria-location-owner-cs.html"}],"reference":{"reference":"CodeSystem/nigeria-location-owner-cs"},"name":"NG-Imm Location Owner CS","description":"This CodeSystem defines Immunization Location Owner.","exampleBoolean":false,"groupingId":"-term-codesystem"},{"extension":[{"url":"http://hl7.org/fhir/tools/StructureDefinition/resource-sort","valueInteger":999999999},{"url":"http://hl7.org/fhir/StructureDefinition/implementationguide-page","valueUri":"CodeSystem-nigeria-relationship.html"}],"reference":{"reference":"CodeSystem/nigeria-relationship"},"name":"NG-Imm Relationships CS","description":"This CodeSystem defines list of persons related to a patient, but who is not a direct target of care","exampleBoolean":false,"groupingId":"-term-codesystem"},{"extension":[{"url":"http://hl7.org/fhir/tools/StructureDefinition/resource-sort","valueInteger":999999999},{"url":"http://hl7.org/fhir/StructureDefinition/implementationguide-page","valueUri":"CodeSystem-nigeria-sibling-health-status.html"}],"reference":{"reference":"CodeSystem/nigeria-sibling-health-status"},"name":"NG-Imm Sibling Health Status CS","description":"This CodeSystem defines the health of the client's sibling","exampleBoolean":false,"groupingId":"-term-codesystem"},{"extension":[{"url":"http://hl7.org/fhir/tools/StructureDefinition/resource-sort","valueInteger":999999999},{"url":"http://hl7.org/fhir/StructureDefinition/implementationguide-page","valueUri":"CodeSystem-nigeria-states.html"}],"reference":{"reference":"CodeSystem/nigeria-states"},"name":"NG-Imm States in Nigeria CS","description":"This CodeSystem defines ward codes and names mapped to their respective States in Nigeria.","exampleBoolean":false,"groupingId":"-term-codesystem"},{"extension":[{"url":"http://hl7.org/fhir/tools/StructureDefinition/resource-sort","valueInteger":999999999},{"url":"http://hl7.org/fhir/StructureDefinition/implementationguide-page","valueUri":"CodeSystem-NGStockReportCS.html"}],"reference":{"reference":"CodeSystem/NGStockReportCS"},"name":"NG-Imm Stock Management Data Elements CS","description":"CodeSystem for Stock Management Data Elements","exampleBoolean":false,"groupingId":"-term-codesystem"},{"extension":[{"url":"http://hl7.org/fhir/tools/StructureDefinition/resource-sort","valueInteger":999999999},{"url":"http://hl7.org/fhir/StructureDefinition/implementationguide-page","valueUri":"CodeSystem-nigeria-vaccine-library.html"}],"reference":{"reference":"CodeSystem/nigeria-vaccine-library"},"name":"NG-Imm Vaccine Library with SNOMED CT codes","description":"CodeSystem for IMMZ.Z Vaccine Library Data Elements supported by this IG using SNOMED CT codes","exampleBoolean":false,"groupingId":"-term-codesystem"},{"extension":[{"url":"http://hl7.org/fhir/tools/StructureDefinition/resource-sort","valueInteger":999999999},{"url":"http://hl7.org/fhir/StructureDefinition/implementationguide-page","valueUri":"CodeSystem-nigeria-immunization-contraindication.html"}],"reference":{"reference":"CodeSystem/nigeria-immunization-contraindication"},"name":"NG-Imm Vaccine contraindications CS","description":"A set of standardized codes used to represent clinical conditions, diagnoses, or circumstances that serve as contraindications to the administration of one or more vaccines.","exampleBoolean":false,"groupingId":"-term-codesystem"},{"extension":[{"url":"http://hl7.org/fhir/tools/StructureDefinition/resource-sort","valueInteger":999999999},{"url":"http://hl7.org/fhir/StructureDefinition/implementationguide-page","valueUri":"CodeSystem-nigeria-languages.html"}],"reference":{"reference":"CodeSystem/nigeria-languages"},"name":"NG‑Imm Languages in Nigeria CS","description":"This CodeSystem defines codes for major languages spoken across Nigeria.","exampleBoolean":false,"groupingId":"-term-codesystem"},{"extension":[{"url":"http://hl7.org/fhir/tools/StructureDefinition/resource-sort","valueInteger":999999999},{"url":"http://hl7.org/fhir/StructureDefinition/implementationguide-page","valueUri":"StructureMap-adminvaccine-to-immunization.html"}],"reference":{"reference":"StructureMap/adminvaccine-to-immunization"},"name":"StructureMap: AdministerVaccine to FHIR Resources","description":"Map logical AdministerVaccine to NgImmImmunization, NgImmLocation, NgImmPractitioner, and NgImmEncounter profiles","exampleBoolean":false,"groupingId":"-map-structuremap"},{"extension":[{"url":"http://hl7.org/fhir/tools/StructureDefinition/resource-sort","valueInteger":999999999},{"url":"http://hl7.org/fhir/StructureDefinition/implementationguide-page","valueUri":"StructureMap-defaultertracking-to-immunization.html"}],"reference":{"reference":"StructureMap/defaultertracking-to-immunization"},"name":"StructureMap: DefaulterTracking to Immunization and related profiles","description":"Map logical DefaulterTracking model to NgImmImmunization, NgImmPatient, NgImmEncounter, and NgImmPractitioner profiles","exampleBoolean":false,"groupingId":"-map-structuremap"},{"extension":[{"url":"http://hl7.org/fhir/tools/StructureDefinition/resource-sort","valueInteger":999999999},{"url":"http://hl7.org/fhir/StructureDefinition/implementationguide-page","valueUri":"StructureMap-manageaefi-to-ngimm-aefi-profiles.html"}],"reference":{"reference":"StructureMap/manageaefi-to-ngimm-aefi-profiles"},"name":"StructureMap: ManageAEFI to AllergyIntolerance, Encounter, Practitioner, and Patient","description":"Maps ManageAEFI logical model to NgImmAllergyIntolerance, NgImmEncounter, NgImmPractitioner, and NgImmPatient profiles","exampleBoolean":false,"groupingId":"-map-structuremap"},{"extension":[{"url":"http://hl7.org/fhir/tools/StructureDefinition/resource-sort","valueInteger":999999999},{"url":"http://hl7.org/fhir/StructureDefinition/implementationguide-page","valueUri":"StructureMap-registerclientmodel-to-ngimmpatient.html"}],"reference":{"reference":"StructureMap/registerclientmodel-to-ngimmpatient"},"name":"StructureMap: RegisterClientModel to NgImmPatient","description":"Map logical RegisterClientModel to NgImmPatient profile","exampleBoolean":false,"groupingId":"-map-structuremap"},{"extension":[{"url":"http://hl7.org/fhir/tools/StructureDefinition/resource-sort","valueInteger":999999999},{"url":"http://hl7.org/fhir/StructureDefinition/implementationguide-page","valueUri":"StructureMap-registerfacilitymodel-to-ngimmorganization-location.html"}],"reference":{"reference":"StructureMap/registerfacilitymodel-to-ngimmorganization-location"},"name":"StructureMap: RegisterFacilityModel to NgImmOrganization and NgImmLocation","description":"Map logical RegisterFacilityModel to NgImmOrganization and NgImmLocation profiles","exampleBoolean":false,"groupingId":"-map-structuremap"},{"extension":[{"url":"http://hl7.org/fhir/tools/StructureDefinition/resource-sort","valueInteger":999999999},{"url":"http://hl7.org/fhir/StructureDefinition/implementationguide-page","valueUri":"StructureMap-reportgeneration-to-measurereport.html"}],"reference":{"reference":"StructureMap/reportgeneration-to-measurereport"},"name":"StructureMap: ReportGeneration to MeasureReport and Related Profiles","description":"Map ReportGeneration logical model to NgImmMeasureReport, NgImmMeasure, and NgImmPractitioner","exampleBoolean":false,"groupingId":"-map-structuremap"},{"extension":[{"url":"http://hl7.org/fhir/tools/StructureDefinition/resource-sort","valueInteger":999999999},{"url":"http://hl7.org/fhir/tools/StructureDefinition/implementationguide-resource-format","valueCode":"application/fhir+json"},{"url":"http://hl7.org/fhir/StructureDefinition/implementationguide-page","valueUri":"Binary-AEFI-Case-Report-202503.html"}],"reference":{"reference":"Binary/AEFI-Case-Report-202503"},"name":"NG-Imm Example AEFI case report","description":"An example case of Adverse Event Following Immunization Report","exampleCanonical":"https://nphcda.gov.ng/immunizationIG/StructureDefinition/IMMZGGenerateReport","groupingId":"-ex-example"},{"extension":[{"url":"http://hl7.org/fhir/tools/StructureDefinition/resource-sort","valueInteger":999999999},{"url":"http://hl7.org/fhir/StructureDefinition/implementationguide-page","valueUri":"AllergyIntolerance-FullExampleNgAllergyIntolerance.html"}],"reference":{"reference":"AllergyIntolerance/FullExampleNgAllergyIntolerance"},"name":"NG-Imm Example AllergyIntolerance","description":"A fictional example of a an allergy resulting from Immunization.","exampleCanonical":"https://nphcda.gov.ng/immunizationIG/StructureDefinition/allergy-intolerance-profile","groupingId":"-ex-example"},{"extension":[{"url":"http://hl7.org/fhir/tools/StructureDefinition/resource-sort","valueInteger":999999999},{"url":"http://hl7.org/fhir/StructureDefinition/implementationguide-page","valueUri":"Immunization-ExampleNgImmImmunizationCompleted.html"}],"reference":{"reference":"Immunization/ExampleNgImmImmunizationCompleted"},"name":"NG-Imm Example BCG Immunization","description":"An example of a completed BCG immunization event","exampleCanonical":"https://nphcda.gov.ng/immunizationIG/StructureDefinition/NgImmImmunization","groupingId":"-ex-example"},{"extension":[{"url":"http://hl7.org/fhir/tools/StructureDefinition/resource-sort","valueInteger":999999999},{"url":"http://hl7.org/fhir/StructureDefinition/implementationguide-page","valueUri":"Patient-FullExampleNgImmPatient.html"}],"reference":{"reference":"Patient/FullExampleNgImmPatient"},"name":"NG-Imm Example Full Immunization Patient","description":"A Nigeria Immunization Patient instance with all required and optional fields populated","exampleCanonical":"https://nphcda.gov.ng/immunizationIG/StructureDefinition/NgImmPatient","groupingId":"-ex-example"},{"extension":[{"url":"http://hl7.org/fhir/tools/StructureDefinition/resource-sort","valueInteger":999999999},{"url":"http://hl7.org/fhir/StructureDefinition/implementationguide-page","valueUri":"MeasureReport-ExampleNgImmMeasureReport.html"}],"reference":{"reference":"MeasureReport/ExampleNgImmMeasureReport"},"name":"NG-Imm Example MeasureReport Monthly Immunization Coverage","description":"An example of a summary MeasureReport generated for BCG coverage at a facility","exampleCanonical":"https://nphcda.gov.ng/immunizationIG/StructureDefinition/measure-report-profile","groupingId":"-ex-example"},{"extension":[{"url":"http://hl7.org/fhir/tools/StructureDefinition/resource-sort","valueInteger":999999999},{"url":"http://hl7.org/fhir/StructureDefinition/implementationguide-page","valueUri":"Organization-NgImmExampleOrganization.html"}],"reference":{"reference":"Organization/NgImmExampleOrganization"},"name":"NG-Imm Example Organization","description":"Represents a health facility in Kogi State providing immunization services for use in Bundle","exampleCanonical":"https://nphcda.gov.ng/immunizationIG/StructureDefinition/ng-imm-organization","groupingId":"-ex-example"},{"extension":[{"url":"http://hl7.org/fhir/tools/StructureDefinition/resource-sort","valueInteger":999999999},{"url":"http://hl7.org/fhir/StructureDefinition/implementationguide-page","valueUri":"Organization-organization-example.html"}],"reference":{"reference":"Organization/organization-example"},"name":"NG-Imm Example Organization","description":"A fictional example of a typical organization.","exampleCanonical":"https://nphcda.gov.ng/immunizationIG/StructureDefinition/ng-imm-organization","groupingId":"-ex-example"},{"extension":[{"url":"http://hl7.org/fhir/tools/StructureDefinition/resource-sort","valueInteger":999999999},{"url":"http://hl7.org/fhir/StructureDefinition/implementationguide-page","valueUri":"Patient-ExampleNgImmPatient.html"}],"reference":{"reference":"Patient/ExampleNgImmPatient"},"name":"NG-Imm Example Patient","description":"A sample patient conforming to the Nigeria Immunization Patient profile","exampleCanonical":"https://nphcda.gov.ng/immunizationIG/StructureDefinition/NgImmPatient","groupingId":"-ex-example"},{"extension":[{"url":"http://hl7.org/fhir/tools/StructureDefinition/resource-sort","valueInteger":999999999},{"url":"http://hl7.org/fhir/StructureDefinition/implementationguide-page","valueUri":"Patient-ExampleNgPatientAdminWard.html"}],"reference":{"reference":"Patient/ExampleNgPatientAdminWard"},"name":"NG-Imm Example Patient with Ward data","description":"A fictional example of a patient with information on administrative ward","exampleCanonical":"https://nphcda.gov.ng/immunizationIG/StructureDefinition/NgImmPatient","groupingId":"-ex-example"},{"extension":[{"url":"http://hl7.org/fhir/tools/StructureDefinition/resource-sort","valueInteger":999999999},{"url":"http://hl7.org/fhir/StructureDefinition/implementationguide-page","valueUri":"Practitioner-ng-practitioner-example.html"}],"reference":{"reference":"Practitioner/ng-practitioner-example"},"name":"NG-Imm Example Practitioner","description":"An example of a Nigerian Routine Immunization Officer","exampleCanonical":"https://nphcda.gov.ng/immunizationIG/StructureDefinition/NgImmPractitioner","groupingId":"-ex-example"},{"extension":[{"url":"http://hl7.org/fhir/tools/StructureDefinition/resource-sort","valueInteger":999999999},{"url":"http://hl7.org/fhir/StructureDefinition/implementationguide-page","valueUri":"RelatedPerson-Sister2.html"}],"reference":{"reference":"RelatedPerson/Sister2"},"name":"NG-Imm Example Sibling","description":"An example of a mother's other child as a RelatedPerson resource.","exampleCanonical":"https://nphcda.gov.ng/immunizationIG/StructureDefinition/mother-other-children","groupingId":"-ex-example"},{"extension":[{"url":"http://hl7.org/fhir/tools/StructureDefinition/resource-sort","valueInteger":999999999},{"url":"http://hl7.org/fhir/StructureDefinition/implementationguide-page","valueUri":"RelatedPerson-Child1.html"}],"reference":{"reference":"RelatedPerson/Child1"},"name":"NG-Imm Example Sibling - Mother's Other Child","description":"An example of a mother's other child as a RelatedPerson resource.","exampleCanonical":"https://nphcda.gov.ng/immunizationIG/StructureDefinition/mother-other-children","groupingId":"-ex-example"},{"extension":[{"url":"http://hl7.org/fhir/tools/StructureDefinition/resource-sort","valueInteger":999999999},{"url":"http://hl7.org/fhir/tools/StructureDefinition/implementationguide-resource-format","valueCode":"application/fhir+json"},{"url":"http://hl7.org/fhir/StructureDefinition/implementationguide-page","valueUri":"Binary-Vaccine-Stock-Report-202503.html"}],"reference":{"reference":"Binary/Vaccine-Stock-Report-202503"},"name":"NG-Imm Example Stock report","description":"An example Stock management report","exampleCanonical":"https://nphcda.gov.ng/immunizationIG/StructureDefinition/IMMZGGenerateReport","groupingId":"-ex-example"},{"extension":[{"url":"http://hl7.org/fhir/tools/StructureDefinition/resource-sort","valueInteger":999999999},{"url":"http://hl7.org/fhir/tools/StructureDefinition/implementationguide-resource-format","valueCode":"application/fhir+json"},{"url":"http://hl7.org/fhir/StructureDefinition/implementationguide-page","valueUri":"Binary-RoutineImmunizationReport.html"}],"reference":{"reference":"Binary/RoutineImmunizationReport"},"name":"NG-Imm Routine Immunization Report - Facility A","description":"A routine monthly immunization report summarizing vaccine stock and usage for Facility A.","exampleCanonical":"https://nphcda.gov.ng/immunizationIG/StructureDefinition/IMMZGGenerateReport","groupingId":"-ex-example"},{"extension":[{"url":"http://hl7.org/fhir/tools/StructureDefinition/resource-sort","valueInteger":999999999},{"url":"http://hl7.org/fhir/StructureDefinition/implementationguide-page","valueUri":"Immunization-ExampleNgImmImmunizationNotDone.html"}],"reference":{"reference":"Immunization/ExampleNgImmImmunizationNotDone"},"name":"NG-Imm Scheduled Pentavalent Immunization Not Done Due to Fever","description":"An example where immunization was not done due to contraindication (fever)","exampleCanonical":"https://nphcda.gov.ng/immunizationIG/StructureDefinition/NgImmImmunization","groupingId":"-ex-example"},{"extension":[{"url":"http://hl7.org/fhir/tools/StructureDefinition/resource-sort","valueInteger":999999999},{"url":"http://hl7.org/fhir/StructureDefinition/implementationguide-page","valueUri":"AllergyIntolerance-NgImmExampleAllergyIntolerance.html"}],"reference":{"reference":"AllergyIntolerance/NgImmExampleAllergyIntolerance"},"name":"NGImm Example AllergyIntolerance","description":"Example allergy or intolerance record using use in Bundle example AllergyIntolerance profile","exampleCanonical":"https://nphcda.gov.ng/immunizationIG/StructureDefinition/allergy-intolerance-profile","groupingId":"-ex-example"},{"extension":[{"url":"http://hl7.org/fhir/tools/StructureDefinition/resource-sort","valueInteger":999999999},{"url":"http://hl7.org/fhir/StructureDefinition/implementationguide-page","valueUri":"Bundle-NgImmExampleBundle.html"}],"reference":{"reference":"Bundle/NgImmExampleBundle"},"name":"NGImm Example Immunization Bundle","description":"Example bundle containing Patient, Immunization, AllergyIntolerance, RelatedPerson, and Organization with request, response, and search metadata.","exampleCanonical":"https://nphcda.gov.ng/immunizationIG/StructureDefinition/NgImmBundle","groupingId":"-ex-example"},{"extension":[{"url":"http://hl7.org/fhir/tools/StructureDefinition/resource-sort","valueInteger":999999999},{"url":"http://hl7.org/fhir/StructureDefinition/implementationguide-page","valueUri":"Immunization-NgImmExampleImmunization.html"}],"reference":{"reference":"Immunization/NgImmExampleImmunization"},"name":"NGImm Example Immunization Record","description":"Example Immunization record using NG-Imm Immunization profile with 90% data populated","exampleCanonical":"https://nphcda.gov.ng/immunizationIG/StructureDefinition/NgImmImmunization","groupingId":"-ex-example"},{"extension":[{"url":"http://hl7.org/fhir/tools/StructureDefinition/resource-sort","valueInteger":999999999},{"url":"http://hl7.org/fhir/StructureDefinition/implementationguide-page","valueUri":"Location-location-example.html"}],"reference":{"reference":"Location/location-example"},"name":"NGImm Example Location","description":"An example immunization service location.","exampleCanonical":"https://nphcda.gov.ng/immunizationIG/StructureDefinition/nigeria-location","groupingId":"-ex-example"},{"extension":[{"url":"http://hl7.org/fhir/tools/StructureDefinition/resource-sort","valueInteger":999999999},{"url":"http://hl7.org/fhir/StructureDefinition/implementationguide-page","valueUri":"Patient-NgImmExamplePatient.html"}],"reference":{"reference":"Patient/NgImmExamplePatient"},"name":"NGImm Example Patient used in Bundle","description":"Sample patient for use with Bunlde and resident in Kogi State","exampleCanonical":"https://nphcda.gov.ng/immunizationIG/StructureDefinition/NgImmPatient","groupingId":"-ex-example"},{"extension":[{"url":"http://hl7.org/fhir/tools/StructureDefinition/resource-sort","valueInteger":999999999},{"url":"http://hl7.org/fhir/StructureDefinition/implementationguide-page","valueUri":"RelatedPerson-NgImmExampleSiblingRelatedPerson.html"}],"reference":{"reference":"RelatedPerson/NgImmExampleSiblingRelatedPerson"},"name":"NGImm Example Sibling used in bundle","description":"Represents a sibling (mother's other child) related to the immunization client for use in Bundle","exampleCanonical":"https://nphcda.gov.ng/immunizationIG/StructureDefinition/mother-other-children","groupingId":"-ex-example"}],"page":{"extension":[{"url":"http://hl7.org/fhir/tools/StructureDefinition/ig-page-name","valueUrl":"toc.html"}],"nameUrl":"toc.html","title":"Table of Contents","generation":"html","page":[{"extension":[{"url":"http://hl7.org/fhir/tools/StructureDefinition/ig-page-name","valueUrl":"index.html"}],"nameUrl":"index.html","title":"Home","generation":"markdown"},{"extension":[{"url":"http://hl7.org/fhir/tools/StructureDefinition/ig-page-name","valueUrl":"business-requirements.html"}],"nameUrl":"business-requirements.html","title":"Business Requirements (DAKs)-(L2)","generation":"markdown"},{"extension":[{"url":"http://hl7.org/fhir/tools/StructureDefinition/ig-page-name","valueUrl":"generic-personas.html"}],"nameUrl":"generic-personas.html","title":"Generic Personas","generation":"markdown"},{"extension":[{"url":"http://hl7.org/fhir/tools/StructureDefinition/ig-page-name","valueUrl":"user-scenarios.html"}],"nameUrl":"user-scenarios.html","title":"User Scenarios","generation":"markdown"},{"extension":[{"url":"http://hl7.org/fhir/tools/StructureDefinition/ig-page-name","valueUrl":"business-processes.html"}],"nameUrl":"business-processes.html","title":"Business Processes","generation":"markdown"},{"extension":[{"url":"http://hl7.org/fhir/tools/StructureDefinition/ig-page-name","valueUrl":"decision-support-logic.html"}],"nameUrl":"decision-support-logic.html","title":"Decision Support Logic [TO BE TESTED and REFINED]","generation":"markdown"},{"extension":[{"url":"http://hl7.org/fhir/tools/StructureDefinition/ig-page-name","valueUrl":"functional-requirements.html"}],"nameUrl":"functional-requirements.html","title":"Functional Requirements","generation":"markdown"},{"extension":[{"url":"http://hl7.org/fhir/tools/StructureDefinition/ig-page-name","valueUrl":"non-functional-requirements.html"}],"nameUrl":"non-functional-requirements.html","title":"Non-Functional Requirements","generation":"markdown"},{"extension":[{"url":"http://hl7.org/fhir/tools/StructureDefinition/ig-page-name","valueUrl":"search-operation.html"}],"nameUrl":"search-operation.html","title":"Search and Operation","generation":"markdown"},{"extension":[{"url":"http://hl7.org/fhir/tools/StructureDefinition/ig-page-name","valueUrl":"privacy-security.html"}],"nameUrl":"privacy-security.html","title":"Privacy and Security Considerations","generation":"markdown"},{"extension":[{"url":"http://hl7.org/fhir/tools/StructureDefinition/ig-page-name","valueUrl":"artifacts.html"}],"nameUrl":"artifacts.html","title":"Artifacts Summary","generation":"html","page":[{"extension":[{"url":"http://hl7.org/fhir/tools/StructureDefinition/ig-page-name","valueUrl":"CapabilityStatement-NgImmCapabilityStatementClient.html"}],"nameUrl":"CapabilityStatement-NgImmCapabilityStatementClient.html","title":"NG-Imm Client CapabilityStatement","generation":"generated"},{"extension":[{"url":"http://hl7.org/fhir/tools/StructureDefinition/ig-page-name","valueUrl":"CapabilityStatement-NgImmCapabilityStatementServer.html"}],"nameUrl":"CapabilityStatement-NgImmCapabilityStatementServer.html","title":"NG-Imm Server CapabilityStatement","generation":"generated"},{"extension":[{"url":"http://hl7.org/fhir/tools/StructureDefinition/ig-page-name","valueUrl":"StructureDefinition-register-facility-model.html"}],"nameUrl":"StructureDefinition-register-facility-model.html","title":"NG-Imm-A RegisterFacility","generation":"generated"},{"extension":[{"url":"http://hl7.org/fhir/tools/StructureDefinition/ig-page-name","valueUrl":"StructureDefinition-register-client-model.html"}],"nameUrl":"StructureDefinition-register-client-model.html","title":"NG-Imm-C5 RegisterClient","generation":"generated"},{"extension":[{"url":"http://hl7.org/fhir/tools/StructureDefinition/ig-page-name","valueUrl":"StructureDefinition-UpdateClientHistory.html"}],"nameUrl":"StructureDefinition-UpdateClientHistory.html","title":"NG-Imm-C6 UpdateClientHistory","generation":"generated"},{"extension":[{"url":"http://hl7.org/fhir/tools/StructureDefinition/ig-page-name","valueUrl":"StructureDefinition-AdministerVaccine.html"}],"nameUrl":"StructureDefinition-AdministerVaccine.html","title":"NG-Imm-D AdministerVaccine","generation":"generated"},{"extension":[{"url":"http://hl7.org/fhir/tools/StructureDefinition/ig-page-name","valueUrl":"StructureDefinition-manage-aefi.html"}],"nameUrl":"StructureDefinition-manage-aefi.html","title":"NG-Imm-E Manage & ReportAEFI","generation":"generated"},{"extension":[{"url":"http://hl7.org/fhir/tools/StructureDefinition/ig-page-name","valueUrl":"StructureDefinition-DefaulterTracking.html"}],"nameUrl":"StructureDefinition-DefaulterTracking.html","title":"NG-Imm-G DefaulterTracking","generation":"generated"},{"extension":[{"url":"http://hl7.org/fhir/tools/StructureDefinition/ig-page-name","valueUrl":"StructureDefinition-IMMZGGenerateReport.html"}],"nameUrl":"StructureDefinition-IMMZGGenerateReport.html","title":"NG-Imm-H GenerateReport","generation":"generated"},{"extension":[{"url":"http://hl7.org/fhir/tools/StructureDefinition/ig-page-name","valueUrl":"StructureDefinition-allergy-intolerance-profile.html"}],"nameUrl":"StructureDefinition-allergy-intolerance-profile.html","title":"NG-Imm AllergyIntolerance","generation":"generated"},{"extension":[{"url":"http://hl7.org/fhir/tools/StructureDefinition/ig-page-name","valueUrl":"StructureDefinition-ng-imm-encounter.html"}],"nameUrl":"StructureDefinition-ng-imm-encounter.html","title":"NG-Imm Encounter","generation":"generated"},{"extension":[{"url":"http://hl7.org/fhir/tools/StructureDefinition/ig-page-name","valueUrl":"StructureDefinition-NgImmImmunization.html"}],"nameUrl":"StructureDefinition-NgImmImmunization.html","title":"NG-Imm Immunization","generation":"generated"},{"extension":[{"url":"http://hl7.org/fhir/tools/StructureDefinition/ig-page-name","valueUrl":"StructureDefinition-nigeria-location.html"}],"nameUrl":"StructureDefinition-nigeria-location.html","title":"NG-Imm Location","generation":"generated"},{"extension":[{"url":"http://hl7.org/fhir/tools/StructureDefinition/ig-page-name","valueUrl":"StructureDefinition-ngimm-measure.html"}],"nameUrl":"StructureDefinition-ngimm-measure.html","title":"NG-Imm Measure","generation":"generated"},{"extension":[{"url":"http://hl7.org/fhir/tools/StructureDefinition/ig-page-name","valueUrl":"StructureDefinition-measure-report-profile.html"}],"nameUrl":"StructureDefinition-measure-report-profile.html","title":"NG-Imm MeasureReport","generation":"generated"},{"extension":[{"url":"http://hl7.org/fhir/tools/StructureDefinition/ig-page-name","valueUrl":"StructureDefinition-ng-imm-organization.html"}],"nameUrl":"StructureDefinition-ng-imm-organization.html","title":"NG-Imm Organization","generation":"generated"},{"extension":[{"url":"http://hl7.org/fhir/tools/StructureDefinition/ig-page-name","valueUrl":"StructureDefinition-NgImmPatient.html"}],"nameUrl":"StructureDefinition-NgImmPatient.html","title":"NG-Imm Patient","generation":"generated"},{"extension":[{"url":"http://hl7.org/fhir/tools/StructureDefinition/ig-page-name","valueUrl":"StructureDefinition-NgImmPractitioner.html"}],"nameUrl":"StructureDefinition-NgImmPractitioner.html","title":"NG-Imm Practitioner","generation":"generated"},{"extension":[{"url":"http://hl7.org/fhir/tools/StructureDefinition/ig-page-name","valueUrl":"StructureDefinition-mother-other-children.html"}],"nameUrl":"StructureDefinition-mother-other-children.html","title":"NG-Imm RelatedPerson","generation":"generated"},{"extension":[{"url":"http://hl7.org/fhir/tools/StructureDefinition/ig-page-name","valueUrl":"StructureDefinition-NgImmBundle.html"}],"nameUrl":"StructureDefinition-NgImmBundle.html","title":"Nigeria Immunization Bundle","generation":"generated"},{"extension":[{"url":"http://hl7.org/fhir/tools/StructureDefinition/ig-page-name","valueUrl":"StructureDefinition-nigeria-administrative-ward.html"}],"nameUrl":"StructureDefinition-nigeria-administrative-ward.html","title":"NG-Imm Administrative Wards ","generation":"generated"},{"extension":[{"url":"http://hl7.org/fhir/tools/StructureDefinition/ig-page-name","valueUrl":"StructureDefinition-allergy-reference-dose-number.html"}],"nameUrl":"StructureDefinition-allergy-reference-dose-number.html","title":"NG-Imm Allergy Dose Number","generation":"generated"},{"extension":[{"url":"http://hl7.org/fhir/tools/StructureDefinition/ig-page-name","valueUrl":"StructureDefinition-age-in-months.html"}],"nameUrl":"StructureDefinition-age-in-months.html","title":"NG-Imm Client Age in Months","generation":"generated"},{"extension":[{"url":"http://hl7.org/fhir/tools/StructureDefinition/ig-page-name","valueUrl":"StructureDefinition-age-in-weeks.html"}],"nameUrl":"StructureDefinition-age-in-weeks.html","title":"NG-Imm Client Age in Weeks","generation":"generated"},{"extension":[{"url":"http://hl7.org/fhir/tools/StructureDefinition/ig-page-name","valueUrl":"StructureDefinition-age-in-years.html"}],"nameUrl":"StructureDefinition-age-in-years.html","title":"NG-Imm Client Age in Years","generation":"generated"},{"extension":[{"url":"http://hl7.org/fhir/tools/StructureDefinition/ig-page-name","valueUrl":"StructureDefinition-hiv-status.html"}],"nameUrl":"StructureDefinition-hiv-status.html","title":"NG-Imm Client's HIV status","generation":"generated"},{"extension":[{"url":"http://hl7.org/fhir/tools/StructureDefinition/ig-page-name","valueUrl":"StructureDefinition-pregnancy-status.html"}],"nameUrl":"StructureDefinition-pregnancy-status.html","title":"NG-Imm Client's Pregnancy status","generation":"generated"},{"extension":[{"url":"http://hl7.org/fhir/tools/StructureDefinition/ig-page-name","valueUrl":"StructureDefinition-signature.html"}],"nameUrl":"StructureDefinition-signature.html","title":"NG-Imm Digital Signature","generation":"generated"},{"extension":[{"url":"http://hl7.org/fhir/tools/StructureDefinition/ig-page-name","valueUrl":"StructureDefinition-allergy-reference-dose-series.html"}],"nameUrl":"StructureDefinition-allergy-reference-dose-series.html","title":"NG-Imm Dose Series","generation":"generated"},{"extension":[{"url":"http://hl7.org/fhir/tools/StructureDefinition/ig-page-name","valueUrl":"StructureDefinition-contraindicated.html"}],"nameUrl":"StructureDefinition-contraindicated.html","title":"NG-Imm Immunization Contraindicated","generation":"generated"},{"extension":[{"url":"http://hl7.org/fhir/tools/StructureDefinition/ig-page-name","valueUrl":"StructureDefinition-next-dose-date.html"}],"nameUrl":"StructureDefinition-next-dose-date.html","title":"NG-Imm Next Dose Date","generation":"generated"},{"extension":[{"url":"http://hl7.org/fhir/tools/StructureDefinition/ig-page-name","valueUrl":"StructureDefinition-organozation-owner.html"}],"nameUrl":"StructureDefinition-organozation-owner.html","title":"NG-Imm owner of health institution","generation":"generated"},{"extension":[{"url":"http://hl7.org/fhir/tools/StructureDefinition/ig-page-name","valueUrl":"StructureDefinition-session-type.html"}],"nameUrl":"StructureDefinition-session-type.html","title":"NG-Imm Session Type","generation":"generated"},{"extension":[{"url":"http://hl7.org/fhir/tools/StructureDefinition/ig-page-name","valueUrl":"StructureDefinition-sibling-health-status.html"}],"nameUrl":"StructureDefinition-sibling-health-status.html","title":"NG-Imm Sibling's health status","generation":"generated"},{"extension":[{"url":"http://hl7.org/fhir/tools/StructureDefinition/ig-page-name","valueUrl":"StructureDefinition-contraindications.html"}],"nameUrl":"StructureDefinition-contraindications.html","title":"NG-Imm Vaccine Contraindications","generation":"generated"},{"extension":[{"url":"http://hl7.org/fhir/tools/StructureDefinition/ig-page-name","valueUrl":"StructureDefinition-birth-weight.html"}],"nameUrl":"StructureDefinition-birth-weight.html","title":"NG-Imm Weight at birth","generation":"generated"},{"extension":[{"url":"http://hl7.org/fhir/tools/StructureDefinition/ig-page-name","valueUrl":"ValueSet-nigeria-hiv-status.html"}],"nameUrl":"ValueSet-nigeria-hiv-status.html","title":"NG-Imm Client HIV Status VS","generation":"generated"},{"extension":[{"url":"http://hl7.org/fhir/tools/StructureDefinition/ig-page-name","valueUrl":"ValueSet-nigeria-pregnancy-status.html"}],"nameUrl":"ValueSet-nigeria-pregnancy-status.html","title":"NG-Imm Client Preganancy Status VS","generation":"generated"},{"extension":[{"url":"http://hl7.org/fhir/tools/StructureDefinition/ig-page-name","valueUrl":"ValueSet-nigeria-clinical-status.html"}],"nameUrl":"ValueSet-nigeria-clinical-status.html","title":"NG-Imm Clinical Status VS","generation":"generated"},{"extension":[{"url":"http://hl7.org/fhir/tools/StructureDefinition/ig-page-name","valueUrl":"ValueSet-nigeria-gender.html"}],"nameUrl":"ValueSet-nigeria-gender.html","title":"NG-Imm Gender or Sex VS","generation":"generated"},{"extension":[{"url":"http://hl7.org/fhir/tools/StructureDefinition/ig-page-name","valueUrl":"ValueSet-nigeria-facility-types.html"}],"nameUrl":"ValueSet-nigeria-facility-types.html","title":"NG-Imm HealthFacility Type VS","generation":"generated"},{"extension":[{"url":"http://hl7.org/fhir/tools/StructureDefinition/ig-page-name","valueUrl":"ValueSet-nigeria-languages.html"}],"nameUrl":"ValueSet-nigeria-languages.html","title":"NG-Imm Languages VS","generation":"generated"},{"extension":[{"url":"http://hl7.org/fhir/tools/StructureDefinition/ig-page-name","valueUrl":"ValueSet-nigeria-lgas.html"}],"nameUrl":"ValueSet-nigeria-lgas.html","title":"NG-Imm LGAs VS","generation":"generated"},{"extension":[{"url":"http://hl7.org/fhir/tools/StructureDefinition/ig-page-name","valueUrl":"ValueSet-nigeria-location-owner.html"}],"nameUrl":"ValueSet-nigeria-location-owner.html","title":"NG-Imm Location Owner","generation":"generated"},{"extension":[{"url":"http://hl7.org/fhir/tools/StructureDefinition/ig-page-name","valueUrl":"ValueSet-nigeria-relationship.html"}],"nameUrl":"ValueSet-nigeria-relationship.html","title":"NG-Imm Relationships VS","generation":"generated"},{"extension":[{"url":"http://hl7.org/fhir/tools/StructureDefinition/ig-page-name","valueUrl":"ValueSet-nigeria-session-type.html"}],"nameUrl":"ValueSet-nigeria-session-type.html","title":"NG-Imm Session Type VS","generation":"generated"},{"extension":[{"url":"http://hl7.org/fhir/tools/StructureDefinition/ig-page-name","valueUrl":"ValueSet-nigeria-sibling-health-status.html"}],"nameUrl":"ValueSet-nigeria-sibling-health-status.html","title":"NG-Imm Sibling Health Status VS","generation":"generated"},{"extension":[{"url":"http://hl7.org/fhir/tools/StructureDefinition/ig-page-name","valueUrl":"ValueSet-nigeria-states.html"}],"nameUrl":"ValueSet-nigeria-states.html","title":"NG-Imm States VS","generation":"generated"},{"extension":[{"url":"http://hl7.org/fhir/tools/StructureDefinition/ig-page-name","valueUrl":"ValueSet-nigeria-vaccine-contraindication.html"}],"nameUrl":"ValueSet-nigeria-vaccine-contraindication.html","title":"NG-Imm Vaccine Contraindication VS","generation":"generated"},{"extension":[{"url":"http://hl7.org/fhir/tools/StructureDefinition/ig-page-name","valueUrl":"ValueSet-nigeria-vaccine-library.html"}],"nameUrl":"ValueSet-nigeria-vaccine-library.html","title":"NG-Imm VaccineLibrary VS","generation":"generated"},{"extension":[{"url":"http://hl7.org/fhir/tools/StructureDefinition/ig-page-name","valueUrl":"ValueSet-nigeria-wards.html"}],"nameUrl":"ValueSet-nigeria-wards.html","title":"NG-Imm Wards VS","generation":"generated"},{"extension":[{"url":"http://hl7.org/fhir/tools/StructureDefinition/ig-page-name","valueUrl":"CodeSystem-nigeria-wards.html"}],"nameUrl":"CodeSystem-nigeria-wards.html","title":"NG-Imm Administrative Wards CS","generation":"generated"},{"extension":[{"url":"http://hl7.org/fhir/tools/StructureDefinition/ig-page-name","valueUrl":"CodeSystem-nigeria-clinical-status.html"}],"nameUrl":"CodeSystem-nigeria-clinical-status.html","title":"NG-Imm Adverse Event Clinical Status CS","generation":"generated"},{"extension":[{"url":"http://hl7.org/fhir/tools/StructureDefinition/ig-page-name","valueUrl":"CodeSystem-nigeria-hiv-status.html"}],"nameUrl":"CodeSystem-nigeria-hiv-status.html","title":"NG-Imm Client HIV status CS","generation":"generated"},{"extension":[{"url":"http://hl7.org/fhir/tools/StructureDefinition/ig-page-name","valueUrl":"CodeSystem-nigeria-pregnancy-status.html"}],"nameUrl":"CodeSystem-nigeria-pregnancy-status.html","title":"NG-Imm Client Pregnancy status CS","generation":"generated"},{"extension":[{"url":"http://hl7.org/fhir/tools/StructureDefinition/ig-page-name","valueUrl":"CodeSystem-nigeria-facility-type.html"}],"nameUrl":"CodeSystem-nigeria-facility-type.html","title":"NG-Imm Facility Type CS","generation":"generated"},{"extension":[{"url":"http://hl7.org/fhir/tools/StructureDefinition/ig-page-name","valueUrl":"CodeSystem-nigeria-gender.html"}],"nameUrl":"CodeSystem-nigeria-gender.html","title":"NG-Imm Gender CS","generation":"generated"},{"extension":[{"url":"http://hl7.org/fhir/tools/StructureDefinition/ig-page-name","valueUrl":"CodeSystem-nigeria-immunization-session-type.html"}],"nameUrl":"CodeSystem-nigeria-immunization-session-type.html","title":"NG-Imm Immunization Session types CS","generation":"generated"},{"extension":[{"url":"http://hl7.org/fhir/tools/StructureDefinition/ig-page-name","valueUrl":"CodeSystem-nigeria-lgas.html"}],"nameUrl":"CodeSystem-nigeria-lgas.html","title":"NG-Imm LGAs in Nigeria CS","generation":"generated"},{"extension":[{"url":"http://hl7.org/fhir/tools/StructureDefinition/ig-page-name","valueUrl":"CodeSystem-nigeria-location-owner-cs.html"}],"nameUrl":"CodeSystem-nigeria-location-owner-cs.html","title":"NG-Imm Location Owner CS","generation":"generated"},{"extension":[{"url":"http://hl7.org/fhir/tools/StructureDefinition/ig-page-name","valueUrl":"CodeSystem-nigeria-relationship.html"}],"nameUrl":"CodeSystem-nigeria-relationship.html","title":"NG-Imm Relationships CS","generation":"generated"},{"extension":[{"url":"http://hl7.org/fhir/tools/StructureDefinition/ig-page-name","valueUrl":"CodeSystem-nigeria-sibling-health-status.html"}],"nameUrl":"CodeSystem-nigeria-sibling-health-status.html","title":"NG-Imm Sibling Health Status CS","generation":"generated"},{"extension":[{"url":"http://hl7.org/fhir/tools/StructureDefinition/ig-page-name","valueUrl":"CodeSystem-nigeria-states.html"}],"nameUrl":"CodeSystem-nigeria-states.html","title":"NG-Imm States in Nigeria CS","generation":"generated"},{"extension":[{"url":"http://hl7.org/fhir/tools/StructureDefinition/ig-page-name","valueUrl":"CodeSystem-NGStockReportCS.html"}],"nameUrl":"CodeSystem-NGStockReportCS.html","title":"NG-Imm Stock Management Data Elements CS","generation":"generated"},{"extension":[{"url":"http://hl7.org/fhir/tools/StructureDefinition/ig-page-name","valueUrl":"CodeSystem-nigeria-immunization-contraindication.html"}],"nameUrl":"CodeSystem-nigeria-immunization-contraindication.html","title":"NG-Imm Vaccine contraindications CS","generation":"generated"},{"extension":[{"url":"http://hl7.org/fhir/tools/StructureDefinition/ig-page-name","valueUrl":"CodeSystem-nigeria-vaccine-library.html"}],"nameUrl":"CodeSystem-nigeria-vaccine-library.html","title":"NG-Imm Vaccine Library with SNOMED CT codes","generation":"generated"},{"extension":[{"url":"http://hl7.org/fhir/tools/StructureDefinition/ig-page-name","valueUrl":"CodeSystem-nigeria-languages.html"}],"nameUrl":"CodeSystem-nigeria-languages.html","title":"NG‑Imm Languages in Nigeria CS","generation":"generated"},{"extension":[{"url":"http://hl7.org/fhir/tools/StructureDefinition/ig-page-name","valueUrl":"StructureMap-adminvaccine-to-immunization.html"}],"nameUrl":"StructureMap-adminvaccine-to-immunization.html","title":"StructureMap: AdministerVaccine to FHIR Resources","generation":"generated"},{"extension":[{"url":"http://hl7.org/fhir/tools/StructureDefinition/ig-page-name","valueUrl":"StructureMap-defaultertracking-to-immunization.html"}],"nameUrl":"StructureMap-defaultertracking-to-immunization.html","title":"StructureMap: DefaulterTracking to Immunization and related profiles","generation":"generated"},{"extension":[{"url":"http://hl7.org/fhir/tools/StructureDefinition/ig-page-name","valueUrl":"StructureMap-manageaefi-to-ngimm-aefi-profiles.html"}],"nameUrl":"StructureMap-manageaefi-to-ngimm-aefi-profiles.html","title":"StructureMap: ManageAEFI to AllergyIntolerance, Encounter, Practitioner, and Patient","generation":"generated"},{"extension":[{"url":"http://hl7.org/fhir/tools/StructureDefinition/ig-page-name","valueUrl":"StructureMap-registerclientmodel-to-ngimmpatient.html"}],"nameUrl":"StructureMap-registerclientmodel-to-ngimmpatient.html","title":"StructureMap: RegisterClientModel to NgImmPatient","generation":"generated"},{"extension":[{"url":"http://hl7.org/fhir/tools/StructureDefinition/ig-page-name","valueUrl":"StructureMap-registerfacilitymodel-to-ngimmorganization-location.html"}],"nameUrl":"StructureMap-registerfacilitymodel-to-ngimmorganization-location.html","title":"StructureMap: RegisterFacilityModel to NgImmOrganization and NgImmLocation","generation":"generated"},{"extension":[{"url":"http://hl7.org/fhir/tools/StructureDefinition/ig-page-name","valueUrl":"StructureMap-reportgeneration-to-measurereport.html"}],"nameUrl":"StructureMap-reportgeneration-to-measurereport.html","title":"StructureMap: ReportGeneration to MeasureReport and Related Profiles","generation":"generated"},{"extension":[{"url":"http://hl7.org/fhir/tools/StructureDefinition/ig-page-name","valueUrl":"Binary-AEFI-Case-Report-202503.html"}],"nameUrl":"Binary-AEFI-Case-Report-202503.html","title":"NG-Imm Example AEFI case report","generation":"generated"},{"extension":[{"url":"http://hl7.org/fhir/tools/StructureDefinition/ig-page-name","valueUrl":"AllergyIntolerance-FullExampleNgAllergyIntolerance.html"}],"nameUrl":"AllergyIntolerance-FullExampleNgAllergyIntolerance.html","title":"NG-Imm Example AllergyIntolerance","generation":"generated"},{"extension":[{"url":"http://hl7.org/fhir/tools/StructureDefinition/ig-page-name","valueUrl":"Immunization-ExampleNgImmImmunizationCompleted.html"}],"nameUrl":"Immunization-ExampleNgImmImmunizationCompleted.html","title":"NG-Imm Example BCG Immunization","generation":"generated"},{"extension":[{"url":"http://hl7.org/fhir/tools/StructureDefinition/ig-page-name","valueUrl":"Patient-FullExampleNgImmPatient.html"}],"nameUrl":"Patient-FullExampleNgImmPatient.html","title":"NG-Imm Example Full Immunization Patient","generation":"generated"},{"extension":[{"url":"http://hl7.org/fhir/tools/StructureDefinition/ig-page-name","valueUrl":"MeasureReport-ExampleNgImmMeasureReport.html"}],"nameUrl":"MeasureReport-ExampleNgImmMeasureReport.html","title":"NG-Imm Example MeasureReport Monthly Immunization Coverage","generation":"generated"},{"extension":[{"url":"http://hl7.org/fhir/tools/StructureDefinition/ig-page-name","valueUrl":"Organization-NgImmExampleOrganization.html"}],"nameUrl":"Organization-NgImmExampleOrganization.html","title":"NG-Imm Example Organization","generation":"generated"},{"extension":[{"url":"http://hl7.org/fhir/tools/StructureDefinition/ig-page-name","valueUrl":"Organization-organization-example.html"}],"nameUrl":"Organization-organization-example.html","title":"NG-Imm Example Organization","generation":"generated"},{"extension":[{"url":"http://hl7.org/fhir/tools/StructureDefinition/ig-page-name","valueUrl":"Patient-ExampleNgImmPatient.html"}],"nameUrl":"Patient-ExampleNgImmPatient.html","title":"NG-Imm Example Patient","generation":"generated"},{"extension":[{"url":"http://hl7.org/fhir/tools/StructureDefinition/ig-page-name","valueUrl":"Patient-ExampleNgPatientAdminWard.html"}],"nameUrl":"Patient-ExampleNgPatientAdminWard.html","title":"NG-Imm Example Patient with Ward data","generation":"generated"},{"extension":[{"url":"http://hl7.org/fhir/tools/StructureDefinition/ig-page-name","valueUrl":"Practitioner-ng-practitioner-example.html"}],"nameUrl":"Practitioner-ng-practitioner-example.html","title":"NG-Imm Example Practitioner","generation":"generated"},{"extension":[{"url":"http://hl7.org/fhir/tools/StructureDefinition/ig-page-name","valueUrl":"RelatedPerson-Sister2.html"}],"nameUrl":"RelatedPerson-Sister2.html","title":"NG-Imm Example Sibling","generation":"generated"},{"extension":[{"url":"http://hl7.org/fhir/tools/StructureDefinition/ig-page-name","valueUrl":"RelatedPerson-Child1.html"}],"nameUrl":"RelatedPerson-Child1.html","title":"NG-Imm Example Sibling - Mother's Other Child","generation":"generated"},{"extension":[{"url":"http://hl7.org/fhir/tools/StructureDefinition/ig-page-name","valueUrl":"Binary-Vaccine-Stock-Report-202503.html"}],"nameUrl":"Binary-Vaccine-Stock-Report-202503.html","title":"NG-Imm Example Stock report","generation":"generated"},{"extension":[{"url":"http://hl7.org/fhir/tools/StructureDefinition/ig-page-name","valueUrl":"Binary-RoutineImmunizationReport.html"}],"nameUrl":"Binary-RoutineImmunizationReport.html","title":"NG-Imm Routine Immunization Report - Facility A","generation":"generated"},{"extension":[{"url":"http://hl7.org/fhir/tools/StructureDefinition/ig-page-name","valueUrl":"Immunization-ExampleNgImmImmunizationNotDone.html"}],"nameUrl":"Immunization-ExampleNgImmImmunizationNotDone.html","title":"NG-Imm Scheduled Pentavalent Immunization Not Done Due to Fever","generation":"generated"},{"extension":[{"url":"http://hl7.org/fhir/tools/StructureDefinition/ig-page-name","valueUrl":"AllergyIntolerance-NgImmExampleAllergyIntolerance.html"}],"nameUrl":"AllergyIntolerance-NgImmExampleAllergyIntolerance.html","title":"NGImm Example AllergyIntolerance","generation":"generated"},{"extension":[{"url":"http://hl7.org/fhir/tools/StructureDefinition/ig-page-name","valueUrl":"Bundle-NgImmExampleBundle.html"}],"nameUrl":"Bundle-NgImmExampleBundle.html","title":"NGImm Example Immunization Bundle","generation":"generated"},{"extension":[{"url":"http://hl7.org/fhir/tools/StructureDefinition/ig-page-name","valueUrl":"Immunization-NgImmExampleImmunization.html"}],"nameUrl":"Immunization-NgImmExampleImmunization.html","title":"NGImm Example Immunization Record","generation":"generated"},{"extension":[{"url":"http://hl7.org/fhir/tools/StructureDefinition/ig-page-name","valueUrl":"Location-location-example.html"}],"nameUrl":"Location-location-example.html","title":"NGImm Example Location","generation":"generated"},{"extension":[{"url":"http://hl7.org/fhir/tools/StructureDefinition/ig-page-name","valueUrl":"Patient-NgImmExamplePatient.html"}],"nameUrl":"Patient-NgImmExamplePatient.html","title":"NGImm Example Patient used in Bundle","generation":"generated"},{"extension":[{"url":"http://hl7.org/fhir/tools/StructureDefinition/ig-page-name","valueUrl":"RelatedPerson-NgImmExampleSiblingRelatedPerson.html"}],"nameUrl":"RelatedPerson-NgImmExampleSiblingRelatedPerson.html","title":"NGImm Example Sibling used in bundle","generation":"generated"}]}]},"parameter":[{"code":"path-resource","value":"input/capabilities"},{"code":"path-resource","value":"input/examples"},{"code":"path-resource","value":"input/extensions"},{"code":"path-resource","value":"input/models"},{"code":"path-resource","value":"input/operations"},{"code":"path-resource","value":"input/profiles"},{"code":"path-resource","value":"input/resources"},{"code":"path-resource","value":"input/vocabulary"},{"code":"path-resource","value":"input/maps"},{"code":"path-resource","value":"input/testing"},{"code":"path-resource","value":"input/history"},{"code":"path-resource","value":"fsh-generated/resources"},{"code":"path-pages","value":"template/config"},{"code":"path-pages","value":"input/images"},{"code":"path-tx-cache","value":"input-cache/txcache"}]}}