{"resourceType":"SearchParameter","id":"NgImmBundleSearchByLastUpdated","text":{"status":"generated","div":"<div xmlns=\"http://www.w3.org/1999/xhtml\"><p class=\"res-header-id\"><b>Generated Narrative: SearchParameter NgImmBundleSearchByLastUpdated</b></p><a name=\"NgImmBundleSearchByLastUpdated\"> </a><a name=\"hcNgImmBundleSearchByLastUpdated\"> </a><h2>searchBundleByLastUpdated</h2><p>Parameter <code>_lastUpdated</code>:<code>date</code></p><div><p>Search for bundles that were last updated on or after a given date</p>\n</div><table class=\"grid\"><tr><td>Resource</td><td><a href=\"http://hl7.org/fhir/R4/bundle.html\">Bundle</a></td></tr><tr><td>Expression</td><td><code>Bundle.meta.lastUpdated</code></td></tr><tr><td>Multiples</td><td><ul><li>multipleAnd: It's up to the server whether the parameter may repeat in order to specify multiple values that must all be true</li><li>multipleOr: It's up to the server whether the parameter can have multiple values (separated by comma) where at least one must be true</li></ul></td></tr></table></div>"},"url":"https://nphcda.gov.ng/immunizationIG/SearchParameter/NgImmBundleSearchByLastUpdated","version":"0.5.0","name":"searchBundleByLastUpdated","status":"active","date":"2025-07-04T19:33:02+01:00","publisher":"https://nphcda.gov.ng","contact":[{"name":"https://nphcda.gov.ng","telecom":[{"system":"url","value":"https://nphcda.gov.ng"}]},{"name":"Nigeria Primary Healthcare Development Agency.","telecom":[{"system":"email","value":"ig@nphcda.gov.ng","use":"work"}]}],"description":"Search for bundles that were last updated on or after a given date","jurisdiction":[{"coding":[{"system":"urn:iso:std:iso:3166","code":"NG","display":"Nigeria"}]}],"code":"_lastUpdated","base":["Bundle"],"type":"date","expression":"Bundle.meta.lastUpdated"}