{"resourceType":"SearchParameter","id":"SearchParameter-ngimm-city","text":{"status":"generated","div":"<div xmlns=\"http://www.w3.org/1999/xhtml\"><p class=\"res-header-id\"><b>Generated Narrative: SearchParameter SearchParameter-ngimm-city</b></p><a name=\"SearchParameter-ngimm-city\"> </a><a name=\"hcSearchParameter-ngimm-city\"> </a><h2>city</h2><p>Parameter <code>city</code>:<code>token</code></p><div><p>Search patient records by city, town or settlement</p>\n</div><table class=\"grid\"><tr><td>Resource</td><td><a href=\"http://hl7.org/fhir/R4/patient.html\">Patient</a></td></tr><tr><td>Expression</td><td><code>Patient.city</code></td></tr><tr><td>Multiples</td><td><ul><li>multipleAnd: It's up to the server whether the parameter may repeat in order to specify multiple values that must all be true</li><li>multipleOr: It's up to the server whether the parameter can have multiple values (separated by comma) where at least one must be true</li></ul></td></tr></table></div>"},"url":"https://nphcda.gov.ng/immunizationIG/SearchParameter/SearchParameter-ngimm-city","version":"0.5.0","name":"city","status":"active","date":"2025-07-17T18:57:38+01:00","publisher":"https://nphcda.gov.ng","contact":[{"name":"https://nphcda.gov.ng","telecom":[{"system":"url","value":"https://nphcda.gov.ng"}]},{"name":"Nigeria Primary Healthcare Development Agency.","telecom":[{"system":"email","value":"ig@nphcda.gov.ng","use":"work"}]}],"description":"Search patient records by city, town or settlement","jurisdiction":[{"coding":[{"system":"urn:iso:std:iso:3166","code":"NG","display":"Nigeria"}]}],"code":"city","base":["Patient"],"type":"token","expression":"Patient.city"}