{"resourceType":"SearchParameter","id":"SearchParameter-ngimm-telecom","text":{"status":"generated","div":"<div xmlns=\"http://www.w3.org/1999/xhtml\"><p class=\"res-header-id\"><b>Generated Narrative: SearchParameter SearchParameter-ngimm-telecom</b></p><a name=\"SearchParameter-ngimm-telecom\"> </a><a name=\"hcSearchParameter-ngimm-telecom\"> </a><h2>telecom</h2><p>Parameter <code>telecom</code>:<code>token</code></p><div><p>Search patient record by phone number or email address</p>\n</div><table class=\"grid\"><tr><td>Resource</td><td><a href=\"http://hl7.org/fhir/R4/patient.html\">Patient</a></td></tr><tr><td>Expression</td><td><code>Patient.telecom</code></td></tr><tr><td>Multiples</td><td><ul><li>multipleAnd: It's up to the server whether the parameter may repeat in order to specify multiple values that must all be true</li><li>multipleOr: It's up to the server whether the parameter can have multiple values (separated by comma) where at least one must be true</li></ul></td></tr></table></div>"},"url":"https://nphcda.gov.ng/immunizationIG/SearchParameter/SearchParameter-ngimm-telecom","version":"0.4.0","name":"telecom","status":"active","date":"2025-07-03T13:36:09+01:00","publisher":"https://nphcda.gov.ng","contact":[{"name":"https://nphcda.gov.ng","telecom":[{"system":"url","value":"https://nphcda.gov.ng"}]},{"name":"Nigeria Primary Healthcare Development Agency.","telecom":[{"system":"email","value":"ig@nphcda.gov.ng","use":"work"}]}],"description":"Search patient record by phone number or email address","jurisdiction":[{"coding":[{"system":"urn:iso:std:iso:3166","code":"NG","display":"Nigeria"}]}],"code":"telecom","base":["Patient"],"type":"token","expression":"Patient.telecom"}