{"resourceType":"SearchParameter","id":"NgImmBundleSearchByState","text":{"status":"generated","div":"<div xmlns=\"http://www.w3.org/1999/xhtml\"><p class=\"res-header-id\"><b>Generated Narrative: SearchParameter NgImmBundleSearchByState</b></p><a name=\"NgImmBundleSearchByState\"> </a><a name=\"hcNgImmBundleSearchByState\"> </a><h2>searchBundleByPatientState</h2><p>Parameter <code>patient-address-state</code>:<code>token</code></p><div><p>Search for a bundle based on Patient address.state</p>\n</div><table class=\"grid\"><tr><td>Resource</td><td><a href=\"http://hl7.org/fhir/R4/bundle.html\">Bundle</a></td></tr><tr><td>Expression</td><td><code>Bundle.entry.resource.ofType(Patient).address.state</code></td></tr><tr><td>Multiples</td><td><ul><li>multipleAnd: It's up to the server whether the parameter may repeat in order to specify multiple values that must all be true</li><li>multipleOr: It's up to the server whether the parameter can have multiple values (separated by comma) where at least one must be true</li></ul></td></tr></table></div>"},"url":"https://nphcda.gov.ng/immunizationIG/SearchParameter/NgImmBundleSearchByState","version":"0.5.0","name":"searchBundleByPatientState","status":"active","date":"2025-07-04T19:33:02+01:00","publisher":"https://nphcda.gov.ng","contact":[{"name":"https://nphcda.gov.ng","telecom":[{"system":"url","value":"https://nphcda.gov.ng"}]},{"name":"Nigeria Primary Healthcare Development Agency.","telecom":[{"system":"email","value":"ig@nphcda.gov.ng","use":"work"}]}],"description":"Search for a bundle based on Patient address.state","jurisdiction":[{"coding":[{"system":"urn:iso:std:iso:3166","code":"NG","display":"Nigeria"}]}],"code":"patient-address-state","base":["Bundle"],"type":"token","expression":"Bundle.entry.resource.ofType(Patient).address.state"}