{"resourceType":"ValueSet","id":"nigeria-hiv-status","text":{"status":"generated","div":"<div xmlns=\"http://www.w3.org/1999/xhtml\"><p class=\"res-header-id\"><b>Generated Narrative: ValueSet nigeria-hiv-status</b></p><a name=\"nigeria-hiv-status\"> </a><a name=\"hcnigeria-hiv-status\"> </a><ul><li>Include all codes defined in <a href=\"CodeSystem-nigeria-hiv-status.html\"><code>https://nphcda.gov.ng/immunizationIG/CodeSystem/nigeria-hiv-status</code></a></li></ul></div>"},"url":"https://nphcda.gov.ng/immunizationIG/ValueSet/nigeria-hiv-status","version":"0.4.0","name":"NGHivStatusVS","title":"NG-Imm Client HIV Status VS","status":"active","date":"2025-07-04T07:50:29+01:00","publisher":"https://nphcda.gov.ng","contact":[{"name":"https://nphcda.gov.ng","telecom":[{"system":"url","value":"https://nphcda.gov.ng"}]},{"name":"Nigeria Primary Healthcare Development Agency.","telecom":[{"system":"email","value":"ig@nphcda.gov.ng","use":"work"}]}],"description":"Client HIV Status","jurisdiction":[{"coding":[{"system":"urn:iso:std:iso:3166","code":"NG","display":"Nigeria"}]}],"compose":{"include":[{"system":"https://nphcda.gov.ng/immunizationIG/CodeSystem/nigeria-hiv-status"}]}}