{"resourceType":"ValueSet","id":"nigeria-session-type","text":{"status":"generated","div":"<div xmlns=\"http://www.w3.org/1999/xhtml\"><p class=\"res-header-id\"><b>Generated Narrative: ValueSet nigeria-session-type</b></p><a name=\"nigeria-session-type\"> </a><a name=\"hcnigeria-session-type\"> </a><ul><li>Include all codes defined in <a href=\"CodeSystem-nigeria-immunization-session-type.html\"><code>https://nphcda.gov.ng/immunizationIG/CodeSystem/nigeria-immunization-session-type</code></a></li></ul></div>"},"url":"https://nphcda.gov.ng/immunizationIG/ValueSet/nigeria-session-type","version":"0.5.0","name":"NGSessionTypeVS","title":"NG-Imm Session Type VS","status":"active","date":"2025-08-03T02:35:31+01:00","publisher":"https://nphcda.gov.ng","contact":[{"name":"https://nphcda.gov.ng","telecom":[{"system":"url","value":"https://nphcda.gov.ng"}]},{"name":"Nigeria Primary Healthcare Development Agency.","telecom":[{"system":"email","value":"ig@nphcda.gov.ng","use":"work"}]}],"description":"Type of session for immunization. Could be in a fixed facility, outreach or mobile.","jurisdiction":[{"coding":[{"system":"urn:iso:std:iso:3166","code":"NG","display":"Nigeria"}]}],"compose":{"include":[{"system":"https://nphcda.gov.ng/immunizationIG/CodeSystem/nigeria-immunization-session-type"}]}}