{"resourceType":"ValueSet","id":"nigeria-verifiction-status","text":{"status":"generated","div":"<div xmlns=\"http://www.w3.org/1999/xhtml\"><p class=\"res-header-id\"><b>Generated Narrative: ValueSet nigeria-verifiction-status</b></p><a name=\"nigeria-verifiction-status\"> </a><a name=\"hcnigeria-verifiction-status\"> </a><ul><li>Include all codes defined in <code>http://hl7.org/fhir/ValueSet/allergyintolerance-verification</code></li></ul></div>"},"url":"http://hl7.org/fhir/ValueSet/allergyintolerance-verification","version":"0.4.0","name":"NGVerificationStatusVS","title":"NG-Imm AEFI Verification Status VS","status":"active","date":"2025-06-30T08:07:26+01:00","publisher":"https://nphcda.gov.ng","contact":[{"name":"https://nphcda.gov.ng","telecom":[{"system":"url","value":"https://nphcda.gov.ng"}]},{"name":"Nigeria Primary Healthcare Development Agency.","telecom":[{"system":"email","value":"ig@nphcda.gov.ng","use":"work"}]}],"description":"AEFI Verification Status","jurisdiction":[{"coding":[{"system":"urn:iso:std:iso:3166","code":"NG","display":"Nigeria"}]}],"compose":{"include":[{"system":"http://hl7.org/fhir/ValueSet/allergyintolerance-verification"}]}}