{"resourceType":"ValueSet","id":"nigeria-lgas","text":{"status":"generated","div":"<div xmlns=\"http://www.w3.org/1999/xhtml\"><p class=\"res-header-id\"><b>Generated Narrative: ValueSet nigeria-lgas</b></p><a name=\"nigeria-lgas\"> </a><a name=\"hcnigeria-lgas\"> </a><ul><li>Include all codes defined in <a href=\"CodeSystem-nigeria-lgas.html\"><code>http://nphcda.gov.ng/ig/fhir/CodeSystem/ng-lgas</code></a></li></ul></div>"},"url":"http://nphcda.gov.ng/ig/fhir/ValueSet/ng-lgas","version":"0.4.0","name":"NGLGAsVS","title":"NG-Imm LGAs VS","status":"active","date":"2025-06-24T09:13:37+01:00","publisher":"https://nphcda.gov.ng","contact":[{"name":"https://nphcda.gov.ng","telecom":[{"system":"url","value":"https://nphcda.gov.ng"}]},{"name":"Nigeria Primary Healthcare Development Agency.","telecom":[{"system":"email","value":"ig@nphcda.gov.ng","use":"work"}]}],"description":"The administrative Local Government Aread where a person or a facility is.","jurisdiction":[{"coding":[{"system":"urn:iso:std:iso:3166","code":"NG","display":"Nigeria"}]}],"compose":{"include":[{"system":"http://nphcda.gov.ng/ig/fhir/CodeSystem/ng-lgas"}]}}