{"resourceType":"ValueSet","id":"nigeria-wards","text":{"status":"generated","div":"<div xmlns=\"http://www.w3.org/1999/xhtml\"><p class=\"res-header-id\"><b>Generated Narrative: ValueSet nigeria-wards</b></p><a name=\"nigeria-wards\"> </a><a name=\"hcnigeria-wards\"> </a><ul><li>Include all codes defined in <a href=\"CodeSystem-nigeria-wards.html\"><code>https://nphcda.gov.ng/immunizationIG/CodeSystem/nigeria-wards</code></a></li></ul></div>"},"url":"https://nphcda.gov.ng/immunizationIG/ValueSet/nigeria-wards","version":"0.5.0","name":"NGWardsVS","title":"NG-Imm Wards VS","status":"active","date":"2025-07-04T19:33:02+01:00","publisher":"https://nphcda.gov.ng","contact":[{"name":"https://nphcda.gov.ng","telecom":[{"system":"url","value":"https://nphcda.gov.ng"}]},{"name":"Nigeria Primary Healthcare Development Agency.","telecom":[{"system":"email","value":"ig@nphcda.gov.ng","use":"work"}]}],"description":"The administrative Ward (within an LGA) where a person or a facility is.","jurisdiction":[{"coding":[{"system":"urn:iso:std:iso:3166","code":"NG","display":"Nigeria"}]}],"compose":{"include":[{"system":"https://nphcda.gov.ng/immunizationIG/CodeSystem/nigeria-wards"}]}}