{"resourceType":"ValueSet","id":"nigeria-sibling-health-status","text":{"status":"generated","div":"<div xmlns=\"http://www.w3.org/1999/xhtml\"><p class=\"res-header-id\"><b>Generated Narrative: ValueSet nigeria-sibling-health-status</b></p><a name=\"nigeria-sibling-health-status\"> </a><a name=\"hcnigeria-sibling-health-status\"> </a><ul><li>Include all codes defined in <a href=\"CodeSystem-nigeria-sibling-health-status.html\"><code>https://nphcda.gov.ng/immunizationIG/CodeSystem/nigeria-sibling-health-status</code></a></li></ul></div>"},"url":"http://nphcda.gov.ng/ig/fhir/ValueSet/ng-sibling-health-status","version":"0.4.0","name":"NGSiblingHealthStatusVS","title":"NG-Imm Sibling Health Status VS","status":"active","date":"2025-07-03T11:54:34+01:00","publisher":"https://nphcda.gov.ng","contact":[{"name":"https://nphcda.gov.ng","telecom":[{"system":"url","value":"https://nphcda.gov.ng"}]},{"name":"Nigeria Primary Healthcare Development Agency.","telecom":[{"system":"email","value":"ig@nphcda.gov.ng","use":"work"}]}],"description":"This CodeSystem defines the health of the client's sibling","jurisdiction":[{"coding":[{"system":"urn:iso:std:iso:3166","code":"NG","display":"Nigeria"}]}],"compose":{"include":[{"system":"https://nphcda.gov.ng/immunizationIG/CodeSystem/nigeria-sibling-health-status"}]}}