{"resourceType":"ValueSet","id":"nigeria-lgas","text":{"status":"generated","div":"<div xmlns=\"http://www.w3.org/1999/xhtml\"><p class=\"res-header-id\"><b>Generated Narrative: ValueSet nigeria-lgas</b></p><a name=\"nigeria-lgas\"> </a><a name=\"hcnigeria-lgas\"> </a><ul><li>Include all codes defined in <a href=\"CodeSystem-nigeria-lgas.html\"><code>https://nphcda.gov.ng/immunizationIG/CodeSystem/nigeria-lgas</code></a></li></ul></div>"},"url":"https://nphcda.gov.ng/immunizationIG/ValueSet/nigeria-lgas","version":"0.5.0","name":"NGLGAsVS","title":"NG-Imm LGAs VS","status":"active","date":"2025-07-17T18:57:38+01:00","publisher":"https://nphcda.gov.ng","contact":[{"name":"https://nphcda.gov.ng","telecom":[{"system":"url","value":"https://nphcda.gov.ng"}]},{"name":"Nigeria Primary Healthcare Development Agency.","telecom":[{"system":"email","value":"ig@nphcda.gov.ng","use":"work"}]}],"description":"The administrative Local Government Areas where a person or a facility is.","jurisdiction":[{"coding":[{"system":"urn:iso:std:iso:3166","code":"NG","display":"Nigeria"}]}],"compose":{"include":[{"system":"https://nphcda.gov.ng/immunizationIG/CodeSystem/nigeria-lgas"}]}}