{"resourceType":"ValueSet","id":"nigeria-facility-types","text":{"status":"generated","div":"<div xmlns=\"http://www.w3.org/1999/xhtml\"><p class=\"res-header-id\"><b>Generated Narrative: ValueSet nigeria-facility-types</b></p><a name=\"nigeria-facility-types\"> </a><a name=\"hcnigeria-facility-types\"> </a><ul><li>Include all codes defined in <a href=\"CodeSystem-nigeria-facility-type.html\"><code>https://nphcda.gov.ng/immunizationIG/CodeSystem/nigeria-facility-type</code></a></li></ul></div>"},"url":"https://nphcda.gov.ng/immunizationIG/ValueSet/nigeria-facility-types","version":"0.5.0","name":"NGFacilityTypeVS","title":"NG-Imm HealthFacility Type VS","status":"active","date":"2025-07-17T18:57:38+01:00","publisher":"https://nphcda.gov.ng","contact":[{"name":"https://nphcda.gov.ng","telecom":[{"system":"url","value":"https://nphcda.gov.ng"}]},{"name":"Nigeria Primary Healthcare Development Agency.","telecom":[{"system":"email","value":"ig@nphcda.gov.ng","use":"work"}]}],"description":"Classification of Nigerian health facilities","jurisdiction":[{"coding":[{"system":"urn:iso:std:iso:3166","code":"NG","display":"Nigeria"}]}],"compose":{"include":[{"system":"https://nphcda.gov.ng/immunizationIG/CodeSystem/nigeria-facility-type"}]}}