{"resourceType":"ValueSet","id":"nigeria-clinical-status","text":{"status":"generated","div":"<div xmlns=\"http://www.w3.org/1999/xhtml\"><p class=\"res-header-id\"><b>Generated Narrative: ValueSet nigeria-clinical-status</b></p><a name=\"nigeria-clinical-status\"> </a><a name=\"hcnigeria-clinical-status\"> </a><ul><li>Include all codes defined in <a href=\"CodeSystem-nigeria-clinical-status.html\"><code>https://nphcda.gov.ng/immunizationIG/CodeSystem/nigeria-clinical-status</code></a></li></ul></div>"},"url":"https://nphcda.gov.ng/immunizationIG/ValueSet/nigeria-clinical-status","version":"0.5.0","name":"NGClinicalStatusVS","title":"NG-Imm Clinical Status VS","status":"active","date":"2025-07-04T19:33:02+01:00","publisher":"https://nphcda.gov.ng","contact":[{"name":"https://nphcda.gov.ng","telecom":[{"system":"url","value":"https://nphcda.gov.ng"}]},{"name":"Nigeria Primary Healthcare Development Agency.","telecom":[{"system":"email","value":"ig@nphcda.gov.ng","use":"work"}]}],"description":"The outcome of the reaction","jurisdiction":[{"coding":[{"system":"urn:iso:std:iso:3166","code":"NG","display":"Nigeria"}]}],"compose":{"include":[{"system":"https://nphcda.gov.ng/immunizationIG/CodeSystem/nigeria-clinical-status"}]}}