{"resourceType":"ValueSet","id":"nigeria-vaccine-library","text":{"status":"generated","div":"<div xmlns=\"http://www.w3.org/1999/xhtml\"><p class=\"res-header-id\"><b>Generated Narrative: ValueSet nigeria-vaccine-library</b></p><a name=\"nigeria-vaccine-library\"> </a><a name=\"hcnigeria-vaccine-library\"> </a><ul><li>Include all codes defined in <a href=\"CodeSystem-nigeria-vaccine-library.html\"><code>https://nphcda.gov.ng/immunizationIG/CodeSystem/nigeria-vaccine-library</code></a></li></ul></div>"},"url":"https://nphcda.gov.ng/immunizationIG/ValueSet/nigeria-vaccine-library","version":"0.5.0","name":"NGVaccineLibraryVS","title":"NG-Imm VaccineLibrary VS","status":"active","date":"2025-08-03T02:35:31+01:00","publisher":"https://nphcda.gov.ng","contact":[{"name":"https://nphcda.gov.ng","telecom":[{"system":"url","value":"https://nphcda.gov.ng"}]},{"name":"Nigeria Primary Healthcare Development Agency.","telecom":[{"system":"email","value":"ig@nphcda.gov.ng","use":"work"}]}],"description":"A curated list of vaccines recognized under Nigeria's national immunization program","jurisdiction":[{"coding":[{"system":"urn:iso:std:iso:3166","code":"NG","display":"Nigeria"}]}],"compose":{"include":[{"system":"https://nphcda.gov.ng/immunizationIG/CodeSystem/nigeria-vaccine-library"}]}}