{"resourceType":"ValueSet","id":"nigeria-relationship","text":{"status":"generated","div":"<div xmlns=\"http://www.w3.org/1999/xhtml\"><p class=\"res-header-id\"><b>Generated Narrative: ValueSet nigeria-relationship</b></p><a name=\"nigeria-relationship\"> </a><a name=\"hcnigeria-relationship\"> </a><ul><li>Include all codes defined in <a href=\"CodeSystem-nigeria-relationship.html\"><code>http://nphcda.gov.ng/ig/fhir/CodeSystem/ng-relationship</code></a></li></ul></div>"},"url":"http://nphcda.gov.ng/ig/fhir/ValueSet/ng-relationship","version":"0.4.0","name":"NGRelationshipsVS","title":"NG-Imm Relationships VS","status":"active","date":"2025-06-30T08:07:26+01:00","publisher":"https://nphcda.gov.ng","contact":[{"name":"https://nphcda.gov.ng","telecom":[{"system":"url","value":"https://nphcda.gov.ng"}]},{"name":"Nigeria Primary Healthcare Development Agency.","telecom":[{"system":"email","value":"ig@nphcda.gov.ng","use":"work"}]}],"description":"This CodeSystem defines list of persons related to a patient, but who is not a direct target of care.","jurisdiction":[{"coding":[{"system":"urn:iso:std:iso:3166","code":"NG","display":"Nigeria"}]}],"compose":{"include":[{"system":"http://nphcda.gov.ng/ig/fhir/CodeSystem/ng-relationship"}]}}