{"resourceType":"ValueSet","id":"nigeria-vaccine-route","text":{"status":"generated","div":"<div xmlns=\"http://www.w3.org/1999/xhtml\"><p class=\"res-header-id\"><b>Generated Narrative: ValueSet nigeria-vaccine-route</b></p><a name=\"nigeria-vaccine-route\"> </a><a name=\"hcnigeria-vaccine-route\"> </a><ul><li>Include all codes defined in <code>https://www.hl7.org/fhir/R4/ng-valueset-immunization-route</code></li></ul></div>"},"url":"http://nphcda.gov.ng/ig/fhir/ValueSet/ng-vaccine-route","version":"0.4.0","name":"NGImmunizationRouteVS","title":"NG-Imm Vaccine Route VS","status":"active","date":"2025-06-24T09:13:37+01:00","publisher":"https://nphcda.gov.ng","contact":[{"name":"https://nphcda.gov.ng","telecom":[{"system":"url","value":"https://nphcda.gov.ng"}]},{"name":"Nigeria Primary Healthcare Development Agency.","telecom":[{"system":"email","value":"ig@nphcda.gov.ng","use":"work"}]}],"description":"Vaccine Route","jurisdiction":[{"coding":[{"system":"urn:iso:std:iso:3166","code":"NG","display":"Nigeria"}]}],"compose":{"include":[{"system":"https://www.hl7.org/fhir/R4/ng-valueset-immunization-route"}]}}