{
  "resourceType" : "RelatedPerson",
  "id" : "Child1",
  "meta" : {
    "profile" : ["https://nphcda.gov.ng/immunizationIG/StructureDefinition/mother-other-children"]
  },
  "text" : {
    "status" : "generated",
    "div" : "<div xmlns=\"http://www.w3.org/1999/xhtml\"><p class=\"res-header-id\"><b>Generated Narrative: RelatedPerson Child1</b></p><a name=\"Child1\"> </a><a name=\"hcChild1\"> </a><div style=\"display: inline-block; background-color: #d9e0e7; padding: 6px; margin: 4px; border: 1px solid #8da1b4; border-radius: 5px; line-height: 60%\"><p style=\"margin-bottom: 0px\"/><p style=\"margin-bottom: 0px\">Profile: <a href=\"StructureDefinition-mother-other-children.html\">NG-Imm RelatedPerson</a></p></div><p><b>patient</b>: <code>NgImmPatient/ExampleNgImmPatient</code></p><p><b>relationship</b>: <span title=\"Codes:\">brother</span></p><p><b>name</b>: Segun </p><p><b>gender</b>: Male</p><p><b>birthDate</b>: 2015-01-01</p></div>"
  },
  "patient" : {
    "reference" : "NgImmPatient/ExampleNgImmPatient"
  },
  "relationship" : [{
    "text" : "brother"
  }],
  "name" : [{
    "given" : ["Segun"]
  }],
  "gender" : "male",
  "birthDate" : "2015-01-01"
}