{
  "resourceType" : "RelatedPerson",
  "id" : "NgImmExampleSiblingRelatedPerson",
  "meta" : {
    "profile" : ["https://nphcda.gov.ng/immunizationIG/StructureDefinition/mother-other-children"]
  },
  "text" : {
    "status" : "extensions",
    "div" : "<div xmlns=\"http://www.w3.org/1999/xhtml\"><p class=\"res-header-id\"><b>Generated Narrative: RelatedPerson NgImmExampleSiblingRelatedPerson</b></p><a name=\"NgImmExampleSiblingRelatedPerson\"> </a><a name=\"hcNgImmExampleSiblingRelatedPerson\"> </a><div style=\"display: inline-block; background-color: #d9e0e7; padding: 6px; margin: 4px; border: 1px solid #8da1b4; border-radius: 5px; line-height: 60%\"><p style=\"margin-bottom: 0px\"/><p style=\"margin-bottom: 0px\">Profile: <a href=\"StructureDefinition-mother-other-children.html\">NG-Imm RelatedPerson</a></p></div><p><b>NG-Imm Sibling's health status</b>: <span title=\"Codes:\">Healthy</span></p><p><b>patient</b>: <a href=\"Bundle-NgImmExampleBundle.html#urn-uuid-patient-001\">Bundle: type = collection</a></p><p><b>relationship</b>: <span title=\"Codes:\">brother</span></p><p><b>name</b>: Suleiman Ayodele Abdulraheem </p><p><b>gender</b>: Male</p><p><b>birthDate</b>: 2020-03-10</p></div>"
  },
  "extension" : [{
    "url" : "https://nphcda.gov.ng/immunizationIG/StructureDefinition/sibling-health-status",
    "valueCodeableConcept" : {
      "coding" : [{
        "code" : "healthy",
        "display" : "Healthy"
      }]
    }
  }],
  "patient" : {
    "reference" : "urn:uuid:patient-001"
  },
  "relationship" : [{
    "text" : "brother"
  }],
  "name" : [{
    "family" : "Abdulraheem",
    "given" : ["Suleiman",
    "Ayodele"]
  }],
  "gender" : "male",
  "birthDate" : "2020-03-10"
}